Modulation,FLL_BW,Costas_BW,SymSync_BW,PreambleSize,NoiseVolt,FreqOffset,TimeOffset,PDR,BER,MatchedPkts,TotalPkts,ElapsedSec
BPSK,0.0314,0.5,0.1353,32,0.0,0.0,1.0,40.0,0.3,4,10,0.05020475387573242
BPSK,0.01,0.0628,0.045,32,0.02,-0.03,1.0,80.0,0.005000000000000001,8,10,0.07617402076721191
BPSK,0.0314,0.1874,0.4479,32,0.0,0.0,1.0,0.0,0.5,0,10,0.08068037033081055
BPSK,0.01,0.03,0.045,32,0.02,-0.03,1.0,70.0,0.0075,7,10,0.06713128089904785
BPSK,0.0314,0.0628,0.045,24,0.2,0.005,1.0002,90.0,0.0025000000000000005,9,10,0.07533740997314453
QPSK,0.0314,0.2134,0.5,32,0.15,0.0,1.0,0.0,0.025,0,10,0.06819558143615723
QPSK,0.0314,0.0832,0.2655,32,0.0,0.0,1.0,80.0,0.1,8,10,0.06391239166259766
QPSK,0.0314,0.0628,0.025,16,0.1,0.005,1.0,90.0,0.0025000000000000005,9,10,0.055684804916381836
QPSK,0.08,0.03,0.045,32,0.02,0.015,1.0,0.0,0.025,0,10,0.062284231185913086
BPSK,0.0314,0.0628,0.045,16,0.2,0.005,0.9998,90.0,0.0025000000000000005,9,10,0.057607173919677734
QPSK,0.0314,0.0628,0.025,32,0.05,0.005,0.9998,90.0,0.0025000000000000005,9,10,0.06575775146484375
QPSK,0.0314,0.1613,0.2395,32,0.15,0.0,1.0,90.0,0.0025000000000000005,9,10,0.06229138374328613
QPSK,0.0314,0.0571,0.0311,32,0.0,0.0,1.0,90.0,0.0,9,10,0.05853629112243652
QPSK,0.0314,0.0571,0.5,32,0.0,0.0,1.0,0.0,0.5,0,10,0.08045649528503418
BPSK,0.0314,0.5,0.4739,32,0.0,0.0,1.0,0.0,0.5,0,10,0.058508872985839844
BPSK,0.0314,0.1613,0.0832,32,0.15,0.0,1.0,70.0,0.0075,7,10,0.06980395317077637
QPSK,0.0314,0.1,0.045,32,0.02,0.015,1.0,90.0,0.0025000000000000005,9,10,0.07254528999328613
BPSK,0.0314,0.2916,0.1874,32,0.0,0.0,1.0,70.0,0.15,7,10,0.06369543075561523
QPSK,0.0314,0.005,0.1353,32,0.15,0.0,1.0,0.0,0.025,0,10,0.08129549026489258
BPSK,0.0314,0.0628,0.045,64,0.0,0.005,1.0,70.0,0.15,7,10,0.06530904769897461
BPSK,0.0314,0.3697,0.4479,32,0.15,0.0,1.0,0.0,0.025,0,10,0.07017278671264648
QPSK,0.0314,0.0628,0.08,16,0.05,0.005,0.9998,90.0,0.0025000000000000005,9,10,0.054729461669921875
QPSK,0.0314,0.005,0.4739,32,0.15,0.0,1.0,0.0,0.025,0,10,0.07635164260864258
QPSK,0.0314,0.0628,0.045,32,0.05,0.005,1.0,90.0,0.0025000000000000005,9,10,0.059020042419433594
BPSK,0.0314,0.0628,0.045,32,0.2,0.005,1.0,90.0,0.0025000000000000005,9,10,0.07042407989501953
QPSK,0.0314,0.4739,0.005,32,0.15,0.0,1.0,60.0,0.010000000000000002,6,10,0.05578160285949707
BPSK,0.0314,0.3958,0.4739,32,0.0,0.0,1.0,0.0,0.5,0,10,0.0607905387878418
QPSK,0.0314,0.0628,0.045,24,0.1,0.005,1.0002,90.0,0.0025000000000000005,9,10,0.08192729949951172
BPSK,0.0314,0.4479,0.2916,32,0.15,0.0,1.0,0.0,0.025,0,10,0.053093910217285156
QPSK,0.0314,0.0628,0.045,48,0.35,0.005,0.9998,90.0,0.0025000000000000005,9,10,0.06979489326477051
QPSK,0.0314,0.3437,0.1613,32,0.0,0.0,1.0,90.0,0.0,9,10,0.05787777900695801
BPSK,0.0314,0.0628,0.08,64,0.0,0.005,0.9998,50.0,0.25,5,10,0.07481789588928223
QPSK,0.0314,0.2134,0.1613,32,0.0,0.0,1.0,90.0,0.0,9,10,0.05271434783935547
QPSK,0.0314,0.0628,0.045,64,0.35,0.005,1.0005,90.0,0.0025000000000000005,9,10,0.07085108757019043
BPSK,0.0314,0.3958,0.3437,32,0.15,0.0,1.0,0.0,0.025,0,10,0.08651971817016602
BPSK,0.0314,0.0628,0.045,24,0.2,0.005,0.9998,90.0,0.0025000000000000005,9,10,0.10520339012145996
BPSK,0.0314,0.2655,0.0311,32,0.15,0.0,1.0,90.0,0.0025000000000000005,9,10,0.057119131088256836
BPSK,0.0314,0.2655,0.5,32,0.15,0.0,1.0,0.0,0.025,0,10,0.08498764038085938
QPSK,0.05,0.0628,0.045,32,0.02,-0.015,1.0,90.0,0.0025000000000000005,9,10,0.05375790596008301
QPSK,0.0314,0.1874,0.2134,32,0.0,0.0,1.0,90.0,0.0,9,10,0.06798720359802246
QPSK,0.0314,0.3176,0.1092,32,0.15,0.0,1.0,90.0,0.0025000000000000005,9,10,0.07286620140075684
BPSK,0.0314,0.1613,0.1353,32,0.15,0.0,1.0,60.0,0.010000000000000002,6,10,0.06677722930908203
BPSK,0.0314,0.0628,0.045,64,0.1,0.005,0.9995,80.0,0.005000000000000001,8,10,0.06426739692687988
QPSK,0.0314,0.0628,0.045,16,0.1,0.005,0.9998,90.0,0.0025000000000000005,9,10,0.07372617721557617
QPSK,0.0314,0.0628,0.045,48,0.5,0.005,1.0002,90.0,0.0025000000000000005,9,10,0.06640505790710449
BPSK,0.0314,0.3176,0.3697,32,0.0,0.0,1.0,0.0,0.5,0,10,0.061821937561035156
QPSK,0.0314,0.4218,0.3437,32,0.15,0.0,1.0,70.0,0.0075,7,10,0.06408953666687012
QPSK,0.0314,0.5,0.1874,32,0.15,0.0,1.0,90.0,0.0025000000000000005,9,10,0.06938600540161133
QPSK,0.02,0.03,0.045,32,0.02,0.0,1.0,90.0,0.0025000000000000005,9,10,0.06389474868774414
QPSK,0.0314,0.3958,0.0311,32,0.15,0.0,1.0,90.0,0.0025000000000000005,9,10,0.06886744499206543
BPSK,0.0314,0.1092,0.4218,32,0.15,0.0,1.0,0.0,0.025,0,10,0.06481313705444336
QPSK,0.0314,0.0628,0.08,24,0.2,0.005,1.0,90.0,0.0025000000000000005,9,10,0.08489632606506348
BPSK,0.0314,0.0832,0.3697,32,0.15,0.0,1.0,0.0,0.025,0,10,0.06395649909973145
QPSK,0.0314,0.3437,0.2916,32,0.0,0.0,1.0,90.0,0.0,9,10,0.07011222839355469
BPSK,0.0314,0.0628,0.025,64,0.1,0.005,0.9995,70.0,0.0075,7,10,0.06540894508361816
BPSK,0.0314,0.0628,0.045,32,0.35,0.005,0.9998,90.0,0.0025000000000000005,9,10,0.07575774192810059
QPSK,0.0314,0.0628,0.025,16,0.05,0.005,0.9998,90.0,0.0025000000000000005,9,10,0.049236297607421875
QPSK,0.0314,0.2395,0.005,32,0.15,0.0,1.0,80.0,0.005000000000000001,8,10,0.0781867504119873
BPSK,0.0314,0.1092,0.0311,32,0.15,0.0,1.0,90.0,0.0025000000000000005,9,10,0.058823347091674805
BPSK,0.0314,0.0571,0.0311,32,0.15,0.0,1.0,90.0,0.0025000000000000005,9,10,0.07204484939575195
BPSK,0.0314,0.1613,0.3697,32,0.15,0.0,1.0,0.0,0.025,0,10,0.06311845779418945
BPSK,0.0314,0.3958,0.0571,32,0.15,0.0,1.0,90.0,0.0025000000000000005,9,10,0.07223963737487793
BPSK,0.0314,0.4218,0.4739,32,0.15,0.0,1.0,0.0,0.025,0,10,0.059274911880493164
BPSK,0.0314,0.0628,0.08,48,0.1,0.005,0.9995,70.0,0.0075,7,10,0.05834507942199707
QPSK,0.12,0.1,0.045,32,0.02,-0.03,1.0,90.0,0.0025000000000000005,9,10,0.0701286792755127
QPSK,0.0314,0.0628,0.08,32,0.1,0.005,0.9998,90.0,0.0025000000000000005,9,10,0.07056117057800293
QPSK,0.0314,0.0628,0.08,64,0.1,0.005,1.0,90.0,0.0025000000000000005,9,10,0.05732393264770508
BPSK,0.0314,0.2395,0.005,32,0.15,0.0,1.0,90.0,0.0025000000000000005,9,10,0.06755685806274414
QPSK,0.0314,0.0628,0.045,24,0.1,0.005,0.9998,90.0,0.0025000000000000005,9,10,0.10268139839172363
BPSK,0.0314,0.2395,0.0571,32,0.0,0.0,1.0,90.0,0.0,9,10,0.05962419509887695
BPSK,0.0314,0.0628,0.08,32,0.35,0.005,1.0,70.0,0.0075,7,10,0.0802462100982666
BPSK,0.05,0.0628,0.045,32,0.02,-0.03,1.0,90.0,0.0025000000000000005,9,10,0.06721687316894531
BPSK,0.0314,0.1874,0.2655,32,0.0,0.0,1.0,90.0,0.0,9,10,0.07207584381103516
BPSK,0.12,0.03,0.045,32,0.02,0.03,1.0,90.0,0.0025000000000000005,9,10,0.06723499298095703
QPSK,0.0314,0.0628,0.08,24,0.35,0.005,0.9998,90.0,0.0025000000000000005,9,10,0.05997347831726074
BPSK,0.0314,0.5,0.2655,32,0.0,0.0,1.0,90.0,0.0,9,10,0.059917449951171875
QPSK,0.0314,0.1,0.045,32,0.02,0.0,1.0,90.0,0.0025000000000000005,9,10,0.056525468826293945
QPSK,0.0314,0.0628,0.045,48,0.35,0.005,1.0002,90.0,0.0025000000000000005,9,10,0.07010817527770996
QPSK,0.0314,0.0628,0.045,24,0.0,0.005,1.0002,90.0,0.0,9,10,0.06647229194641113
BPSK,0.0314,0.03,0.045,32,0.02,0.03,1.0,90.0,0.0025000000000000005,9,10,0.07028579711914062
QPSK,0.0314,0.0628,0.025,64,0.0,0.005,0.9995,90.0,0.0,9,10,0.05234193801879883
BPSK,0.0314,0.4479,0.1092,32,0.15,0.0,1.0,70.0,0.0075,7,10,0.07397651672363281
QPSK,0.0314,0.2395,0.4739,32,0.0,0.0,1.0,0.0,0.5,0,10,0.06677675247192383
BPSK,0.0314,0.1092,0.005,32,0.0,0.0,1.0,90.0,0.0,9,10,0.08274555206298828
QPSK,0.0314,0.0628,0.045,64,0.2,0.005,0.9995,90.0,0.0025000000000000005,9,10,0.05889725685119629
QPSK,0.0314,0.0628,0.08,16,0.1,0.005,1.0,90.0,0.0025000000000000005,9,10,0.053510189056396484
QPSK,0.0314,0.0628,0.025,32,0.2,0.005,0.9998,90.0,0.0025000000000000005,9,10,0.07037806510925293
QPSK,0.0314,0.3697,0.1613,32,0.15,0.0,1.0,90.0,0.0025000000000000005,9,10,0.07040786743164062
BPSK,0.0314,0.0628,0.025,48,0.2,0.005,1.0,90.0,0.0025000000000000005,9,10,0.06504058837890625
QPSK,0.0314,0.0628,0.025,24,0.2,0.005,1.0,90.0,0.0025000000000000005,9,10,0.06025958061218262
BPSK,0.0314,0.0628,0.045,64,0.05,0.005,1.0,70.0,0.0075,7,10,0.06961822509765625
BPSK,0.05,0.03,0.045,32,0.02,-0.03,1.0,90.0,0.0025000000000000005,9,10,0.06945610046386719
BPSK,0.0314,0.4479,0.1613,32,0.0,0.0,1.0,30.0,0.35,3,10,0.06745529174804688
QPSK,0.02,0.03,0.045,32,0.02,-0.015,1.0,80.0,0.005000000000000001,8,10,0.06250667572021484
BPSK,0.0314,0.0628,0.025,16,0.5,0.005,0.9998,90.0,0.0025000000000000005,9,10,0.05197620391845703
BPSK,0.0314,0.005,0.0832,32,0.15,0.0,1.0,40.0,0.015,4,10,0.06749534606933594
QPSK,0.0314,0.2134,0.4218,32,0.15,0.0,1.0,60.0,0.010000000000000002,6,10,0.06961393356323242
BPSK,0.0314,0.2655,0.1874,32,0.0,0.0,1.0,70.0,0.15,7,10,0.05098867416381836
QPSK,0.0314,0.0311,0.2134,32,0.15,0.0,1.0,90.0,0.0025000000000000005,9,10,0.07344484329223633
BPSK,0.0314,0.4218,0.2134,32,0.0,0.0,1.0,80.0,0.1,8,10,0.0707237720489502
QPSK,0.0314,0.2134,0.2916,32,0.15,0.0,1.0,90.0,0.0025000000000000005,9,10,0.08164596557617188
QPSK,0.0314,0.0628,0.045,16,0.05,0.005,1.0002,90.0,0.0025000000000000005,9,10,0.04940629005432129
QPSK,0.0314,0.4218,0.3176,32,0.0,0.0,1.0,0.0,0.5,0,10,0.06511998176574707
BPSK,0.12,0.1,0.045,32,0.02,0.0,1.0,90.0,0.0025000000000000005,9,10,0.06442546844482422
QPSK,0.0314,0.0628,0.045,32,0.35,0.005,0.9995,90.0,0.0025000000000000005,9,10,0.06499099731445312
BPSK,0.0314,0.1613,0.1353,32,0.0,0.0,1.0,40.0,0.3,4,10,0.06363391876220703
QPSK,0.0314,0.1613,0.0832,32,0.15,0.0,1.0,90.0,0.0025000000000000005,9,10,0.07069587707519531
QPSK,0.0314,0.3176,0.4479,32,0.0,0.0,1.0,60.0,0.2,6,10,0.08065533638000488
BPSK,0.0314,0.4479,0.4479,32,0.0,0.0,1.0,0.0,0.5,0,10,0.0715184211730957
QPSK,0.0314,0.005,0.0832,32,0.0,0.0,1.0,10.0,0.45,1,10,0.07604479789733887
BPSK,0.0314,0.3697,0.2395,32,0.15,0.0,1.0,80.0,0.005000000000000001,8,10,0.04882526397705078
QPSK,0.0314,0.1613,0.3437,32,0.15,0.0,1.0,70.0,0.0075,7,10,0.06066298484802246
QPSK,0.0314,0.3697,0.3697,32,0.0,0.0,1.0,80.0,0.1,8,10,0.05801701545715332
BPSK,0.0314,0.1353,0.0311,32,0.0,0.0,1.0,90.0,0.0,9,10,0.0650014877319336
BPSK,0.0314,0.0628,0.08,64,0.2,0.005,1.0,50.0,0.0125,5,10,0.08073258399963379
QPSK,0.0314,0.4479,0.4739,32,0.0,0.0,1.0,0.0,0.5,0,10,0.05386805534362793
BPSK,0.0314,0.2134,0.2916,32,0.0,0.0,1.0,60.0,0.2,6,10,0.08318638801574707
BPSK,0.0314,0.0571,0.0571,32,0.0,0.0,1.0,90.0,0.0,9,10,0.05443739891052246
BPSK,0.0314,0.1613,0.1092,32,0.15,0.0,1.0,70.0,0.0075,7,10,0.07452273368835449
QPSK,0.0314,0.0628,0.045,48,0.1,0.005,1.0002,90.0,0.0025000000000000005,9,10,0.08344364166259766
BPSK,0.0314,0.1613,0.3697,32,0.0,0.0,1.0,0.0,0.5,0,10,0.07204961776733398
QPSK,0.0314,0.1613,0.0311,32,0.15,0.0,1.0,90.0,0.0025000000000000005,9,10,0.06712913513183594
BPSK,0.0314,0.0628,0.045,24,0.05,0.005,1.0,90.0,0.0025000000000000005,9,10,0.05883622169494629
BPSK,0.0314,0.1874,0.2134,32,0.0,0.0,1.0,80.0,0.1,8,10,0.07270026206970215
BPSK,0.0314,0.0832,0.4739,32,0.0,0.0,1.0,0.0,0.5,0,10,0.07919716835021973
QPSK,0.0314,0.1092,0.0311,32,0.15,0.0,1.0,90.0,0.0025000000000000005,9,10,0.08150100708007812
BPSK,0.0314,0.0311,0.4218,32,0.0,0.0,1.0,0.0,0.5,0,10,0.0682215690612793
BPSK,0.0314,0.0628,0.045,16,0.35,0.005,0.9995,90.0,0.0025000000000000005,9,10,0.06032586097717285
BPSK,0.0314,0.0628,0.045,16,0.1,0.005,1.0002,90.0,0.0025000000000000005,9,10,0.06976652145385742
BPSK,0.0314,0.0628,0.045,32,0.1,0.005,1.0005,80.0,0.005000000000000001,8,10,0.05543088912963867
QPSK,0.0314,0.0628,0.025,24,0.05,0.005,0.9998,90.0,0.0025000000000000005,9,10,0.06077098846435547
QPSK,0.0314,0.0628,0.025,64,0.05,0.005,0.9995,90.0,0.0025000000000000005,9,10,0.07197451591491699
BPSK,0.0314,0.2134,0.1874,32,0.15,0.0,1.0,70.0,0.0075,7,10,0.0711221694946289
QPSK,0.0314,0.1353,0.1874,32,0.15,0.0,1.0,90.0,0.0025000000000000005,9,10,0.06302618980407715
QPSK,0.0314,0.1613,0.3176,32,0.15,0.0,1.0,80.0,0.005000000000000001,8,10,0.06276226043701172
BPSK,0.0314,0.0628,0.08,24,0.5,0.005,0.9995,50.0,0.0125,5,10,0.058354854583740234
BPSK,0.0314,0.005,0.0311,32,0.15,0.0,1.0,70.0,0.0075,7,10,0.048822879791259766
QPSK,0.0314,0.4218,0.1613,32,0.0,0.0,1.0,90.0,0.0,9,10,0.06844186782836914
QPSK,0.0314,0.5,0.4479,32,0.15,0.0,1.0,0.0,0.025,0,10,0.06558656692504883
QPSK,0.0314,0.4218,0.4479,32,0.15,0.0,1.0,0.0,0.025,0,10,0.06331610679626465
QPSK,0.0314,0.1874,0.0571,32,0.0,0.0,1.0,90.0,0.0,9,10,0.06349825859069824
QPSK,0.0314,0.0832,0.1874,32,0.0,0.0,1.0,90.0,0.0,9,10,0.08479166030883789
QPSK,0.0314,0.4218,0.005,32,0.15,0.0,1.0,80.0,0.005000000000000001,8,10,0.05802798271179199
BPSK,0.0314,0.3437,0.2655,32,0.15,0.0,1.0,80.0,0.005000000000000001,8,10,0.0691230297088623
BPSK,0.0314,0.0628,0.08,16,0.1,0.005,1.0002,90.0,0.0025000000000000005,9,10,0.07532906532287598
BPSK,0.0314,0.4739,0.3958,32,0.15,0.0,1.0,0.0,0.025,0,10,0.07177972793579102
QPSK,0.0314,0.0628,0.08,24,0.1,0.005,1.0005,90.0,0.0025000000000000005,9,10,0.06332087516784668
QPSK,0.0314,0.2134,0.2395,32,0.15,0.0,1.0,90.0,0.0025000000000000005,9,10,0.07354736328125
QPSK,0.0314,0.3958,0.2395,32,0.15,0.0,1.0,90.0,0.0025000000000000005,9,10,0.06309676170349121
BPSK,0.0314,0.0832,0.0311,32,0.0,0.0,1.0,90.0,0.0,9,10,0.06347012519836426
QPSK,0.0314,0.4218,0.0571,32,0.15,0.0,1.0,90.0,0.0025000000000000005,9,10,0.0631723403930664
BPSK,0.0314,0.1353,0.1092,32,0.0,0.0,1.0,70.0,0.15,7,10,0.06619715690612793
BPSK,0.0314,0.0628,0.025,48,0.35,0.005,0.9995,90.0,0.0025000000000000005,9,10,0.06082940101623535
QPSK,0.0314,0.0311,0.3697,32,0.15,0.0,1.0,80.0,0.005000000000000001,8,10,0.08085179328918457
QPSK,0.0314,0.0311,0.1092,32,0.0,0.0,1.0,90.0,0.0,9,10,0.06999683380126953
QPSK,0.0314,0.0628,0.08,64,0.35,0.005,1.0005,90.0,0.0025000000000000005,9,10,0.05426478385925293
BPSK,0.0314,0.0311,0.3697,32,0.15,0.0,1.0,0.0,0.025,0,10,0.07175135612487793
QPSK,0.0314,0.0628,0.025,48,0.35,0.005,0.9995,90.0,0.0025000000000000005,9,10,0.08327436447143555
QPSK,0.12,0.0628,0.045,32,0.02,0.03,1.0,20.0,0.020000000000000004,2,10,0.055212974548339844
QPSK,0.0314,0.0628,0.025,48,0.1,0.005,1.0002,90.0,0.0025000000000000005,9,10,0.06753039360046387
BPSK,0.0314,0.0628,0.08,48,0.05,0.005,1.0005,0.0,0.025,0,10,0.07094025611877441
BPSK,0.0314,0.0628,0.08,64,0.35,0.005,1.0002,50.0,0.0125,5,10,0.0720829963684082
BPSK,0.0314,0.1353,0.2916,32,0.15,0.0,1.0,0.0,0.025,0,10,0.07013726234436035
QPSK,0.0314,0.0628,0.045,24,0.2,0.005,0.9998,90.0,0.0025000000000000005,9,10,0.054465532302856445
BPSK,0.0314,0.1613,0.2916,32,0.0,0.0,1.0,60.0,0.2,6,10,0.06826472282409668
BPSK,0.0314,0.3176,0.1353,32,0.15,0.0,1.0,60.0,0.010000000000000002,6,10,0.06618356704711914
QPSK,0.0314,0.4218,0.1353,32,0.15,0.0,1.0,90.0,0.0025000000000000005,9,10,0.06365251541137695
BPSK,0.0314,0.1874,0.3437,32,0.0,0.0,1.0,0.0,0.5,0,10,0.06670999526977539
QPSK,0.0314,0.0628,0.025,64,0.0,0.005,1.0,90.0,0.0,9,10,0.06034398078918457
BPSK,0.0314,0.2395,0.1613,32,0.0,0.0,1.0,30.0,0.35,3,10,0.06045651435852051
QPSK,0.0314,0.0628,0.045,64,0.2,0.005,1.0,90.0,0.0025000000000000005,9,10,0.06371593475341797
BPSK,0.0314,0.1874,0.2655,32,0.15,0.0,1.0,80.0,0.005000000000000001,8,10,0.05873870849609375
QPSK,0.0314,0.0832,0.5,32,0.0,0.0,1.0,0.0,0.5,0,10,0.07808065414428711
BPSK,0.0314,0.0628,0.025,16,0.35,0.005,1.0,90.0,0.0025000000000000005,9,10,0.06770682334899902
BPSK,0.0314,0.0628,0.045,64,0.1,0.005,1.0005,80.0,0.005000000000000001,8,10,0.059574127197265625
BPSK,0.0314,0.1874,0.3176,32,0.15,0.0,1.0,0.0,0.025,0,10,0.07096648216247559
BPSK,0.0314,0.2655,0.2916,32,0.0,0.0,1.0,60.0,0.2,6,10,0.06303668022155762
BPSK,0.0314,0.0628,0.025,32,0.1,0.005,1.0002,90.0,0.0025000000000000005,9,10,0.07942581176757812
QPSK,0.0314,0.0628,0.025,48,0.1,0.005,1.0005,80.0,0.005000000000000001,8,10,0.0668935775756836
BPSK,0.0314,0.0571,0.005,32,0.15,0.0,1.0,90.0,0.0025000000000000005,9,10,0.07857275009155273
QPSK,0.0314,0.0628,0.08,48,0.05,0.005,1.0005,90.0,0.0025000000000000005,9,10,0.05617022514343262
QPSK,0.0314,0.4218,0.2395,32,0.15,0.0,1.0,90.0,0.0025000000000000005,9,10,0.06584668159484863
BPSK,0.0314,0.5,0.4218,32,0.0,0.0,1.0,0.0,0.5,0,10,0.06816983222961426
QPSK,0.0314,0.0628,0.08,48,0.2,0.005,0.9995,90.0,0.0025000000000000005,9,10,0.05823826789855957
QPSK,0.0314,0.0628,0.025,16,0.5,0.005,0.9998,80.0,0.005000000000000001,8,10,0.08611607551574707
QPSK,0.0314,0.2134,0.005,32,0.0,0.0,1.0,80.0,0.1,8,10,0.05406999588012695
BPSK,0.0314,0.0628,0.08,32,0.05,0.005,0.9998,70.0,0.0075,7,10,0.06816482543945312
QPSK,0.0314,0.0628,0.08,24,0.35,0.005,1.0002,90.0,0.0025000000000000005,9,10,0.0662083625793457
BPSK,0.0314,0.1613,0.5,32,0.0,0.0,1.0,0.0,0.5,0,10,0.07460784912109375
BPSK,0.0314,0.4739,0.1353,32,0.15,0.0,1.0,60.0,0.010000000000000002,6,10,0.07349252700805664
BPSK,0.0314,0.0628,0.045,16,0.0,0.005,0.9995,90.0,0.0,9,10,0.0650932788848877
BPSK,0.0314,0.3176,0.1353,32,0.0,0.0,1.0,40.0,0.3,4,10,0.08760547637939453
QPSK,0.0314,0.0628,0.045,64,0.35,0.005,0.9998,90.0,0.0025000000000000005,9,10,0.06035947799682617
QPSK,0.0314,0.3697,0.2655,32,0.0,0.0,1.0,80.0,0.1,8,10,0.07646536827087402
BPSK,0.0314,0.2134,0.2655,32,0.15,0.0,1.0,80.0,0.005000000000000001,8,10,0.06738042831420898
QPSK,0.0314,0.0628,0.025,32,0.5,0.005,1.0002,80.0,0.005000000000000001,8,10,0.07526946067810059
QPSK,0.0314,0.2655,0.2395,32,0.0,0.0,1.0,90.0,0.0,9,10,0.06051516532897949
BPSK,0.0314,0.3697,0.1874,32,0.15,0.0,1.0,70.0,0.0075,7,10,0.08428025245666504
QPSK,0.0314,0.2916,0.3437,32,0.15,0.0,1.0,70.0,0.0075,7,10,0.06552243232727051
QPSK,0.0314,0.3697,0.2916,32,0.0,0.0,1.0,90.0,0.0,9,10,0.06740379333496094
BPSK,0.0314,0.4218,0.005,32,0.0,0.0,1.0,90.0,0.0,9,10,0.07230329513549805
BPSK,0.12,0.03,0.045,32,0.02,0.015,1.0,90.0,0.0025000000000000005,9,10,0.07383012771606445
QPSK,0.0314,0.0311,0.1613,32,0.15,0.0,1.0,90.0,0.0025000000000000005,9,10,0.044649600982666016
BPSK,0.0314,0.4739,0.1092,32,0.15,0.0,1.0,70.0,0.0075,7,10,0.07716751098632812
BPSK,0.0314,0.2916,0.1613,32,0.15,0.0,1.0,0.0,0.025,0,10,0.1135413646697998
BPSK,0.0314,0.5,0.2134,32,0.0,0.0,1.0,80.0,0.1,8,10,0.07014679908752441
QPSK,0.12,0.0628,0.045,32,0.02,0.015,1.0,30.0,0.017499999999999998,3,10,0.0679478645324707
QPSK,0.0314,0.1613,0.1874,32,0.15,0.0,1.0,90.0,0.0025000000000000005,9,10,0.06376338005065918
BPSK,0.0314,0.0628,0.08,16,0.0,0.005,0.9995,90.0,0.0,9,10,0.04996299743652344
QPSK,0.0314,0.3697,0.2395,32,0.15,0.0,1.0,90.0,0.0025000000000000005,9,10,0.07585287094116211
QPSK,0.0314,0.0571,0.3697,32,0.0,0.0,1.0,90.0,0.0,9,10,0.07406377792358398
BPSK,0.0314,0.1353,0.4479,32,0.0,0.0,1.0,0.0,0.5,0,10,0.07198882102966309
QPSK,0.0314,0.0628,0.025,64,0.1,0.005,0.9995,90.0,0.0025000000000000005,9,10,0.07796931266784668
QPSK,0.0314,0.0571,0.1613,32,0.0,0.0,1.0,90.0,0.0,9,10,0.06043505668640137
QPSK,0.0314,0.3437,0.3958,32,0.0,0.0,1.0,70.0,0.15,7,10,0.06503486633300781
BPSK,0.0314,0.0628,0.025,16,0.5,0.005,1.0002,90.0,0.0025000000000000005,9,10,0.052931785583496094
QPSK,0.0314,0.005,0.1874,32,0.15,0.0,1.0,0.0,0.025,0,10,0.05494976043701172
QPSK,0.0314,0.2655,0.0571,32,0.15,0.0,1.0,90.0,0.0025000000000000005,9,10,0.05262565612792969
BPSK,0.0314,0.1092,0.0832,32,0.15,0.0,1.0,70.0,0.0075,7,10,0.06816411018371582
BPSK,0.0314,0.1874,0.1874,32,0.15,0.0,1.0,70.0,0.0075,7,10,0.06697702407836914
QPSK,0.0314,0.0628,0.025,48,0.05,0.005,0.9998,90.0,0.0025000000000000005,9,10,0.062047481536865234
BPSK,0.0314,0.1,0.045,32,0.02,-0.03,1.0,90.0,0.0025000000000000005,9,10,0.08257699012756348
BPSK,0.0314,0.0571,0.4218,32,0.0,0.0,1.0,0.0,0.5,0,10,0.0713961124420166
BPSK,0.0314,0.2916,0.0832,32,0.15,0.0,1.0,70.0,0.0075,7,10,0.06658267974853516
BPSK,0.0314,0.2395,0.1353,32,0.15,0.0,1.0,60.0,0.010000000000000002,6,10,0.08056092262268066
QPSK,0.0314,0.4739,0.5,32,0.0,0.0,1.0,0.0,0.5,0,10,0.0676264762878418
BPSK,0.0314,0.2655,0.005,32,0.15,0.0,1.0,90.0,0.0025000000000000005,9,10,0.0779566764831543
BPSK,0.0314,0.2655,0.1353,32,0.0,0.0,1.0,40.0,0.3,4,10,0.07366180419921875
QPSK,0.0314,0.0832,0.3958,32,0.15,0.0,1.0,70.0,0.0075,7,10,0.06817054748535156
BPSK,0.0314,0.0628,0.08,64,0.5,0.005,1.0005,50.0,0.0125,5,10,0.07406878471374512
QPSK,0.0314,0.1613,0.4218,32,0.15,0.0,1.0,60.0,0.010000000000000002,6,10,0.06436467170715332
BPSK,0.0314,0.005,0.2655,32,0.15,0.0,1.0,50.0,0.0125,5,10,0.07356142997741699
QPSK,0.0314,0.1874,0.4479,32,0.15,0.0,1.0,0.0,0.025,0,10,0.07610440254211426
BPSK,0.0314,0.0628,0.08,48,0.2,0.005,1.0002,60.0,0.010000000000000002,6,10,0.09208464622497559
QPSK,0.0314,0.2395,0.2655,32,0.0,0.0,1.0,80.0,0.1,8,10,0.08907151222229004
BPSK,0.0314,0.3958,0.2134,32,0.0,0.0,1.0,80.0,0.1,8,10,0.06015729904174805
BPSK,0.0314,0.0628,0.08,24,0.5,0.005,1.0,60.0,0.010000000000000002,6,10,0.07274937629699707
BPSK,0.0314,0.3697,0.1092,32,0.0,0.0,1.0,70.0,0.15,7,10,0.11508393287658691
BPSK,0.0314,0.2134,0.1353,32,0.15,0.0,1.0,60.0,0.010000000000000002,6,10,0.06421780586242676
BPSK,0.0314,0.0628,0.045,64,0.2,0.005,1.0,30.0,0.017499999999999998,3,10,0.05917668342590332
QPSK,0.0314,0.0832,0.0311,32,0.0,0.0,1.0,90.0,0.0,9,10,0.06659483909606934
QPSK,0.0314,0.0628,0.08,16,0.5,0.005,1.0,90.0,0.0025000000000000005,9,10,0.0677034854888916
QPSK,0.0314,0.1874,0.4218,32,0.0,0.0,1.0,40.0,0.3,4,10,0.0692605972290039
QPSK,0.0314,0.3437,0.3958,32,0.15,0.0,1.0,70.0,0.0075,7,10,0.06795501708984375
QPSK,0.0314,0.2916,0.1613,32,0.0,0.0,1.0,90.0,0.0,9,10,0.0635066032409668
QPSK,0.0314,0.4218,0.1874,32,0.15,0.0,1.0,90.0,0.0025000000000000005,9,10,0.08340573310852051
QPSK,0.0314,0.0571,0.4739,32,0.0,0.0,1.0,0.0,0.5,0,10,0.06680059432983398
QPSK,0.0314,0.0628,0.08,48,0.2,0.005,1.0002,90.0,0.0025000000000000005,9,10,0.08727812767028809
QPSK,0.0314,0.0628,0.045,24,0.05,0.005,0.9998,90.0,0.0025000000000000005,9,10,0.06986236572265625
BPSK,0.0314,0.0628,0.045,48,0.0,0.005,1.0002,60.0,0.2,6,10,0.05641603469848633
QPSK,0.0314,0.3958,0.2916,32,0.15,0.0,1.0,90.0,0.0025000000000000005,9,10,0.07591032981872559
QPSK,0.0314,0.2916,0.1613,32,0.15,0.0,1.0,90.0,0.0025000000000000005,9,10,0.05581474304199219
BPSK,0.0314,0.2655,0.4218,32,0.15,0.0,1.0,0.0,0.025,0,10,0.059876203536987305
BPSK,0.0314,0.0628,0.08,64,0.2,0.005,0.9998,70.0,0.0075,7,10,0.07208943367004395
BPSK,0.12,0.03,0.045,32,0.02,0.0,1.0,90.0,0.0025000000000000005,9,10,0.06155681610107422
BPSK,0.0314,0.1092,0.1092,32,0.15,0.0,1.0,70.0,0.0075,7,10,0.0825204849243164
QPSK,0.0314,0.1353,0.2916,32,0.0,0.0,1.0,90.0,0.0,9,10,0.06125783920288086
BPSK,0.0314,0.1613,0.0571,32,0.15,0.0,1.0,90.0,0.0025000000000000005,9,10,0.0692145824432373
QPSK,0.0314,0.0628,0.08,64,0.0,0.005,1.0005,90.0,0.0,9,10,0.0685269832611084
QPSK,0.0314,0.0571,0.3437,32,0.0,0.0,1.0,0.0,0.5,0,10,0.06119489669799805
BPSK,0.0314,0.3697,0.1874,32,0.0,0.0,1.0,70.0,0.15,7,10,0.07808375358581543
QPSK,0.0314,0.2916,0.3437,32,0.0,0.0,1.0,0.0,0.5,0,10,0.06131172180175781
QPSK,0.0314,0.0311,0.1874,32,0.15,0.0,1.0,90.0,0.0025000000000000005,9,10,0.05450010299682617
QPSK,0.0314,0.0628,0.025,24,0.05,0.005,1.0002,90.0,0.0025000000000000005,9,10,0.06179690361022949
BPSK,0.0314,0.0628,0.08,24,0.0,0.005,1.0005,40.0,0.3,4,10,0.06668567657470703
BPSK,0.0314,0.0628,0.08,32,0.0,0.005,1.0002,0.0,0.5,0,10,0.05824160575866699
BPSK,0.0314,0.0832,0.3958,32,0.15,0.0,1.0,0.0,0.025,0,10,0.09018540382385254
BPSK,0.0314,0.0311,0.3697,32,0.0,0.0,1.0,0.0,0.5,0,10,0.06562471389770508
QPSK,0.0314,0.0628,0.08,16,0.0,0.005,1.0005,90.0,0.0,9,10,0.06793522834777832
QPSK,0.0314,0.2916,0.2655,32,0.15,0.0,1.0,90.0,0.0025000000000000005,9,10,0.04645872116088867
QPSK,0.0314,0.0628,0.08,24,0.0,0.005,1.0002,90.0,0.0,9,10,0.07512545585632324
QPSK,0.0314,0.3697,0.4479,32,0.0,0.0,1.0,40.0,0.3,4,10,0.07151174545288086
BPSK,0.0314,0.4479,0.005,32,0.15,0.0,1.0,90.0,0.0025000000000000005,9,10,0.04313349723815918
QPSK,0.0314,0.4479,0.3697,32,0.0,0.0,1.0,80.0,0.1,8,10,0.06273484230041504
QPSK,0.0314,0.5,0.0571,32,0.15,0.0,1.0,90.0,0.0025000000000000005,9,10,0.0669107437133789
QPSK,0.0314,0.1092,0.2134,32,0.0,0.0,1.0,90.0,0.0,9,10,0.08196544647216797
BPSK,0.0314,0.4479,0.0311,32,0.0,0.0,1.0,90.0,0.0,9,10,0.06438374519348145
QPSK,0.01,0.0628,0.045,32,0.02,0.015,1.0,90.0,0.0025000000000000005,9,10,0.07342743873596191
QPSK,0.08,0.0628,0.045,32,0.02,0.03,1.0,90.0,0.0025000000000000005,9,10,0.062389373779296875
BPSK,0.0314,0.4218,0.2655,32,0.15,0.0,1.0,80.0,0.005000000000000001,8,10,0.06627607345581055
BPSK,0.0314,0.0628,0.025,24,0.05,0.005,0.9998,90.0,0.0025000000000000005,9,10,0.06487488746643066
QPSK,0.0314,0.4218,0.2655,32,0.15,0.0,1.0,90.0,0.0025000000000000005,9,10,0.058165550231933594
QPSK,0.0314,0.0628,0.045,32,0.2,0.005,1.0,90.0,0.0025000000000000005,9,10,0.07074546813964844
QPSK,0.0314,0.0628,0.08,64,0.2,0.005,1.0,90.0,0.0025000000000000005,9,10,0.06779980659484863
QPSK,0.0314,0.2655,0.1092,32,0.0,0.0,1.0,90.0,0.0,9,10,0.06565093994140625
QPSK,0.0314,0.3437,0.4739,32,0.0,0.0,1.0,0.0,0.5,0,10,0.06694388389587402
BPSK,0.0314,0.1353,0.3958,32,0.15,0.0,1.0,0.0,0.025,0,10,0.07762432098388672
QPSK,0.0314,0.0628,0.08,24,0.0,0.005,1.0005,90.0,0.0,9,10,0.05854606628417969
BPSK,0.0314,0.0628,0.045,24,0.5,0.005,0.9998,90.0,0.0025000000000000005,9,10,0.05656599998474121
QPSK,0.0314,0.0628,0.025,24,0.35,0.005,1.0002,80.0,0.005000000000000001,8,10,0.0696110725402832
BPSK,0.0314,0.0628,0.08,32,0.35,0.005,0.9998,90.0,0.0025000000000000005,9,10,0.1182410717010498
BPSK,0.0314,0.4218,0.1874,32,0.15,0.0,1.0,70.0,0.0075,7,10,0.06775283813476562
QPSK,0.0314,0.3697,0.3697,32,0.15,0.0,1.0,60.0,0.010000000000000002,6,10,0.07136940956115723
QPSK,0.0314,0.0628,0.08,48,0.5,0.005,1.0,90.0,0.0025000000000000005,9,10,0.081390380859375
QPSK,0.0314,0.005,0.1874,32,0.0,0.0,1.0,10.0,0.45,1,10,0.06420254707336426
BPSK,0.0314,0.0628,0.025,32,0.2,0.005,1.0005,80.0,0.005000000000000001,8,10,0.05529141426086426
BPSK,0.0314,0.0628,0.08,32,0.5,0.005,1.0,10.0,0.022500000000000003,1,10,0.08659172058105469
QPSK,0.0314,0.2395,0.5,32,0.0,0.0,1.0,0.0,0.5,0,10,0.0639340877532959
BPSK,0.0314,0.3697,0.0832,32,0.0,0.0,1.0,80.0,0.1,8,10,0.0846395492553711
QPSK,0.0314,0.4218,0.1092,32,0.15,0.0,1.0,90.0,0.0025000000000000005,9,10,0.07727766036987305
QPSK,0.0314,0.0628,0.08,48,0.2,0.005,1.0,90.0,0.0025000000000000005,9,10,0.05625557899475098
BPSK,0.0314,0.005,0.5,32,0.0,0.0,1.0,0.0,0.5,0,10,0.08536601066589355
BPSK,0.0314,0.0628,0.025,64,0.5,0.005,1.0,40.0,0.015,4,10,0.07993674278259277
QPSK,0.0314,0.0628,0.045,24,0.05,0.005,1.0005,90.0,0.0025000000000000005,9,10,0.06421446800231934
BPSK,0.0314,0.005,0.005,32,0.15,0.0,1.0,60.0,0.010000000000000002,6,10,0.08226180076599121
BPSK,0.0314,0.0628,0.045,24,0.35,0.005,1.0002,90.0,0.0025000000000000005,9,10,0.06651186943054199
BPSK,0.0314,0.0628,0.025,48,0.0,0.005,1.0002,70.0,0.15,7,10,0.07243180274963379
QPSK,0.0314,0.3958,0.4479,32,0.0,0.0,1.0,40.0,0.3,4,10,0.06762266159057617
BPSK,0.0314,0.0628,0.045,16,0.0,0.005,1.0,90.0,0.0,9,10,0.05569887161254883
QPSK,0.0314,0.5,0.2134,32,0.0,0.0,1.0,90.0,0.0,9,10,0.0764610767364502
QPSK,0.02,0.1,0.045,32,0.02,-0.015,1.0,90.0,0.0025000000000000005,9,10,0.06761050224304199
QPSK,0.0314,0.3958,0.2916,32,0.0,0.0,1.0,90.0,0.0,9,10,0.05768322944641113
QPSK,0.0314,0.0628,0.045,24,0.5,0.005,0.9995,90.0,0.0025000000000000005,9,10,0.07193732261657715
BPSK,0.0314,0.4739,0.1092,32,0.0,0.0,1.0,70.0,0.15,7,10,0.05698895454406738
QPSK,0.0314,0.4739,0.4479,32,0.0,0.0,1.0,60.0,0.2,6,10,0.07147431373596191
QPSK,0.01,0.03,0.045,32,0.02,0.0,1.0,90.0,0.0025000000000000005,9,10,0.06798911094665527
BPSK,0.0314,0.0628,0.025,32,0.05,0.005,1.0002,90.0,0.0025000000000000005,9,10,0.06534028053283691
BPSK,0.0314,0.0628,0.025,64,0.1,0.005,1.0005,50.0,0.0125,5,10,0.06875944137573242
BPSK,0.0314,0.4479,0.1353,32,0.15,0.0,1.0,60.0,0.010000000000000002,6,10,0.06682419776916504
QPSK,0.0314,0.1353,0.3176,32,0.15,0.0,1.0,80.0,0.005000000000000001,8,10,0.06466507911682129
QPSK,0.0314,0.0628,0.08,48,0.35,0.005,1.0,90.0,0.0025000000000000005,9,10,0.0761573314666748
BPSK,0.0314,0.5,0.0311,32,0.0,0.0,1.0,90.0,0.0,9,10,0.06190896034240723
QPSK,0.0314,0.005,0.2916,32,0.15,0.0,1.0,0.0,0.025,0,10,0.07145071029663086
BPSK,0.0314,0.4218,0.2916,32,0.0,0.0,1.0,60.0,0.2,6,10,0.09780716896057129
QPSK,0.0314,0.4218,0.5,32,0.15,0.0,1.0,0.0,0.025,0,10,0.05731844902038574
QPSK,0.0314,0.0628,0.025,32,0.05,0.005,1.0005,90.0,0.0025000000000000005,9,10,0.05581188201904297
BPSK,0.0314,0.0628,0.025,48,0.35,0.005,1.0005,70.0,0.0075,7,10,0.0753321647644043
QPSK,0.0314,0.0628,0.045,24,0.5,0.005,0.9998,70.0,0.0075,7,10,0.06705379486083984
BPSK,0.0314,0.1874,0.005,32,0.0,0.0,1.0,90.0,0.0,9,10,0.07124066352844238
QPSK,0.0314,0.0628,0.045,32,0.35,0.005,1.0002,90.0,0.0025000000000000005,9,10,0.062430620193481445
QPSK,0.0314,0.4218,0.3437,32,0.0,0.0,1.0,0.0,0.5,0,10,0.057958126068115234
BPSK,0.0314,0.4218,0.5,32,0.15,0.0,1.0,0.0,0.025,0,10,0.07730984687805176
QPSK,0.0314,0.4218,0.2655,32,0.0,0.0,1.0,80.0,0.1,8,10,0.07135629653930664
BPSK,0.0314,0.0628,0.025,48,0.5,0.005,1.0,60.0,0.010000000000000002,6,10,0.06831908226013184
QPSK,0.0314,0.4479,0.2395,32,0.0,0.0,1.0,90.0,0.0,9,10,0.054781198501586914
BPSK,0.0314,0.0628,0.08,48,0.5,0.005,0.9995,70.0,0.0075,7,10,0.06492447853088379
BPSK,0.0314,0.3958,0.4218,32,0.0,0.0,1.0,0.0,0.5,0,10,0.060159921646118164
QPSK,0.0314,0.0628,0.045,48,0.2,0.005,0.9995,90.0,0.0025000000000000005,9,10,0.07552123069763184
QPSK,0.0314,0.0628,0.025,32,0.0,0.005,1.0002,90.0,0.0,9,10,0.0654451847076416
QPSK,0.01,0.0628,0.045,32,0.02,-0.015,1.0,90.0,0.0025000000000000005,9,10,0.06259799003601074
QPSK,0.0314,0.3176,0.3437,32,0.0,0.0,1.0,0.0,0.5,0,10,0.07703042030334473
BPSK,0.0314,0.5,0.3176,32,0.0,0.0,1.0,40.0,0.3,4,10,0.05541801452636719
BPSK,0.0314,0.1613,0.3958,32,0.0,0.0,1.0,0.0,0.5,0,10,0.08189725875854492
QPSK,0.0314,0.0628,0.045,32,0.5,0.005,0.9995,60.0,0.010000000000000002,6,10,0.0806722640991211
BPSK,0.0314,0.1874,0.3697,32,0.0,0.0,1.0,0.0,0.5,0,10,0.06365752220153809
QPSK,0.0314,0.0628,0.08,16,0.2,0.005,0.9995,90.0,0.0025000000000000005,9,10,0.06289076805114746
QPSK,0.0314,0.0628,0.025,24,0.0,0.005,1.0,90.0,0.0,9,10,0.06807994842529297
BPSK,0.0314,0.2395,0.2134,32,0.15,0.0,1.0,60.0,0.010000000000000002,6,10,0.07717227935791016
BPSK,0.0314,0.3958,0.2916,32,0.0,0.0,1.0,60.0,0.2,6,10,0.0753777027130127
BPSK,0.0314,0.2134,0.1613,32,0.15,0.0,1.0,0.0,0.025,0,10,0.06145000457763672
QPSK,0.0314,0.1874,0.3958,32,0.15,0.0,1.0,70.0,0.0075,7,10,0.0921182632446289
QPSK,0.0314,0.0571,0.2395,32,0.0,0.0,1.0,90.0,0.0,9,10,0.06529402732849121
QPSK,0.0314,0.0571,0.1353,32,0.0,0.0,1.0,90.0,0.0,9,10,0.07239651679992676
QPSK,0.0314,0.4739,0.1092,32,0.0,0.0,1.0,90.0,0.0,9,10,0.06438231468200684
QPSK,0.12,0.0628,0.045,32,0.02,0.0,1.0,30.0,0.017499999999999998,3,10,0.06255841255187988
BPSK,0.0314,0.0628,0.08,16,0.0,0.005,1.0005,80.0,0.1,8,10,0.0746622085571289
BPSK,0.0314,0.005,0.2134,32,0.15,0.0,1.0,40.0,0.015,4,10,0.06865906715393066
QPSK,0.0314,0.1092,0.2655,32,0.15,0.0,1.0,90.0,0.0025000000000000005,9,10,0.06322860717773438
QPSK,0.0314,0.0628,0.08,64,0.5,0.005,0.9995,70.0,0.0075,7,10,0.06136202812194824
BPSK,0.0314,0.2395,0.2916,32,0.15,0.0,1.0,0.0,0.025,0,10,0.06978011131286621
BPSK,0.0314,0.2655,0.4739,32,0.15,0.0,1.0,0.0,0.025,0,10,0.06507658958435059
QPSK,0.01,0.03,0.045,32,0.02,-0.015,1.0,80.0,0.005000000000000001,8,10,0.07554292678833008
QPSK,0.0314,0.0628,0.025,16,0.05,0.005,1.0005,90.0,0.0025000000000000005,9,10,0.05965757369995117
QPSK,0.0314,0.0311,0.2395,32,0.15,0.0,1.0,90.0,0.0025000000000000005,9,10,0.07913494110107422
BPSK,0.0314,0.4739,0.3437,32,0.0,0.0,1.0,0.0,0.5,0,10,0.06483268737792969
QPSK,0.0314,0.3437,0.2134,32,0.0,0.0,1.0,90.0,0.0,9,10,0.0584719181060791
BPSK,0.0314,0.0832,0.5,32,0.15,0.0,1.0,0.0,0.025,0,10,0.07024216651916504
QPSK,0.0314,0.3697,0.1092,32,0.0,0.0,1.0,90.0,0.0,9,10,0.06703448295593262
BPSK,0.0314,0.3958,0.3176,32,0.15,0.0,1.0,0.0,0.025,0,10,0.06859874725341797
QPSK,0.0314,0.0628,0.045,48,0.05,0.005,1.0,90.0,0.0025000000000000005,9,10,0.06374835968017578
BPSK,0.0314,0.1092,0.1353,32,0.0,0.0,1.0,40.0,0.3,4,10,0.05609703063964844
QPSK,0.0314,0.2134,0.005,32,0.15,0.0,1.0,80.0,0.005000000000000001,8,10,0.07254672050476074
QPSK,0.0314,0.1874,0.3697,32,0.15,0.0,1.0,80.0,0.005000000000000001,8,10,0.06838250160217285
BPSK,0.0314,0.0628,0.025,64,0.2,0.005,1.0,90.0,0.0025000000000000005,9,10,0.07520699501037598
BPSK,0.0314,0.2916,0.3176,32,0.0,0.0,1.0,40.0,0.3,4,10,0.09132552146911621
QPSK,0.0314,0.4739,0.2134,32,0.0,0.0,1.0,90.0,0.0,9,10,0.07338261604309082
BPSK,0.0314,0.1874,0.4739,32,0.0,0.0,1.0,0.0,0.5,0,10,0.07550883293151855
QPSK,0.0314,0.0311,0.3958,32,0.15,0.0,1.0,70.0,0.0075,7,10,0.07568550109863281
BPSK,0.0314,0.1874,0.4479,32,0.15,0.0,1.0,0.0,0.025,0,10,0.051589250564575195
BPSK,0.0314,0.005,0.3958,32,0.0,0.0,1.0,0.0,0.5,0,10,0.05655384063720703
BPSK,0.0314,0.0628,0.045,32,0.05,0.005,1.0,90.0,0.0025000000000000005,9,10,0.07643938064575195
QPSK,0.0314,0.0628,0.045,48,0.1,0.005,0.9995,90.0,0.0025000000000000005,9,10,0.05981755256652832
QPSK,0.0314,0.3176,0.1353,32,0.15,0.0,1.0,90.0,0.0025000000000000005,9,10,0.06723284721374512
BPSK,0.0314,0.0628,0.025,24,0.2,0.005,1.0005,70.0,0.0075,7,10,0.06374835968017578
QPSK,0.0314,0.4479,0.005,32,0.0,0.0,1.0,80.0,0.1,8,10,0.07525086402893066
QPSK,0.0314,0.3697,0.2134,32,0.0,0.0,1.0,90.0,0.0,9,10,0.04933524131774902
BPSK,0.0314,0.2916,0.5,32,0.15,0.0,1.0,0.0,0.025,0,10,0.059923648834228516
BPSK,0.0314,0.0311,0.2916,32,0.15,0.0,1.0,0.0,0.025,0,10,0.054696083068847656
QPSK,0.005,0.1,0.045,32,0.02,0.0,1.0,90.0,0.0025000000000000005,9,10,0.06637096405029297
BPSK,0.0314,0.2134,0.0571,32,0.15,0.0,1.0,90.0,0.0025000000000000005,9,10,0.07153511047363281
QPSK,0.0314,0.0832,0.3437,32,0.0,0.0,1.0,0.0,0.5,0,10,0.05514860153198242
BPSK,0.08,0.1,0.045,32,0.02,0.0,1.0,90.0,0.0025000000000000005,9,10,0.07125377655029297
QPSK,0.0314,0.4218,0.2134,32,0.0,0.0,1.0,90.0,0.0,9,10,0.07020449638366699
QPSK,0.0314,0.2134,0.4479,32,0.0,0.0,1.0,70.0,0.15,7,10,0.06343960762023926
QPSK,0.0314,0.2395,0.1353,32,0.0,0.0,1.0,90.0,0.0,9,10,0.0622563362121582
BPSK,0.0314,0.0571,0.3176,32,0.0,0.0,1.0,40.0,0.3,4,10,0.07568097114562988
BPSK,0.0314,0.0571,0.3697,32,0.15,0.0,1.0,0.0,0.025,0,10,0.08729982376098633
BPSK,0.0314,0.0628,0.025,16,0.2,0.005,1.0005,90.0,0.0025000000000000005,9,10,0.07090640068054199
QPSK,0.0314,0.2134,0.4739,32,0.15,0.0,1.0,0.0,0.025,0,10,0.05732560157775879
BPSK,0.0314,0.005,0.1353,32,0.15,0.0,1.0,50.0,0.0125,5,10,0.06332278251647949
BPSK,0.0314,0.0832,0.0571,32,0.0,0.0,1.0,90.0,0.0,9,10,0.06325197219848633
BPSK,0.0314,0.0628,0.045,48,0.2,0.005,1.0,80.0,0.005000000000000001,8,10,0.05665993690490723
QPSK,0.0314,0.5,0.005,32,0.0,0.0,1.0,80.0,0.1,8,10,0.06858611106872559
BPSK,0.0314,0.2395,0.2134,32,0.0,0.0,1.0,80.0,0.1,8,10,0.06891775131225586
BPSK,0.0314,0.0628,0.025,24,0.05,0.005,1.0002,90.0,0.0025000000000000005,9,10,0.05708622932434082
QPSK,0.0314,0.4218,0.2916,32,0.15,0.0,1.0,90.0,0.0025000000000000005,9,10,0.06773972511291504
QPSK,0.0314,0.1092,0.3958,32,0.0,0.0,1.0,70.0,0.15,7,10,0.08730506896972656
QPSK,0.0314,0.3176,0.3697,32,0.0,0.0,1.0,90.0,0.0,9,10,0.08408188819885254
BPSK,0.0314,0.5,0.005,32,0.0,0.0,1.0,90.0,0.0,9,10,0.12147021293640137
BPSK,0.0314,0.0628,0.08,16,0.5,0.005,1.0002,80.0,0.005000000000000001,8,10,0.07607054710388184
BPSK,0.0314,0.0628,0.045,32,0.5,0.005,0.9998,90.0,0.0025000000000000005,9,10,0.0587313175201416
QPSK,0.0314,0.1613,0.2134,32,0.15,0.0,1.0,90.0,0.0025000000000000005,9,10,0.06910395622253418
QPSK,0.0314,0.2395,0.5,32,0.15,0.0,1.0,0.0,0.025,0,10,0.06648445129394531
QPSK,0.0314,0.0628,0.045,16,0.35,0.005,1.0,90.0,0.0025000000000000005,9,10,0.06022071838378906
BPSK,0.0314,0.0571,0.0832,32,0.15,0.0,1.0,70.0,0.0075,7,10,0.07314682006835938
QPSK,0.0314,0.1353,0.4218,32,0.15,0.0,1.0,60.0,0.010000000000000002,6,10,0.05424380302429199
QPSK,0.0314,0.2395,0.4479,32,0.15,0.0,1.0,0.0,0.025,0,10,0.07141709327697754
QPSK,0.0314,0.2655,0.4739,32,0.15,0.0,1.0,0.0,0.025,0,10,0.04875683784484863
BPSK,0.0314,0.0628,0.045,48,0.1,0.005,1.0002,60.0,0.010000000000000002,6,10,0.0777902603149414
QPSK,0.0314,0.2655,0.2655,32,0.15,0.0,1.0,90.0,0.0025000000000000005,9,10,0.06711721420288086
QPSK,0.0314,0.3958,0.3697,32,0.0,0.0,1.0,80.0,0.1,8,10,0.053667306900024414
BPSK,0.0314,0.0311,0.2395,32,0.0,0.0,1.0,80.0,0.1,8,10,0.05708146095275879
BPSK,0.0314,0.0628,0.045,64,0.5,0.005,1.0002,60.0,0.010000000000000002,6,10,0.0734553337097168
QPSK,0.0314,0.1874,0.3176,32,0.0,0.0,1.0,0.0,0.5,0,10,0.0652318000793457
BPSK,0.0314,0.0628,0.045,16,0.05,0.005,0.9995,90.0,0.0025000000000000005,9,10,0.0611572265625
QPSK,0.0314,0.0628,0.025,64,0.2,0.005,1.0002,90.0,0.0025000000000000005,9,10,0.08852982521057129
QPSK,0.0314,0.1874,0.5,32,0.15,0.0,1.0,0.0,0.025,0,10,0.07267165184020996
BPSK,0.0314,0.0628,0.08,64,0.35,0.005,0.9995,60.0,0.010000000000000002,6,10,0.06326913833618164
QPSK,0.0314,0.0628,0.08,32,0.2,0.005,1.0,90.0,0.0025000000000000005,9,10,0.0768427848815918
QPSK,0.0314,0.3176,0.1874,32,0.0,0.0,1.0,90.0,0.0,9,10,0.07183670997619629
BPSK,0.0314,0.0628,0.08,16,0.2,0.005,0.9995,90.0,0.0025000000000000005,9,10,0.06882715225219727
QPSK,0.005,0.0628,0.045,32,0.02,0.0,1.0,90.0,0.0025000000000000005,9,10,0.05545377731323242
BPSK,0.0314,0.0628,0.045,64,0.5,0.005,0.9995,20.0,0.020000000000000004,2,10,0.055864810943603516
QPSK,0.0314,0.0628,0.025,64,0.1,0.005,1.0002,90.0,0.0025000000000000005,9,10,0.05666184425354004
BPSK,0.0314,0.3697,0.005,32,0.0,0.0,1.0,90.0,0.0,9,10,0.06991314888000488
QPSK,0.0314,0.2655,0.0832,32,0.0,0.0,1.0,90.0,0.0,9,10,0.05644345283508301
BPSK,0.0314,0.3697,0.5,32,0.15,0.0,1.0,0.0,0.025,0,10,0.06265521049499512
BPSK,0.0314,0.1353,0.3437,32,0.15,0.0,1.0,0.0,0.025,0,10,0.04552102088928223
QPSK,0.0314,0.2916,0.5,32,0.15,0.0,1.0,0.0,0.025,0,10,0.06902146339416504
QPSK,0.0314,0.3697,0.3176,32,0.15,0.0,1.0,80.0,0.005000000000000001,8,10,0.0737757682800293
QPSK,0.0314,0.1353,0.2395,32,0.15,0.0,1.0,90.0,0.0025000000000000005,9,10,0.06454730033874512
QPSK,0.0314,0.0628,0.025,64,0.5,0.005,0.9998,70.0,0.0075,7,10,0.0860435962677002
QPSK,0.0314,0.0628,0.045,48,0.0,0.005,0.9995,90.0,0.0,9,10,0.05954408645629883
QPSK,0.0314,0.1353,0.3697,32,0.0,0.0,1.0,90.0,0.0,9,10,0.06849551200866699
BPSK,0.0314,0.0628,0.025,32,0.5,0.005,1.0002,50.0,0.0125,5,10,0.0649561882019043
QPSK,0.0314,0.1874,0.2655,32,0.0,0.0,1.0,80.0,0.1,8,10,0.06005716323852539
QPSK,0.0314,0.0628,0.045,64,0.0,0.005,1.0005,90.0,0.0,9,10,0.08372902870178223
BPSK,0.0314,0.1092,0.5,32,0.15,0.0,1.0,0.0,0.025,0,10,0.06911778450012207
BPSK,0.0314,0.2395,0.2916,32,0.0,0.0,1.0,60.0,0.2,6,10,0.07561326026916504
QPSK,0.0314,0.2916,0.2134,32,0.15,0.0,1.0,90.0,0.0025000000000000005,9,10,0.0736382007598877
BPSK,0.0314,0.2655,0.4739,32,0.0,0.0,1.0,0.0,0.5,0,10,0.07831525802612305
BPSK,0.0314,0.0832,0.2134,32,0.15,0.0,1.0,60.0,0.010000000000000002,6,10,0.07172822952270508
BPSK,0.0314,0.2916,0.4739,32,0.15,0.0,1.0,0.0,0.025,0,10,0.0706939697265625
BPSK,0.0314,0.1613,0.4739,32,0.0,0.0,1.0,0.0,0.5,0,10,0.05742073059082031
QPSK,0.0314,0.0628,0.045,48,0.35,0.005,1.0,90.0,0.0025000000000000005,9,10,0.07258105278015137
QPSK,0.0314,0.0628,0.045,24,0.0,0.005,1.0,90.0,0.0,9,10,0.05973005294799805
BPSK,0.0314,0.4739,0.4479,32,0.0,0.0,1.0,0.0,0.5,0,10,0.0655984878540039
QPSK,0.0314,0.3437,0.005,32,0.0,0.0,1.0,80.0,0.1,8,10,0.06600332260131836
BPSK,0.0314,0.0628,0.025,24,0.35,0.005,0.9998,90.0,0.0025000000000000005,9,10,0.06274819374084473
QPSK,0.0314,0.4479,0.1353,32,0.0,0.0,1.0,90.0,0.0,9,10,0.05710101127624512
QPSK,0.0314,0.0571,0.2655,32,0.0,0.0,1.0,80.0,0.1,8,10,0.10666513442993164
BPSK,0.0314,0.0628,0.025,24,0.1,0.005,1.0002,90.0,0.0025000000000000005,9,10,0.08078646659851074
BPSK,0.0314,0.0571,0.1874,32,0.0,0.0,1.0,70.0,0.15,7,10,0.05701851844787598
QPSK,0.0314,0.3176,0.2395,32,0.15,0.0,1.0,90.0,0.0025000000000000005,9,10,0.07504653930664062
QPSK,0.0314,0.1874,0.2395,32,0.15,0.0,1.0,90.0,0.0025000000000000005,9,10,0.06667900085449219
BPSK,0.0314,0.3437,0.1613,32,0.0,0.0,1.0,30.0,0.35,3,10,0.04820561408996582
QPSK,0.0314,0.0628,0.045,16,0.1,0.005,1.0,90.0,0.0025000000000000005,9,10,0.05967092514038086
QPSK,0.0314,0.0571,0.3697,32,0.15,0.0,1.0,80.0,0.005000000000000001,8,10,0.04722738265991211
BPSK,0.0314,0.005,0.3176,32,0.0,0.0,1.0,40.0,0.3,4,10,0.06771683692932129
QPSK,0.0314,0.1874,0.4739,32,0.15,0.0,1.0,0.0,0.025,0,10,0.0709688663482666
BPSK,0.0314,0.0571,0.4479,32,0.0,0.0,1.0,0.0,0.5,0,10,0.07248163223266602
QPSK,0.0314,0.5,0.2655,32,0.15,0.0,1.0,90.0,0.0025000000000000005,9,10,0.05429506301879883
BPSK,0.0314,0.0628,0.045,48,0.05,0.005,0.9995,90.0,0.0025000000000000005,9,10,0.0724942684173584
QPSK,0.0314,0.3697,0.2655,32,0.15,0.0,1.0,90.0,0.0025000000000000005,9,10,0.07482337951660156
QPSK,0.0314,0.3958,0.2655,32,0.15,0.0,1.0,90.0,0.0025000000000000005,9,10,0.08711934089660645
BPSK,0.0314,0.2655,0.3958,32,0.0,0.0,1.0,0.0,0.5,0,10,0.08215498924255371
QPSK,0.0314,0.3958,0.3437,32,0.0,0.0,1.0,0.0,0.5,0,10,0.060903310775756836
QPSK,0.0314,0.0628,0.045,32,0.2,0.005,1.0002,90.0,0.0025000000000000005,9,10,0.07440304756164551
QPSK,0.02,0.0628,0.045,32,0.02,-0.015,1.0,90.0,0.0025000000000000005,9,10,0.07934451103210449
BPSK,0.0314,0.0628,0.045,32,0.35,0.005,1.0,80.0,0.005000000000000001,8,10,0.07090234756469727
BPSK,0.0314,0.1353,0.4218,32,0.0,0.0,1.0,0.0,0.5,0,10,0.05755758285522461
QPSK,0.0314,0.1,0.045,32,0.02,0.03,1.0,90.0,0.0025000000000000005,9,10,0.07321643829345703
BPSK,0.0314,0.2655,0.4479,32,0.15,0.0,1.0,0.0,0.025,0,10,0.07996773719787598
QPSK,0.005,0.0628,0.045,32,0.02,-0.015,1.0,90.0,0.0025000000000000005,9,10,0.06992530822753906
QPSK,0.08,0.03,0.045,32,0.02,0.03,1.0,0.0,0.025,0,10,0.05571317672729492
BPSK,0.0314,0.2655,0.2655,32,0.15,0.0,1.0,80.0,0.005000000000000001,8,10,0.07575154304504395
BPSK,0.0314,0.4739,0.0571,32,0.0,0.0,1.0,90.0,0.0,9,10,0.0765841007232666
BPSK,0.0314,0.4739,0.1613,32,0.15,0.0,1.0,0.0,0.025,0,10,0.07010650634765625
BPSK,0.0314,0.0571,0.2655,32,0.15,0.0,1.0,80.0,0.005000000000000001,8,10,0.06257247924804688
BPSK,0.0314,0.0628,0.045,32,0.2,0.005,1.0002,50.0,0.0125,5,10,0.0903778076171875
BPSK,0.0314,0.4218,0.1874,32,0.0,0.0,1.0,70.0,0.15,7,10,0.07245421409606934
QPSK,0.0314,0.0832,0.4479,32,0.15,0.0,1.0,0.0,0.025,0,10,0.06839203834533691
BPSK,0.0314,0.3437,0.2134,32,0.0,0.0,1.0,80.0,0.1,8,10,0.06406402587890625
QPSK,0.0314,0.4739,0.3437,32,0.15,0.0,1.0,70.0,0.0075,7,10,0.1250591278076172
QPSK,0.0314,0.1092,0.1092,32,0.0,0.0,1.0,90.0,0.0,9,10,0.07374835014343262
BPSK,0.0314,0.0311,0.0571,32,0.0,0.0,1.0,90.0,0.0,9,10,0.05512809753417969
BPSK,0.0314,0.0628,0.025,16,0.1,0.005,1.0,90.0,0.0025000000000000005,9,10,0.0679025650024414
BPSK,0.0314,0.0628,0.025,64,0.5,0.005,1.0002,40.0,0.015,4,10,0.07556653022766113
BPSK,0.0314,0.0628,0.08,32,0.2,0.005,1.0002,80.0,0.005000000000000001,8,10,0.06597566604614258
BPSK,0.0314,0.0311,0.4479,32,0.15,0.0,1.0,0.0,0.025,0,10,0.06297945976257324
BPSK,0.0314,0.4218,0.1353,32,0.0,0.0,1.0,40.0,0.3,4,10,0.07201910018920898
BPSK,0.0314,0.3958,0.1874,32,0.15,0.0,1.0,70.0,0.0075,7,10,0.05727338790893555
QPSK,0.0314,0.5,0.0832,32,0.15,0.0,1.0,90.0,0.0025000000000000005,9,10,0.06676673889160156
BPSK,0.0314,0.0571,0.4218,32,0.15,0.0,1.0,0.0,0.025,0,10,0.0604701042175293
QPSK,0.01,0.1,0.045,32,0.02,0.0,1.0,90.0,0.0025000000000000005,9,10,0.08051371574401855
QPSK,0.0314,0.0628,0.025,16,0.5,0.005,1.0005,60.0,0.010000000000000002,6,10,0.07811522483825684
BPSK,0.0314,0.0628,0.08,32,0.1,0.005,0.9998,80.0,0.005000000000000001,8,10,0.07793760299682617
QPSK,0.0314,0.3437,0.4479,32,0.0,0.0,1.0,60.0,0.2,6,10,0.07073831558227539
QPSK,0.0314,0.0628,0.045,64,0.2,0.005,0.9998,90.0,0.0025000000000000005,9,10,0.08195209503173828
QPSK,0.0314,0.4218,0.0571,32,0.0,0.0,1.0,90.0,0.0,9,10,0.07547712326049805
QPSK,0.0314,0.1874,0.0832,32,0.0,0.0,1.0,90.0,0.0,9,10,0.10309624671936035
BPSK,0.0314,0.1092,0.005,32,0.15,0.0,1.0,90.0,0.0025000000000000005,9,10,0.09355759620666504
BPSK,0.0314,0.0628,0.045,64,0.0,0.005,0.9998,70.0,0.15,7,10,0.07583832740783691
BPSK,0.0314,0.3437,0.0832,32,0.0,0.0,1.0,80.0,0.1,8,10,0.06303668022155762
QPSK,0.0314,0.0628,0.025,64,0.35,0.005,1.0,90.0,0.0025000000000000005,9,10,0.06626057624816895
QPSK,0.0314,0.0628,0.08,64,0.05,0.005,0.9998,90.0,0.0025000000000000005,9,10,0.06884455680847168
BPSK,0.0314,0.2916,0.2395,32,0.0,0.0,1.0,80.0,0.1,8,10,0.08724093437194824
QPSK,0.0314,0.0832,0.3697,32,0.0,0.0,1.0,90.0,0.0,9,10,0.06143546104431152
BPSK,0.0314,0.1353,0.4739,32,0.15,0.0,1.0,0.0,0.025,0,10,0.09115099906921387
BPSK,0.0314,0.0628,0.08,32,0.05,0.005,0.9995,90.0,0.0025000000000000005,9,10,0.0627284049987793
BPSK,0.0314,0.4218,0.3176,32,0.15,0.0,1.0,0.0,0.025,0,10,0.06148481369018555
QPSK,0.0314,0.3697,0.1353,32,0.0,0.0,1.0,90.0,0.0,9,10,0.06456375122070312
BPSK,0.12,0.1,0.045,32,0.02,0.03,1.0,90.0,0.0025000000000000005,9,10,0.06441330909729004
BPSK,0.0314,0.0628,0.08,48,0.1,0.005,1.0002,60.0,0.010000000000000002,6,10,0.0763401985168457
BPSK,0.0314,0.0311,0.3437,32,0.0,0.0,1.0,0.0,0.5,0,10,0.06208300590515137
QPSK,0.0314,0.0571,0.0571,32,0.0,0.0,1.0,90.0,0.0,9,10,0.06479978561401367
QPSK,0.0314,0.0628,0.08,24,0.5,0.005,0.9998,90.0,0.0025000000000000005,9,10,0.07003927230834961
BPSK,0.0314,0.0628,0.025,64,0.05,0.005,0.9995,90.0,0.0025000000000000005,9,10,0.06268835067749023
QPSK,0.0314,0.1874,0.5,32,0.0,0.0,1.0,0.0,0.5,0,10,0.060858964920043945
QPSK,0.0314,0.0628,0.08,32,0.35,0.005,1.0,90.0,0.0025000000000000005,9,10,0.06760954856872559
BPSK,0.0314,0.3176,0.1874,32,0.0,0.0,1.0,70.0,0.15,7,10,0.052865028381347656
BPSK,0.0314,0.3437,0.2395,32,0.0,0.0,1.0,80.0,0.1,8,10,0.06974315643310547
BPSK,0.08,0.1,0.045,32,0.02,-0.015,1.0,90.0,0.0025000000000000005,9,10,0.05497932434082031
QPSK,0.05,0.0628,0.045,32,0.02,0.03,1.0,90.0,0.0025000000000000005,9,10,0.059195756912231445
QPSK,0.0314,0.2655,0.1874,32,0.0,0.0,1.0,90.0,0.0,9,10,0.06949901580810547
BPSK,0.0314,0.0628,0.025,48,0.2,0.005,1.0002,70.0,0.0075,7,10,0.0785822868347168
QPSK,0.0314,0.2655,0.4479,32,0.15,0.0,1.0,0.0,0.025,0,10,0.06753993034362793
QPSK,0.0314,0.3437,0.1353,32,0.0,0.0,1.0,90.0,0.0,9,10,0.0741417407989502
QPSK,0.0314,0.0628,0.025,16,0.2,0.005,0.9998,90.0,0.0025000000000000005,9,10,0.0578761100769043
QPSK,0.0314,0.3697,0.3437,32,0.15,0.0,1.0,70.0,0.0075,7,10,0.07253217697143555
QPSK,0.0314,0.0628,0.045,32,0.1,0.005,1.0002,90.0,0.0025000000000000005,9,10,0.05555462837219238
BPSK,0.0314,0.1613,0.3437,32,0.15,0.0,1.0,0.0,0.025,0,10,0.08556652069091797
QPSK,0.0314,0.4479,0.3697,32,0.15,0.0,1.0,60.0,0.010000000000000002,6,10,0.07033562660217285
BPSK,0.0314,0.0628,0.045,32,0.0,0.005,0.9998,90.0,0.0,9,10,0.05832386016845703
QPSK,0.01,0.1,0.045,32,0.02,-0.015,1.0,90.0,0.0025000000000000005,9,10,0.09654521942138672
QPSK,0.0314,0.2134,0.3697,32,0.15,0.0,1.0,80.0,0.005000000000000001,8,10,0.10590100288391113
BPSK,0.0314,0.0628,0.045,32,0.1,0.005,0.9995,90.0,0.0025000000000000005,9,10,0.049666643142700195
BPSK,0.0314,0.0628,0.025,32,0.2,0.005,0.9998,90.0,0.0025000000000000005,9,10,0.07506680488586426
QPSK,0.0314,0.1353,0.4739,32,0.15,0.0,1.0,0.0,0.025,0,10,0.06808328628540039
QPSK,0.0314,0.2655,0.0832,32,0.15,0.0,1.0,90.0,0.0025000000000000005,9,10,0.08974814414978027
BPSK,0.0314,0.0628,0.025,64,0.0,0.005,0.9995,90.0,0.0,9,10,0.05521869659423828
QPSK,0.0314,0.0832,0.2395,32,0.0,0.0,1.0,90.0,0.0,9,10,0.06381416320800781
QPSK,0.0314,0.0628,0.045,32,0.02,-0.03,1.0,90.0,0.0025000000000000005,9,10,0.0728154182434082
QPSK,0.0314,0.2916,0.005,32,0.15,0.0,1.0,80.0,0.005000000000000001,8,10,0.05118370056152344
QPSK,0.0314,0.0628,0.025,24,0.2,0.005,1.0005,80.0,0.005000000000000001,8,10,0.05233621597290039
QPSK,0.0314,0.0832,0.5,32,0.15,0.0,1.0,0.0,0.025,0,10,0.05895543098449707
QPSK,0.0314,0.005,0.1092,32,0.0,0.0,1.0,10.0,0.45,1,10,0.05927324295043945
BPSK,0.0314,0.0628,0.045,24,0.35,0.005,0.9995,90.0,0.0025000000000000005,9,10,0.0776515007019043
QPSK,0.0314,0.1353,0.2655,32,0.15,0.0,1.0,90.0,0.0025000000000000005,9,10,0.06172060966491699
QPSK,0.0314,0.1874,0.2134,32,0.15,0.0,1.0,90.0,0.0025000000000000005,9,10,0.07762527465820312
BPSK,0.0314,0.0571,0.2916,32,0.0,0.0,1.0,60.0,0.2,6,10,0.06851983070373535
BPSK,0.0314,0.2916,0.2134,32,0.0,0.0,1.0,80.0,0.1,8,10,0.06125068664550781
QPSK,0.0314,0.2134,0.1874,32,0.15,0.0,1.0,90.0,0.0025000000000000005,9,10,0.06472468376159668
QPSK,0.0314,0.0832,0.3437,32,0.15,0.0,1.0,70.0,0.0075,7,10,0.05878400802612305
QPSK,0.0314,0.3437,0.2395,32,0.15,0.0,1.0,90.0,0.0025000000000000005,9,10,0.06782960891723633
BPSK,0.0314,0.0628,0.08,64,0.5,0.005,0.9995,40.0,0.015,4,10,0.08504652976989746
QPSK,0.0314,0.2134,0.1092,32,0.15,0.0,1.0,90.0,0.0025000000000000005,9,10,0.06449723243713379
BPSK,0.12,0.1,0.045,32,0.02,0.015,1.0,90.0,0.0025000000000000005,9,10,0.07250332832336426
BPSK,0.0314,0.0628,0.045,24,0.35,0.005,1.0,90.0,0.0025000000000000005,9,10,0.054172515869140625
BPSK,0.0314,0.1353,0.3697,32,0.0,0.0,1.0,0.0,0.5,0,10,0.07062363624572754
QPSK,0.0314,0.2655,0.3176,32,0.15,0.0,1.0,80.0,0.005000000000000001,8,10,0.07382917404174805
BPSK,0.0314,0.5,0.1874,32,0.15,0.0,1.0,70.0,0.0075,7,10,0.06240963935852051
BPSK,0.0314,0.4218,0.0832,32,0.0,0.0,1.0,80.0,0.1,8,10,0.06725668907165527
BPSK,0.0314,0.005,0.1874,32,0.15,0.0,1.0,50.0,0.0125,5,10,0.08116698265075684
QPSK,0.0314,0.1092,0.3176,32,0.15,0.0,1.0,80.0,0.005000000000000001,8,10,0.058054447174072266
BPSK,0.0314,0.0628,0.045,16,0.2,0.005,1.0005,90.0,0.0025000000000000005,9,10,0.07886862754821777
BPSK,0.0314,0.0628,0.045,48,0.05,0.005,1.0,80.0,0.005000000000000001,8,10,0.07551717758178711
QPSK,0.0314,0.3176,0.005,32,0.0,0.0,1.0,80.0,0.1,8,10,0.053376197814941406
BPSK,0.01,0.1,0.045,32,0.02,0.03,1.0,90.0,0.0025000000000000005,9,10,0.08380651473999023
BPSK,0.0314,0.0628,0.025,24,0.1,0.005,0.9998,90.0,0.0025000000000000005,9,10,0.0748586654663086
QPSK,0.0314,0.3958,0.0832,32,0.0,0.0,1.0,90.0,0.0,9,10,0.050035715103149414
QPSK,0.0314,0.5,0.1874,32,0.0,0.0,1.0,90.0,0.0,9,10,0.07187247276306152
BPSK,0.0314,0.0628,0.025,32,0.35,0.005,1.0005,80.0,0.005000000000000001,8,10,0.07132315635681152
QPSK,0.0314,0.1092,0.005,32,0.0,0.0,1.0,90.0,0.0,9,10,0.06190085411071777
QPSK,0.0314,0.2916,0.1353,32,0.15,0.0,1.0,90.0,0.0025000000000000005,9,10,0.0702214241027832
BPSK,0.0314,0.3697,0.3176,32,0.15,0.0,1.0,0.0,0.025,0,10,0.053420066833496094
BPSK,0.0314,0.1353,0.1874,32,0.0,0.0,1.0,70.0,0.15,7,10,0.07509708404541016
QPSK,0.0314,0.1353,0.0832,32,0.15,0.0,1.0,90.0,0.0025000000000000005,9,10,0.05085396766662598
QPSK,0.0314,0.4218,0.005,32,0.0,0.0,1.0,80.0,0.1,8,10,0.06970000267028809
BPSK,0.0314,0.0628,0.08,64,0.0,0.005,1.0005,40.0,0.3,4,10,0.07461071014404297
QPSK,0.0314,0.3958,0.3437,32,0.15,0.0,1.0,70.0,0.0075,7,10,0.08064842224121094
BPSK,0.0314,0.0628,0.045,64,0.35,0.005,1.0,40.0,0.015,4,10,0.0782616138458252
QPSK,0.0314,0.0628,0.045,48,0.05,0.005,0.9998,90.0,0.0025000000000000005,9,10,0.06333780288696289
QPSK,0.0314,0.4218,0.1874,32,0.0,0.0,1.0,90.0,0.0,9,10,0.05895256996154785
QPSK,0.0314,0.0311,0.4739,32,0.15,0.0,1.0,0.0,0.025,0,10,0.053510189056396484
BPSK,0.0314,0.0628,0.08,24,0.0,0.005,0.9995,90.0,0.0,9,10,0.09424853324890137
BPSK,0.0314,0.0571,0.0311,32,0.0,0.0,1.0,90.0,0.0,9,10,0.0635828971862793
BPSK,0.0314,0.1874,0.3697,32,0.15,0.0,1.0,0.0,0.025,0,10,0.05565166473388672
QPSK,0.0314,0.005,0.4218,32,0.0,0.0,1.0,0.0,0.5,0,10,0.06726813316345215
BPSK,0.0314,0.0628,0.08,64,0.35,0.005,1.0005,50.0,0.0125,5,10,0.08356809616088867
QPSK,0.0314,0.0628,0.08,16,0.0,0.005,0.9995,90.0,0.0,9,10,0.06655716896057129
BPSK,0.0314,0.0628,0.025,64,0.2,0.005,0.9998,90.0,0.0025000000000000005,9,10,0.06562447547912598
BPSK,0.0314,0.0628,0.025,24,0.5,0.005,0.9998,90.0,0.0025000000000000005,9,10,0.07555961608886719
QPSK,0.0314,0.1353,0.1092,32,0.0,0.0,1.0,90.0,0.0,9,10,0.07579636573791504
QPSK,0.0314,0.0628,0.08,64,0.35,0.005,1.0,90.0,0.0025000000000000005,9,10,0.06498146057128906
QPSK,0.0314,0.0628,0.025,24,0.1,0.005,1.0002,90.0,0.0025000000000000005,9,10,0.07184886932373047
BPSK,0.0314,0.2655,0.0571,32,0.15,0.0,1.0,90.0,0.0025000000000000005,9,10,0.09138965606689453
BPSK,0.08,0.0628,0.045,32,0.02,0.0,1.0,90.0,0.0025000000000000005,9,10,0.06014108657836914
BPSK,0.0314,0.0628,0.045,48,0.35,0.005,1.0,40.0,0.015,4,10,0.07360363006591797
BPSK,0.0314,0.0628,0.025,48,0.1,0.005,0.9995,90.0,0.0025000000000000005,9,10,0.059941768646240234
BPSK,0.0314,0.0628,0.08,48,0.05,0.005,1.0,70.0,0.0075,7,10,0.08237528800964355
BPSK,0.02,0.1,0.045,32,0.02,0.03,1.0,90.0,0.0025000000000000005,9,10,0.06389880180358887
QPSK,0.0314,0.0628,0.025,32,0.0,0.005,1.0,90.0,0.0,9,10,0.06959033012390137
BPSK,0.0314,0.0628,0.08,24,0.35,0.005,1.0,40.0,0.015,4,10,0.07851386070251465
BPSK,0.0314,0.0628,0.045,32,0.05,0.005,0.9998,90.0,0.0025000000000000005,9,10,0.06496143341064453
BPSK,0.0314,0.1874,0.5,32,0.15,0.0,1.0,0.0,0.025,0,10,0.057608604431152344
QPSK,0.0314,0.4479,0.0571,32,0.0,0.0,1.0,90.0,0.0,9,10,0.058489084243774414
BPSK,0.0314,0.0628,0.025,32,0.0,0.005,1.0,90.0,0.0,9,10,0.06161618232727051
BPSK,0.0314,0.0628,0.08,48,0.05,0.005,0.9998,80.0,0.005000000000000001,8,10,0.07359814643859863
QPSK,0.0314,0.3697,0.2916,32,0.15,0.0,1.0,90.0,0.0025000000000000005,9,10,0.05500364303588867
BPSK,0.0314,0.3697,0.1092,32,0.15,0.0,1.0,70.0,0.0075,7,10,0.0791025161743164
QPSK,0.0314,0.2916,0.005,32,0.0,0.0,1.0,80.0,0.1,8,10,0.05920600891113281
BPSK,0.0314,0.5,0.3176,32,0.15,0.0,1.0,0.0,0.025,0,10,0.08287215232849121
QPSK,0.0314,0.1874,0.1092,32,0.0,0.0,1.0,90.0,0.0,9,10,0.06745386123657227
QPSK,0.0314,0.5,0.1613,32,0.15,0.0,1.0,90.0,0.0025000000000000005,9,10,0.07518148422241211
BPSK,0.0314,0.0832,0.005,32,0.0,0.0,1.0,90.0,0.0,9,10,0.094268798828125
QPSK,0.0314,0.0628,0.08,32,0.1,0.005,1.0005,90.0,0.0025000000000000005,9,10,0.04654574394226074
BPSK,0.0314,0.4218,0.4218,32,0.15,0.0,1.0,0.0,0.025,0,10,0.07544350624084473
QPSK,0.0314,0.0571,0.2134,32,0.15,0.0,1.0,90.0,0.0025000000000000005,9,10,0.08513784408569336
QPSK,0.0314,0.1092,0.4739,32,0.0,0.0,1.0,0.0,0.5,0,10,0.056914329528808594
QPSK,0.0314,0.0628,0.08,64,0.5,0.005,1.0005,80.0,0.005000000000000001,8,10,0.1230475902557373
BPSK,0.0314,0.3437,0.1092,32,0.0,0.0,1.0,70.0,0.15,7,10,0.0782470703125
BPSK,0.0314,0.4218,0.2395,32,0.0,0.0,1.0,80.0,0.1,8,10,0.0724191665649414
BPSK,0.0314,0.0628,0.045,48,0.5,0.005,1.0005,60.0,0.010000000000000002,6,10,0.06455779075622559
BPSK,0.0314,0.2395,0.4218,32,0.0,0.0,1.0,0.0,0.5,0,10,0.06707930564880371
QPSK,0.0314,0.3437,0.1874,32,0.15,0.0,1.0,90.0,0.0025000000000000005,9,10,0.06846380233764648
BPSK,0.0314,0.0628,0.08,32,0.05,0.005,1.0,70.0,0.0075,7,10,0.05467677116394043
QPSK,0.0314,0.1353,0.005,32,0.15,0.0,1.0,90.0,0.0025000000000000005,9,10,0.053342580795288086
BPSK,0.0314,0.1092,0.0571,32,0.15,0.0,1.0,90.0,0.0025000000000000005,9,10,0.07384729385375977
QPSK,0.0314,0.0628,0.08,24,0.35,0.005,1.0005,90.0,0.0025000000000000005,9,10,0.06979990005493164
BPSK,0.0314,0.3437,0.1353,32,0.0,0.0,1.0,40.0,0.3,4,10,0.05849099159240723
QPSK,0.0314,0.4739,0.1092,32,0.15,0.0,1.0,90.0,0.0025000000000000005,9,10,0.06982302665710449
BPSK,0.0314,0.1613,0.4479,32,0.0,0.0,1.0,0.0,0.5,0,10,0.05327415466308594
QPSK,0.0314,0.0628,0.045,16,0.2,0.005,1.0005,90.0,0.0025000000000000005,9,10,0.06786394119262695
BPSK,0.0314,0.1353,0.5,32,0.0,0.0,1.0,0.0,0.5,0,10,0.05924725532531738
QPSK,0.0314,0.1092,0.2916,32,0.15,0.0,1.0,90.0,0.0025000000000000005,9,10,0.052017927169799805
BPSK,0.0314,0.3697,0.3697,32,0.0,0.0,1.0,0.0,0.5,0,10,0.06786537170410156
QPSK,0.05,0.1,0.045,32,0.02,0.03,1.0,90.0,0.0025000000000000005,9,10,0.05593085289001465
BPSK,0.02,0.0628,0.045,32,0.02,-0.015,1.0,90.0,0.0025000000000000005,9,10,0.06860733032226562
BPSK,0.0314,0.3958,0.2395,32,0.0,0.0,1.0,80.0,0.1,8,10,0.06002378463745117
QPSK,0.0314,0.0628,0.045,16,0.05,0.005,0.9998,90.0,0.0025000000000000005,9,10,0.0653848648071289
QPSK,0.0314,0.1613,0.3958,32,0.0,0.0,1.0,70.0,0.15,7,10,0.05681967735290527
QPSK,0.0314,0.4739,0.1874,32,0.15,0.0,1.0,90.0,0.0025000000000000005,9,10,0.07222342491149902
QPSK,0.0314,0.2134,0.2916,32,0.0,0.0,1.0,90.0,0.0,9,10,0.0747673511505127
BPSK,0.0314,0.1092,0.1353,32,0.15,0.0,1.0,60.0,0.010000000000000002,6,10,0.09682917594909668
QPSK,0.0314,0.0311,0.3437,32,0.0,0.0,1.0,0.0,0.5,0,10,0.06084942817687988
QPSK,0.0314,0.1613,0.2655,32,0.15,0.0,1.0,90.0,0.0025000000000000005,9,10,0.06563663482666016
QPSK,0.0314,0.5,0.4479,32,0.0,0.0,1.0,60.0,0.2,6,10,0.07130169868469238
BPSK,0.0314,0.0628,0.045,24,0.1,0.005,1.0002,90.0,0.0025000000000000005,9,10,0.0764474868774414
QPSK,0.0314,0.2655,0.1353,32,0.0,0.0,1.0,90.0,0.0,9,10,0.062171220779418945
BPSK,0.0314,0.5,0.5,32,0.15,0.0,1.0,0.0,0.025,0,10,0.06653094291687012
BPSK,0.01,0.1,0.045,32,0.02,0.0,1.0,90.0,0.0025000000000000005,9,10,0.0629420280456543
QPSK,0.08,0.03,0.045,32,0.02,-0.03,1.0,0.0,0.025,0,10,0.08541202545166016
BPSK,0.0314,0.0628,0.025,16,0.5,0.005,1.0005,70.0,0.0075,7,10,0.11379122734069824
BPSK,0.0314,0.0571,0.0571,32,0.15,0.0,1.0,90.0,0.0025000000000000005,9,10,0.05632901191711426
BPSK,0.0314,0.4479,0.3958,32,0.0,0.0,1.0,0.0,0.5,0,10,0.062395334243774414
BPSK,0.0314,0.5,0.0832,32,0.15,0.0,1.0,70.0,0.0075,7,10,0.06255435943603516
QPSK,0.0314,0.0628,0.025,16,0.0,0.005,0.9998,90.0,0.0,9,10,0.08052515983581543
QPSK,0.0314,0.2655,0.1874,32,0.15,0.0,1.0,90.0,0.0025000000000000005,9,10,0.07573628425598145
QPSK,0.0314,0.2395,0.0571,32,0.15,0.0,1.0,90.0,0.0025000000000000005,9,10,0.06261062622070312
QPSK,0.0314,0.0628,0.08,16,0.2,0.005,1.0002,90.0,0.0025000000000000005,9,10,0.06595110893249512
QPSK,0.0314,0.1,0.045,32,0.02,-0.03,1.0,90.0,0.0025000000000000005,9,10,0.07268238067626953
BPSK,0.0314,0.0628,0.08,32,0.0,0.005,1.0,70.0,0.15,7,10,0.07015872001647949
QPSK,0.0314,0.1353,0.0571,32,0.15,0.0,1.0,90.0,0.0025000000000000005,9,10,0.06200003623962402
QPSK,0.0314,0.0628,0.045,64,0.5,0.005,0.9998,80.0,0.005000000000000001,8,10,0.06424975395202637
BPSK,0.0314,0.0628,0.08,24,0.05,0.005,0.9995,90.0,0.0025000000000000005,9,10,0.07146978378295898
BPSK,0.0314,0.0628,0.025,64,0.0,0.005,1.0,90.0,0.0,9,10,0.062157630920410156
QPSK,0.0314,0.4739,0.2395,32,0.15,0.0,1.0,90.0,0.0025000000000000005,9,10,0.07788705825805664
QPSK,0.0314,0.0628,0.08,16,0.05,0.005,0.9995,90.0,0.0025000000000000005,9,10,0.07398772239685059
QPSK,0.0314,0.2395,0.1353,32,0.15,0.0,1.0,90.0,0.0025000000000000005,9,10,0.06818222999572754
QPSK,0.0314,0.1092,0.2395,32,0.0,0.0,1.0,90.0,0.0,9,10,0.06370115280151367
BPSK,0.0314,0.3176,0.005,32,0.15,0.0,1.0,90.0,0.0025000000000000005,9,10,0.06498932838439941
BPSK,0.0314,0.0628,0.025,64,0.1,0.005,0.9998,90.0,0.0025000000000000005,9,10,0.055493831634521484
QPSK,0.0314,0.0628,0.08,16,0.35,0.005,0.9995,90.0,0.0025000000000000005,9,10,0.06515192985534668
QPSK,0.0314,0.0628,0.045,16,0.0,0.005,1.0005,90.0,0.0,9,10,0.06345486640930176
BPSK,0.0314,0.3176,0.4218,32,0.0,0.0,1.0,0.0,0.5,0,10,0.08036589622497559
BPSK,0.0314,0.0628,0.08,64,0.5,0.005,1.0,50.0,0.0125,5,10,0.07542300224304199
QPSK,0.0314,0.2655,0.4218,32,0.15,0.0,1.0,60.0,0.010000000000000002,6,10,0.06028628349304199
BPSK,0.0314,0.0628,0.08,64,0.2,0.005,0.9995,60.0,0.010000000000000002,6,10,0.0781393051147461
BPSK,0.0314,0.3958,0.0832,32,0.15,0.0,1.0,70.0,0.0075,7,10,0.06663274765014648
BPSK,0.0314,0.5,0.1874,32,0.0,0.0,1.0,70.0,0.15,7,10,0.06464910507202148
QPSK,0.0314,0.0832,0.3176,32,0.0,0.0,1.0,0.0,0.5,0,10,0.05861854553222656
QPSK,0.0314,0.5,0.3176,32,0.0,0.0,1.0,0.0,0.5,0,10,0.06836366653442383
QPSK,0.05,0.0628,0.045,32,0.02,0.015,1.0,90.0,0.0025000000000000005,9,10,0.06406474113464355
QPSK,0.0314,0.5,0.2916,32,0.0,0.0,1.0,90.0,0.0,9,10,0.07196688652038574
QPSK,0.0314,0.0628,0.045,16,0.1,0.005,1.0002,90.0,0.0025000000000000005,9,10,0.06331348419189453
BPSK,0.0314,0.2916,0.1353,32,0.15,0.0,1.0,60.0,0.010000000000000002,6,10,0.08046627044677734
BPSK,0.0314,0.2916,0.5,32,0.0,0.0,1.0,0.0,0.5,0,10,0.09847831726074219
QPSK,0.0314,0.1613,0.0571,32,0.15,0.0,1.0,90.0,0.0025000000000000005,9,10,0.06812930107116699
QPSK,0.0314,0.2134,0.0571,32,0.15,0.0,1.0,90.0,0.0025000000000000005,9,10,0.06820893287658691
QPSK,0.0314,0.3697,0.4739,32,0.15,0.0,1.0,0.0,0.025,0,10,0.08512258529663086
BPSK,0.0314,0.0628,0.045,48,0.1,0.005,0.9995,90.0,0.0025000000000000005,9,10,0.10713028907775879
QPSK,0.0314,0.0628,0.025,24,0.5,0.005,1.0005,80.0,0.005000000000000001,8,10,0.0771036148071289
BPSK,0.0314,0.1613,0.1613,32,0.0,0.0,1.0,30.0,0.35,3,10,0.05760645866394043
BPSK,0.02,0.0628,0.045,32,0.02,-0.03,1.0,90.0,0.0025000000000000005,9,10,0.06806278228759766
QPSK,0.05,0.1,0.045,32,0.02,0.015,1.0,90.0,0.0025000000000000005,9,10,0.06064939498901367
QPSK,0.0314,0.0628,0.08,48,0.5,0.005,0.9998,90.0,0.0025000000000000005,9,10,0.06244015693664551
QPSK,0.0314,0.3437,0.3176,32,0.15,0.0,1.0,80.0,0.005000000000000001,8,10,0.06893110275268555
BPSK,0.0314,0.0628,0.045,32,0.35,0.005,1.0002,80.0,0.005000000000000001,8,10,0.08163046836853027
QPSK,0.0314,0.1353,0.2916,32,0.15,0.0,1.0,90.0,0.0025000000000000005,9,10,0.07487344741821289
BPSK,0.005,0.03,0.045,32,0.02,0.0,1.0,90.0,0.0025000000000000005,9,10,0.04841780662536621
QPSK,0.0314,0.2916,0.1353,32,0.0,0.0,1.0,90.0,0.0,9,10,0.06273174285888672
BPSK,0.0314,0.3697,0.005,32,0.15,0.0,1.0,90.0,0.0025000000000000005,9,10,0.07839846611022949
BPSK,0.02,0.03,0.045,32,0.02,0.03,1.0,80.0,0.005000000000000001,8,10,0.06656384468078613
BPSK,0.0314,0.0628,0.08,48,0.35,0.005,0.9995,80.0,0.005000000000000001,8,10,0.0675957202911377
QPSK,0.0314,0.0628,0.025,64,0.0,0.005,0.9998,90.0,0.0,9,10,0.056535959243774414
QPSK,0.0314,0.1092,0.2395,32,0.15,0.0,1.0,90.0,0.0025000000000000005,9,10,0.08023309707641602
QPSK,0.0314,0.0628,0.045,48,0.5,0.005,1.0,80.0,0.005000000000000001,8,10,0.052309274673461914
QPSK,0.0314,0.0628,0.025,64,0.05,0.005,1.0002,90.0,0.0025000000000000005,9,10,0.07647013664245605
QPSK,0.0314,0.0628,0.08,32,0.1,0.005,1.0002,90.0,0.0025000000000000005,9,10,0.07344579696655273
BPSK,0.0314,0.0628,0.025,48,0.0,0.005,1.0,90.0,0.0,9,10,0.06013631820678711
QPSK,0.0314,0.005,0.2134,32,0.15,0.0,1.0,0.0,0.025,0,10,0.07079148292541504
QPSK,0.005,0.03,0.045,32,0.02,-0.015,1.0,70.0,0.0075,7,10,0.06189298629760742
BPSK,0.0314,0.0628,0.08,16,0.2,0.005,1.0005,80.0,0.005000000000000001,8,10,0.09635400772094727
QPSK,0.0314,0.4479,0.1092,32,0.15,0.0,1.0,90.0,0.0025000000000000005,9,10,0.0662851333618164
BPSK,0.0314,0.4739,0.1874,32,0.0,0.0,1.0,70.0,0.15,7,10,0.08767032623291016
BPSK,0.0314,0.2655,0.4218,32,0.0,0.0,1.0,0.0,0.5,0,10,0.06026649475097656
BPSK,0.0314,0.0628,0.025,64,0.35,0.005,0.9998,90.0,0.0025000000000000005,9,10,0.08167314529418945
QPSK,0.0314,0.0628,0.025,16,0.35,0.005,0.9995,80.0,0.005000000000000001,8,10,0.06617879867553711
BPSK,0.0314,0.5,0.4218,32,0.15,0.0,1.0,0.0,0.025,0,10,0.11128926277160645
QPSK,0.0314,0.0628,0.08,16,0.0,0.005,1.0,90.0,0.0,9,10,0.1303260326385498
BPSK,0.0314,0.3697,0.1353,32,0.0,0.0,1.0,40.0,0.3,4,10,0.1024014949798584
BPSK,0.0314,0.0628,0.08,16,0.35,0.005,0.9998,90.0,0.0025000000000000005,9,10,0.06008505821228027
BPSK,0.0314,0.3958,0.4218,32,0.15,0.0,1.0,0.0,0.025,0,10,0.09723186492919922
BPSK,0.0314,0.4218,0.3697,32,0.15,0.0,1.0,0.0,0.025,0,10,0.07886290550231934
QPSK,0.0314,0.0628,0.08,48,0.35,0.005,0.9995,90.0,0.0025000000000000005,9,10,0.08441734313964844
QPSK,0.0314,0.4479,0.0832,32,0.15,0.0,1.0,90.0,0.0025000000000000005,9,10,0.07186198234558105
QPSK,0.0314,0.0628,0.045,48,0.0,0.005,1.0005,90.0,0.0,9,10,0.06634926795959473
QPSK,0.0314,0.0628,0.025,32,0.2,0.005,0.9995,90.0,0.0025000000000000005,9,10,0.0562131404876709
BPSK,0.0314,0.005,0.1613,32,0.0,0.0,1.0,30.0,0.35,3,10,0.06617403030395508
QPSK,0.0314,0.0628,0.025,64,0.35,0.005,1.0002,90.0,0.0025000000000000005,9,10,0.0679631233215332
BPSK,0.05,0.03,0.045,32,0.02,0.0,1.0,90.0,0.0025000000000000005,9,10,0.0603635311126709
BPSK,0.0314,0.0628,0.08,32,0.1,0.005,1.0005,70.0,0.0075,7,10,0.0763852596282959
QPSK,0.05,0.0628,0.045,32,0.02,0.0,1.0,90.0,0.0025000000000000005,9,10,0.05868124961853027
QPSK,0.0314,0.0832,0.2134,32,0.0,0.0,1.0,90.0,0.0,9,10,0.07748866081237793
QPSK,0.0314,0.1353,0.2134,32,0.0,0.0,1.0,90.0,0.0,9,10,0.06331992149353027
BPSK,0.0314,0.0628,0.025,32,0.2,0.005,0.9995,90.0,0.0025000000000000005,9,10,0.0785834789276123
BPSK,0.0314,0.0628,0.025,16,0.1,0.005,0.9998,90.0,0.0025000000000000005,9,10,0.07441544532775879
QPSK,0.005,0.03,0.045,32,0.02,0.03,1.0,0.0,0.025,0,10,0.08593487739562988
QPSK,0.0314,0.1353,0.3697,32,0.15,0.0,1.0,80.0,0.005000000000000001,8,10,0.06899166107177734
BPSK,0.0314,0.1092,0.0571,32,0.0,0.0,1.0,90.0,0.0,9,10,0.08443355560302734
QPSK,0.0314,0.0832,0.005,32,0.0,0.0,1.0,90.0,0.0,9,10,0.06489348411560059
QPSK,0.0314,0.3176,0.5,32,0.0,0.0,1.0,0.0,0.5,0,10,0.0817413330078125
QPSK,0.0314,0.1092,0.3176,32,0.0,0.0,1.0,0.0,0.5,0,10,0.07239484786987305
QPSK,0.0314,0.1353,0.4479,32,0.0,0.0,1.0,70.0,0.15,7,10,0.05905914306640625
QPSK,0.0314,0.4739,0.0571,32,0.0,0.0,1.0,90.0,0.0,9,10,0.062591552734375
QPSK,0.0314,0.005,0.0832,32,0.15,0.0,1.0,0.0,0.025,0,10,0.0712733268737793
QPSK,0.0314,0.0571,0.0311,32,0.15,0.0,1.0,90.0,0.0025000000000000005,9,10,0.05748438835144043
QPSK,0.0314,0.4739,0.2916,32,0.15,0.0,1.0,90.0,0.0025000000000000005,9,10,0.0737764835357666
BPSK,0.0314,0.0628,0.025,24,0.0,0.005,1.0,90.0,0.0,9,10,0.07042980194091797
QPSK,0.0314,0.0628,0.025,24,0.0,0.005,0.9998,90.0,0.0,9,10,0.05908823013305664
QPSK,0.0314,0.0311,0.4479,32,0.0,0.0,1.0,60.0,0.2,6,10,0.07764983177185059
BPSK,0.0314,0.005,0.3697,32,0.0,0.0,1.0,0.0,0.5,0,10,0.053237199783325195
BPSK,0.0314,0.0628,0.025,16,0.05,0.005,0.9995,90.0,0.0025000000000000005,9,10,0.10746550559997559
QPSK,0.0314,0.2655,0.2916,32,0.15,0.0,1.0,90.0,0.0025000000000000005,9,10,0.07266902923583984
QPSK,0.0314,0.3958,0.3958,32,0.0,0.0,1.0,70.0,0.15,7,10,0.09134960174560547
QPSK,0.0314,0.1092,0.0571,32,0.15,0.0,1.0,90.0,0.0025000000000000005,9,10,0.07894539833068848
BPSK,0.0314,0.1092,0.1613,32,0.15,0.0,1.0,0.0,0.025,0,10,0.06094622611999512
BPSK,0.0314,0.0628,0.025,32,0.05,0.005,1.0005,50.0,0.0125,5,10,0.0676417350769043
BPSK,0.0314,0.0311,0.0832,32,0.0,0.0,1.0,80.0,0.1,8,10,0.05234527587890625
QPSK,0.0314,0.0628,0.045,16,0.0,0.005,0.9995,90.0,0.0,9,10,0.05939483642578125
QPSK,0.0314,0.2395,0.1874,32,0.15,0.0,1.0,90.0,0.0025000000000000005,9,10,0.07436299324035645
BPSK,0.0314,0.0628,0.045,16,0.2,0.005,1.0002,90.0,0.0025000000000000005,9,10,0.06668543815612793
BPSK,0.12,0.03,0.045,32,0.02,-0.03,1.0,90.0,0.0025000000000000005,9,10,0.07003164291381836
QPSK,0.0314,0.1874,0.1353,32,0.15,0.0,1.0,90.0,0.0025000000000000005,9,10,0.06823968887329102
BPSK,0.0314,0.0628,0.045,24,0.0,0.005,0.9998,90.0,0.0,9,10,0.06625485420227051
QPSK,0.0314,0.3697,0.1874,32,0.15,0.0,1.0,90.0,0.0025000000000000005,9,10,0.06171011924743652
QPSK,0.0314,0.1874,0.3437,32,0.15,0.0,1.0,70.0,0.0075,7,10,0.0629727840423584
BPSK,0.0314,0.0628,0.025,64,0.1,0.005,1.0,90.0,0.0025000000000000005,9,10,0.061692237854003906
QPSK,0.0314,0.3437,0.4218,32,0.15,0.0,1.0,50.0,0.0125,5,10,0.06206870079040527
BPSK,0.0314,0.0571,0.2134,32,0.0,0.0,1.0,80.0,0.1,8,10,0.06374454498291016
QPSK,0.0314,0.2134,0.2134,32,0.15,0.0,1.0,90.0,0.0025000000000000005,9,10,0.05426740646362305
BPSK,0.0314,0.3697,0.1613,32,0.0,0.0,1.0,30.0,0.35,3,10,0.10080409049987793
QPSK,0.0314,0.2395,0.0571,32,0.0,0.0,1.0,90.0,0.0,9,10,0.05664229393005371
BPSK,0.0314,0.2134,0.3958,32,0.0,0.0,1.0,0.0,0.5,0,10,0.0815131664276123
QPSK,0.0314,0.1613,0.1874,32,0.0,0.0,1.0,90.0,0.0,9,10,0.0720212459564209
QPSK,0.0314,0.5,0.3697,32,0.15,0.0,1.0,50.0,0.0125,5,10,0.09777069091796875
QPSK,0.0314,0.0628,0.045,32,0.35,0.005,1.0005,90.0,0.0025000000000000005,9,10,0.07049226760864258
BPSK,0.0314,0.0628,0.045,16,0.0,0.005,1.0002,90.0,0.0,9,10,0.06255388259887695
BPSK,0.0314,0.2395,0.2395,32,0.0,0.0,1.0,80.0,0.1,8,10,0.06096315383911133
BPSK,0.0314,0.3437,0.3958,32,0.0,0.0,1.0,0.0,0.5,0,10,0.0789799690246582
BPSK,0.0314,0.3176,0.1092,32,0.0,0.0,1.0,70.0,0.15,7,10,0.060268402099609375
BPSK,0.0314,0.0832,0.2916,32,0.15,0.0,1.0,0.0,0.025,0,10,0.07393622398376465
BPSK,0.0314,0.1353,0.005,32,0.15,0.0,1.0,90.0,0.0025000000000000005,9,10,0.05702972412109375
BPSK,0.0314,0.3697,0.5,32,0.0,0.0,1.0,0.0,0.5,0,10,0.06247663497924805
BPSK,0.0314,0.005,0.2655,32,0.0,0.0,1.0,90.0,0.0,9,10,0.055870771408081055
QPSK,0.0314,0.0311,0.1092,32,0.15,0.0,1.0,90.0,0.0025000000000000005,9,10,0.05179023742675781
BPSK,0.0314,0.1874,0.1353,32,0.0,0.0,1.0,40.0,0.3,4,10,0.07030844688415527
BPSK,0.0314,0.0628,0.08,48,0.5,0.005,0.9998,60.0,0.010000000000000002,6,10,0.07999968528747559
QPSK,0.0314,0.0628,0.045,48,0.2,0.005,0.9998,90.0,0.0025000000000000005,9,10,0.06514549255371094
QPSK,0.0314,0.1353,0.4218,32,0.0,0.0,1.0,40.0,0.3,4,10,0.048632144927978516
BPSK,0.05,0.03,0.045,32,0.02,-0.015,1.0,90.0,0.0025000000000000005,9,10,0.08988285064697266
QPSK,0.0314,0.1092,0.1092,32,0.15,0.0,1.0,90.0,0.0025000000000000005,9,10,0.058562278747558594
BPSK,0.0314,0.0311,0.0832,32,0.15,0.0,1.0,70.0,0.0075,7,10,0.06106734275817871
QPSK,0.0314,0.005,0.0311,32,0.0,0.0,1.0,10.0,0.45,1,10,0.07853841781616211
BPSK,0.0314,0.0628,0.08,24,0.2,0.005,0.9998,50.0,0.0125,5,10,0.05775046348571777
BPSK,0.0314,0.5,0.2916,32,0.0,0.0,1.0,60.0,0.2,6,10,0.07453036308288574
BPSK,0.0314,0.1874,0.2395,32,0.0,0.0,1.0,80.0,0.1,8,10,0.06985926628112793
BPSK,0.0314,0.0628,0.08,16,0.0,0.005,1.0002,90.0,0.0,9,10,0.06624150276184082
QPSK,0.0314,0.0628,0.08,48,0.05,0.005,0.9995,90.0,0.0025000000000000005,9,10,0.07365870475769043
BPSK,0.0314,0.1092,0.3437,32,0.15,0.0,1.0,0.0,0.025,0,10,0.06693482398986816
BPSK,0.0314,0.0571,0.3437,32,0.15,0.0,1.0,0.0,0.025,0,10,0.05900263786315918
BPSK,0.0314,0.2395,0.4739,32,0.0,0.0,1.0,0.0,0.5,0,10,0.061936378479003906
QPSK,0.0314,0.5,0.4218,32,0.15,0.0,1.0,60.0,0.010000000000000002,6,10,0.07510709762573242
BPSK,0.0314,0.2134,0.4218,32,0.0,0.0,1.0,0.0,0.5,0,10,0.08287334442138672
BPSK,0.0314,0.0628,0.08,16,0.05,0.005,0.9995,90.0,0.0025000000000000005,9,10,0.09335446357727051
QPSK,0.0314,0.0628,0.025,32,0.1,0.005,0.9995,90.0,0.0025000000000000005,9,10,0.05881071090698242
QPSK,0.0314,0.4739,0.0311,32,0.15,0.0,1.0,80.0,0.005000000000000001,8,10,0.08026766777038574
BPSK,0.0314,0.0628,0.08,16,0.35,0.005,0.9995,90.0,0.0025000000000000005,9,10,0.07052111625671387
QPSK,0.0314,0.0628,0.08,24,0.1,0.005,1.0002,90.0,0.0025000000000000005,9,10,0.0675039291381836
QPSK,0.0314,0.0628,0.08,64,0.5,0.005,0.9998,80.0,0.005000000000000001,8,10,0.07679915428161621
QPSK,0.0314,0.0628,0.045,64,0.0,0.005,0.9995,90.0,0.0,9,10,0.12666535377502441
QPSK,0.0314,0.1092,0.4479,32,0.0,0.0,1.0,70.0,0.15,7,10,0.08289813995361328
BPSK,0.0314,0.0628,0.025,64,0.05,0.005,1.0005,40.0,0.015,4,10,0.07562994956970215
QPSK,0.0314,0.005,0.5,32,0.0,0.0,1.0,0.0,0.5,0,10,0.053478240966796875
BPSK,0.0314,0.1353,0.1353,32,0.15,0.0,1.0,60.0,0.010000000000000002,6,10,0.07318806648254395
BPSK,0.0314,0.3176,0.0311,32,0.0,0.0,1.0,90.0,0.0,9,10,0.061664581298828125
BPSK,0.0314,0.3437,0.0311,32,0.15,0.0,1.0,90.0,0.0025000000000000005,9,10,0.04927253723144531
BPSK,0.0314,0.0628,0.025,24,0.05,0.005,1.0,90.0,0.0025000000000000005,9,10,0.08506059646606445
BPSK,0.05,0.1,0.045,32,0.02,-0.03,1.0,90.0,0.0025000000000000005,9,10,0.07257723808288574
BPSK,0.0314,0.2395,0.1874,32,0.15,0.0,1.0,70.0,0.0075,7,10,0.05755019187927246
BPSK,0.005,0.0628,0.045,32,0.02,-0.03,1.0,80.0,0.005000000000000001,8,10,0.0761106014251709
BPSK,0.0314,0.0628,0.025,32,0.1,0.005,1.0005,70.0,0.0075,7,10,0.07567667961120605
QPSK,0.0314,0.0628,0.045,64,0.1,0.005,0.9995,90.0,0.0025000000000000005,9,10,0.07300758361816406
BPSK,0.0314,0.2916,0.1874,32,0.15,0.0,1.0,70.0,0.0075,7,10,0.06291961669921875
BPSK,0.02,0.1,0.045,32,0.02,-0.03,1.0,90.0,0.0025000000000000005,9,10,0.07000613212585449
BPSK,0.0314,0.3437,0.3176,32,0.15,0.0,1.0,0.0,0.025,0,10,0.09202289581298828
BPSK,0.0314,0.0628,0.025,24,0.2,0.005,1.0002,90.0,0.0025000000000000005,9,10,0.07399272918701172
QPSK,0.0314,0.0628,0.045,32,0.5,0.005,1.0002,80.0,0.005000000000000001,8,10,0.08441567420959473
BPSK,0.0314,0.3958,0.1353,32,0.15,0.0,1.0,60.0,0.010000000000000002,6,10,0.05859255790710449
QPSK,0.0314,0.0628,0.045,24,0.2,0.005,0.9995,90.0,0.0025000000000000005,9,10,0.07563900947570801
QPSK,0.0314,0.0571,0.4479,32,0.0,0.0,1.0,70.0,0.15,7,10,0.06258273124694824
QPSK,0.0314,0.005,0.005,32,0.15,0.0,1.0,0.0,0.025,0,10,0.08173441886901855
BPSK,0.0314,0.0628,0.025,32,0.0,0.005,1.0002,90.0,0.0,9,10,0.0625450611114502
QPSK,0.0314,0.4479,0.1874,32,0.15,0.0,1.0,90.0,0.0025000000000000005,9,10,0.06243896484375
BPSK,0.0314,0.0628,0.025,24,0.2,0.005,0.9995,90.0,0.0025000000000000005,9,10,0.07077980041503906
QPSK,0.0314,0.3437,0.1353,32,0.15,0.0,1.0,90.0,0.0025000000000000005,9,10,0.0778207778930664
BPSK,0.08,0.03,0.045,32,0.02,-0.015,1.0,90.0,0.0025000000000000005,9,10,0.08263587951660156
BPSK,0.0314,0.0832,0.1353,32,0.15,0.0,1.0,60.0,0.010000000000000002,6,10,0.14377140998840332
BPSK,0.0314,0.0832,0.2916,32,0.0,0.0,1.0,60.0,0.2,6,10,0.06206822395324707
QPSK,0.0314,0.1874,0.3697,32,0.0,0.0,1.0,90.0,0.0,9,10,0.05533552169799805
BPSK,0.0314,0.4218,0.3437,32,0.0,0.0,1.0,0.0,0.5,0,10,0.06632781028747559
QPSK,0.0314,0.4739,0.4218,32,0.15,0.0,1.0,60.0,0.010000000000000002,6,10,0.06722879409790039
QPSK,0.0314,0.0628,0.08,64,0.05,0.005,1.0005,90.0,0.0025000000000000005,9,10,0.06395721435546875
QPSK,0.0314,0.0311,0.5,32,0.0,0.0,1.0,0.0,0.5,0,10,0.08081698417663574
BPSK,0.0314,0.2916,0.3958,32,0.15,0.0,1.0,0.0,0.025,0,10,0.0752413272857666
BPSK,0.0314,0.005,0.0832,32,0.0,0.0,1.0,80.0,0.1,8,10,0.052320003509521484
QPSK,0.0314,0.0628,0.025,64,0.1,0.005,1.0,90.0,0.0025000000000000005,9,10,0.0631110668182373
BPSK,0.0314,0.2655,0.3176,32,0.15,0.0,1.0,0.0,0.025,0,10,0.07138705253601074
QPSK,0.0314,0.1613,0.0571,32,0.0,0.0,1.0,90.0,0.0,9,10,0.06865096092224121
QPSK,0.0314,0.0311,0.1353,32,0.15,0.0,1.0,90.0,0.0025000000000000005,9,10,0.05815005302429199
BPSK,0.0314,0.0628,0.08,24,0.05,0.005,1.0005,60.0,0.010000000000000002,6,10,0.06508803367614746
BPSK,0.0314,0.0628,0.08,32,0.05,0.005,1.0002,40.0,0.015,4,10,0.060446977615356445
QPSK,0.0314,0.2395,0.2916,32,0.15,0.0,1.0,90.0,0.0025000000000000005,9,10,0.06896018981933594
QPSK,0.0314,0.5,0.0311,32,0.0,0.0,1.0,90.0,0.0,9,10,0.06292510032653809
QPSK,0.0314,0.0628,0.08,24,0.05,0.005,1.0002,90.0,0.0025000000000000005,9,10,0.06357765197753906
QPSK,0.05,0.03,0.045,32,0.02,0.03,1.0,50.0,0.0125,5,10,0.06727790832519531
QPSK,0.0314,0.0628,0.08,16,0.35,0.005,1.0005,90.0,0.0025000000000000005,9,10,0.08506178855895996
QPSK,0.0314,0.0571,0.4479,32,0.15,0.0,1.0,0.0,0.025,0,10,0.06243324279785156
QPSK,0.0314,0.4739,0.0832,32,0.0,0.0,1.0,90.0,0.0,9,10,0.06087446212768555
BPSK,0.0314,0.4739,0.2655,32,0.0,0.0,1.0,90.0,0.0,9,10,0.1114804744720459
QPSK,0.0314,0.4479,0.3958,32,0.0,0.0,1.0,70.0,0.15,7,10,0.08972048759460449
QPSK,0.0314,0.0628,0.025,16,0.1,0.005,0.9998,90.0,0.0025000000000000005,9,10,0.04989004135131836
BPSK,0.0314,0.3697,0.2134,32,0.15,0.0,1.0,60.0,0.010000000000000002,6,10,0.06905984878540039
QPSK,0.0314,0.3958,0.5,32,0.0,0.0,1.0,0.0,0.5,0,10,0.06813216209411621
QPSK,0.0314,0.0628,0.08,64,0.0,0.005,0.9995,90.0,0.0,9,10,0.07000517845153809
BPSK,0.0314,0.3697,0.2655,32,0.0,0.0,1.0,90.0,0.0,9,10,0.05986666679382324
BPSK,0.0314,0.0311,0.1092,32,0.0,0.0,1.0,70.0,0.15,7,10,0.0682370662689209
QPSK,0.0314,0.4739,0.0311,32,0.0,0.0,1.0,90.0,0.0,9,10,0.06617403030395508
QPSK,0.0314,0.4218,0.2395,32,0.0,0.0,1.0,90.0,0.0,9,10,0.0509488582611084
BPSK,0.0314,0.0311,0.1874,32,0.0,0.0,1.0,70.0,0.15,7,10,0.06887030601501465
BPSK,0.0314,0.1092,0.1613,32,0.0,0.0,1.0,30.0,0.35,3,10,0.06551456451416016
QPSK,0.0314,0.0628,0.025,24,0.5,0.005,1.0002,60.0,0.010000000000000002,6,10,0.06795191764831543
QPSK,0.0314,0.4739,0.3176,32,0.0,0.0,1.0,0.0,0.5,0,10,0.06677699089050293
QPSK,0.0314,0.2655,0.3437,32,0.15,0.0,1.0,70.0,0.0075,7,10,0.06898689270019531
BPSK,0.0314,0.0628,0.025,32,0.35,0.005,0.9998,90.0,0.0025000000000000005,9,10,0.07455921173095703
QPSK,0.0314,0.0628,0.045,64,0.05,0.005,0.9995,90.0,0.0025000000000000005,9,10,0.0582280158996582
QPSK,0.0314,0.0832,0.4218,32,0.0,0.0,1.0,40.0,0.3,4,10,0.06805181503295898
BPSK,0.0314,0.0628,0.045,64,0.5,0.005,1.0005,20.0,0.020000000000000004,2,10,0.0747983455657959
BPSK,0.0314,0.0628,0.08,24,0.2,0.005,1.0,60.0,0.010000000000000002,6,10,0.06583428382873535
BPSK,0.0314,0.03,0.045,32,0.02,0.015,1.0,90.0,0.0025000000000000005,9,10,0.07649111747741699
BPSK,0.0314,0.3697,0.2655,32,0.15,0.0,1.0,80.0,0.005000000000000001,8,10,0.06050729751586914
BPSK,0.0314,0.3437,0.5,32,0.0,0.0,1.0,0.0,0.5,0,10,0.057005882263183594
BPSK,0.0314,0.005,0.0311,32,0.0,0.0,1.0,90.0,0.0,9,10,0.07558417320251465
QPSK,0.0314,0.0832,0.0571,32,0.0,0.0,1.0,90.0,0.0,9,10,0.0682060718536377
BPSK,0.0314,0.3176,0.3958,32,0.0,0.0,1.0,0.0,0.5,0,10,0.07237505912780762
BPSK,0.0314,0.2134,0.2134,32,0.0,0.0,1.0,80.0,0.1,8,10,0.06546449661254883
BPSK,0.0314,0.0628,0.08,16,0.2,0.005,0.9998,90.0,0.0025000000000000005,9,10,0.0730440616607666
BPSK,0.0314,0.2134,0.1092,32,0.0,0.0,1.0,70.0,0.15,7,10,0.06390237808227539
BPSK,0.0314,0.3437,0.4479,32,0.15,0.0,1.0,0.0,0.025,0,10,0.09133577346801758
BPSK,0.0314,0.005,0.4739,32,0.15,0.0,1.0,0.0,0.025,0,10,0.12750458717346191
BPSK,0.08,0.03,0.045,32,0.02,-0.03,1.0,90.0,0.0025000000000000005,9,10,0.1068718433380127
QPSK,0.0314,0.0628,0.025,64,0.5,0.005,0.9995,70.0,0.0075,7,10,0.05408954620361328
QPSK,0.0314,0.0832,0.1353,32,0.15,0.0,1.0,90.0,0.0025000000000000005,9,10,0.07265448570251465
BPSK,0.0314,0.0628,0.025,48,0.05,0.005,1.0002,70.0,0.0075,7,10,0.09651660919189453
QPSK,0.0314,0.4218,0.0832,32,0.0,0.0,1.0,90.0,0.0,9,10,0.07929348945617676
BPSK,0.0314,0.0628,0.045,16,0.35,0.005,1.0005,90.0,0.0025000000000000005,9,10,0.06974267959594727
QPSK,0.0314,0.0628,0.025,16,0.35,0.005,1.0005,80.0,0.005000000000000001,8,10,0.07155346870422363
QPSK,0.0314,0.4479,0.5,32,0.0,0.0,1.0,0.0,0.5,0,10,0.0826413631439209
QPSK,0.0314,0.0628,0.045,16,0.5,0.005,0.9998,70.0,0.0075,7,10,0.06802916526794434
QPSK,0.0314,0.005,0.4479,32,0.0,0.0,1.0,0.0,0.5,0,10,0.06231236457824707
BPSK,0.0314,0.0628,0.045,24,0.2,0.005,1.0,90.0,0.0025000000000000005,9,10,0.06523847579956055
BPSK,0.0314,0.0571,0.4479,32,0.15,0.0,1.0,0.0,0.025,0,10,0.07001876831054688
BPSK,0.0314,0.0571,0.3437,32,0.0,0.0,1.0,0.0,0.5,0,10,0.06608867645263672
QPSK,0.0314,0.0832,0.4218,32,0.15,0.0,1.0,60.0,0.010000000000000002,6,10,0.07892465591430664
QPSK,0.0314,0.3958,0.0571,32,0.0,0.0,1.0,90.0,0.0,9,10,0.051096200942993164
QPSK,0.0314,0.0628,0.045,48,0.0,0.005,0.9998,90.0,0.0,9,10,0.0742485523223877
BPSK,0.0314,0.0311,0.3958,32,0.0,0.0,1.0,0.0,0.5,0,10,0.07542896270751953
BPSK,0.0314,0.0628,0.045,48,0.5,0.005,0.9998,40.0,0.015,4,10,0.07135915756225586
BPSK,0.0314,0.0628,0.025,48,0.5,0.005,0.9995,90.0,0.0025000000000000005,9,10,0.05443835258483887
BPSK,0.0314,0.2134,0.5,32,0.0,0.0,1.0,0.0,0.5,0,10,0.051920175552368164
BPSK,0.0314,0.0628,0.045,64,0.0,0.005,1.0002,80.0,0.1,8,10,0.0820460319519043
QPSK,0.0314,0.0628,0.025,32,0.2,0.005,1.0005,90.0,0.0025000000000000005,9,10,0.06070065498352051
QPSK,0.0314,0.0628,0.08,24,0.05,0.005,1.0,90.0,0.0025000000000000005,9,10,0.060625553131103516
QPSK,0.12,0.1,0.045,32,0.02,0.03,1.0,90.0,0.0025000000000000005,9,10,0.06113553047180176
BPSK,0.0314,0.4479,0.3437,32,0.0,0.0,1.0,0.0,0.5,0,10,0.06028604507446289
QPSK,0.01,0.0628,0.045,32,0.02,0.0,1.0,90.0,0.0025000000000000005,9,10,0.07034111022949219
QPSK,0.0314,0.5,0.3958,32,0.15,0.0,1.0,60.0,0.010000000000000002,6,10,0.08373117446899414
QPSK,0.0314,0.4479,0.0571,32,0.15,0.0,1.0,90.0,0.0025000000000000005,9,10,0.062065839767456055
QPSK,0.0314,0.4479,0.3176,32,0.15,0.0,1.0,80.0,0.005000000000000001,8,10,0.061547040939331055
QPSK,0.0314,0.0628,0.045,64,0.0,0.005,1.0,90.0,0.0,9,10,0.06804203987121582
BPSK,0.0314,0.4479,0.3176,32,0.0,0.0,1.0,40.0,0.3,4,10,0.06884336471557617
BPSK,0.0314,0.0832,0.5,32,0.0,0.0,1.0,0.0,0.5,0,10,0.07040286064147949
BPSK,0.05,0.0628,0.045,32,0.02,0.03,1.0,90.0,0.0025000000000000005,9,10,0.12324714660644531
BPSK,0.0314,0.0628,0.025,24,0.1,0.005,1.0005,70.0,0.0075,7,10,0.07181167602539062
BPSK,0.0314,0.1613,0.2395,32,0.15,0.0,1.0,80.0,0.005000000000000001,8,10,0.06264472007751465
BPSK,0.0314,0.4739,0.4479,32,0.15,0.0,1.0,0.0,0.025,0,10,0.06531286239624023
QPSK,0.0314,0.0628,0.045,48,0.2,0.005,1.0002,90.0,0.0025000000000000005,9,10,0.06705617904663086
QPSK,0.0314,0.3958,0.005,32,0.0,0.0,1.0,80.0,0.1,8,10,0.07749509811401367
QPSK,0.0314,0.3958,0.1092,32,0.0,0.0,1.0,90.0,0.0,9,10,0.05559730529785156
QPSK,0.0314,0.0628,0.08,32,0.5,0.005,1.0005,70.0,0.0075,7,10,0.061426639556884766
QPSK,0.0314,0.3437,0.2916,32,0.15,0.0,1.0,90.0,0.0025000000000000005,9,10,0.07703971862792969
BPSK,0.0314,0.0311,0.2655,32,0.15,0.0,1.0,80.0,0.005000000000000001,8,10,0.0641181468963623
QPSK,0.0314,0.3176,0.3958,32,0.0,0.0,1.0,70.0,0.15,7,10,0.052964210510253906
QPSK,0.0314,0.3958,0.3176,32,0.0,0.0,1.0,0.0,0.5,0,10,0.07818341255187988
QPSK,0.0314,0.0628,0.045,24,0.1,0.005,1.0,90.0,0.0025000000000000005,9,10,0.0558009147644043
BPSK,0.0314,0.3176,0.1613,32,0.15,0.0,1.0,0.0,0.025,0,10,0.07044482231140137
BPSK,0.0314,0.2655,0.3437,32,0.15,0.0,1.0,0.0,0.025,0,10,0.06432271003723145
QPSK,0.0314,0.1353,0.0311,32,0.15,0.0,1.0,90.0,0.0025000000000000005,9,10,0.0713357925415039
QPSK,0.0314,0.0628,0.08,32,0.5,0.005,0.9998,80.0,0.005000000000000001,8,10,0.0742192268371582
BPSK,0.0314,0.3958,0.2395,32,0.15,0.0,1.0,80.0,0.005000000000000001,8,10,0.057750701904296875
BPSK,0.0314,0.2134,0.3437,32,0.0,0.0,1.0,0.0,0.5,0,10,0.06892108917236328
QPSK,0.0314,0.1092,0.0832,32,0.15,0.0,1.0,90.0,0.0025000000000000005,9,10,0.09013938903808594
BPSK,0.0314,0.1874,0.3958,32,0.0,0.0,1.0,0.0,0.5,0,10,0.05013608932495117
BPSK,0.0314,0.0628,0.08,48,0.1,0.005,1.0,70.0,0.0075,7,10,0.06913590431213379
QPSK,0.0314,0.0628,0.045,48,0.05,0.005,0.9995,90.0,0.0025000000000000005,9,10,0.10223579406738281
BPSK,0.0314,0.2655,0.1613,32,0.15,0.0,1.0,0.0,0.025,0,10,0.07827901840209961
BPSK,0.0314,0.0628,0.025,48,0.0,0.005,1.0005,40.0,0.3,4,10,0.10372591018676758
QPSK,0.0314,0.4218,0.1092,32,0.0,0.0,1.0,90.0,0.0,9,10,0.06056046485900879
QPSK,0.0314,0.1874,0.4739,32,0.0,0.0,1.0,0.0,0.5,0,10,0.055884361267089844
BPSK,0.0314,0.3958,0.3437,32,0.0,0.0,1.0,0.0,0.5,0,10,0.06696271896362305
BPSK,0.0314,0.0628,0.025,48,0.05,0.005,1.0,90.0,0.0025000000000000005,9,10,0.07586336135864258
BPSK,0.0314,0.0628,0.08,24,0.1,0.005,1.0,90.0,0.0025000000000000005,9,10,0.09070754051208496
QPSK,0.0314,0.0628,0.045,32,0.0,0.005,1.0002,90.0,0.0,9,10,0.06981372833251953
BPSK,0.0314,0.2395,0.5,32,0.15,0.0,1.0,0.0,0.025,0,10,0.06918740272521973
BPSK,0.0314,0.0628,0.08,16,0.05,0.005,1.0005,80.0,0.005000000000000001,8,10,0.057816267013549805
BPSK,0.0314,0.0628,0.045,24,0.5,0.005,0.9995,90.0,0.0025000000000000005,9,10,0.07552361488342285
BPSK,0.0314,0.0628,0.08,32,0.35,0.005,1.0002,80.0,0.005000000000000001,8,10,0.06961536407470703
BPSK,0.0314,0.0628,0.08,64,0.0,0.005,0.9995,60.0,0.2,6,10,0.0670926570892334
BPSK,0.0314,0.2916,0.1092,32,0.0,0.0,1.0,70.0,0.15,7,10,0.07101559638977051
QPSK,0.12,0.1,0.045,32,0.02,0.015,1.0,90.0,0.0025000000000000005,9,10,0.07217979431152344
BPSK,0.0314,0.2916,0.2655,32,0.0,0.0,1.0,90.0,0.0,9,10,0.0535130500793457
QPSK,0.0314,0.0571,0.1613,32,0.15,0.0,1.0,90.0,0.0025000000000000005,9,10,0.0696113109588623
QPSK,0.0314,0.2134,0.3176,32,0.0,0.0,1.0,0.0,0.5,0,10,0.07309532165527344
BPSK,0.0314,0.005,0.4739,32,0.0,0.0,1.0,0.0,0.5,0,10,0.07176804542541504
QPSK,0.02,0.03,0.045,32,0.02,0.03,1.0,80.0,0.005000000000000001,8,10,0.05776238441467285
BPSK,0.0314,0.4479,0.0571,32,0.15,0.0,1.0,90.0,0.0025000000000000005,9,10,0.07059168815612793
BPSK,0.0314,0.4218,0.4739,32,0.0,0.0,1.0,0.0,0.5,0,10,0.06765127182006836
QPSK,0.0314,0.1092,0.3697,32,0.15,0.0,1.0,80.0,0.005000000000000001,8,10,0.06629109382629395
QPSK,0.0314,0.1092,0.5,32,0.0,0.0,1.0,0.0,0.5,0,10,0.06322312355041504
BPSK,0.05,0.0628,0.045,32,0.02,0.015,1.0,90.0,0.0025000000000000005,9,10,0.08643746376037598
BPSK,0.0314,0.0628,0.045,24,0.05,0.005,1.0005,80.0,0.005000000000000001,8,10,0.06426143646240234
QPSK,0.0314,0.0628,0.025,16,0.05,0.005,0.9995,90.0,0.0025000000000000005,9,10,0.09194755554199219
QPSK,0.0314,0.0628,0.025,48,0.1,0.005,0.9998,90.0,0.0025000000000000005,9,10,0.06855201721191406
QPSK,0.0314,0.2134,0.3437,32,0.0,0.0,1.0,0.0,0.5,0,10,0.08824753761291504
BPSK,0.0314,0.0571,0.1613,32,0.15,0.0,1.0,0.0,0.025,0,10,0.12322354316711426
QPSK,0.0314,0.1092,0.3437,32,0.0,0.0,1.0,0.0,0.5,0,10,0.10071778297424316
QPSK,0.0314,0.0628,0.08,32,0.1,0.005,0.9995,90.0,0.0025000000000000005,9,10,0.050271034240722656
QPSK,0.0314,0.0628,0.025,48,0.05,0.005,1.0002,90.0,0.0025000000000000005,9,10,0.11745500564575195
QPSK,0.0314,0.3176,0.4739,32,0.0,0.0,1.0,0.0,0.5,0,10,0.06181931495666504
BPSK,0.0314,0.0628,0.045,48,0.5,0.005,0.9995,70.0,0.0075,7,10,0.0890815258026123
BPSK,0.0314,0.4479,0.1613,32,0.15,0.0,1.0,0.0,0.025,0,10,0.05976128578186035
BPSK,0.0314,0.1353,0.4479,32,0.15,0.0,1.0,0.0,0.025,0,10,0.07649660110473633
BPSK,0.0314,0.0628,0.025,24,0.0,0.005,0.9998,90.0,0.0,9,10,0.07384276390075684
BPSK,0.0314,0.0628,0.025,48,0.35,0.005,1.0002,60.0,0.010000000000000002,6,10,0.06693410873413086
QPSK,0.0314,0.2395,0.3958,32,0.15,0.0,1.0,70.0,0.0075,7,10,0.08244180679321289
QPSK,0.0314,0.1353,0.1353,32,0.0,0.0,1.0,90.0,0.0,9,10,0.07146906852722168
QPSK,0.0314,0.0628,0.08,64,0.5,0.005,1.0,90.0,0.0025000000000000005,9,10,0.0830545425415039
BPSK,0.0314,0.0628,0.045,32,0.0,0.005,0.9995,90.0,0.0,9,10,0.06825637817382812
QPSK,0.0314,0.0628,0.025,24,0.5,0.005,0.9998,80.0,0.005000000000000001,8,10,0.061162710189819336
QPSK,0.0314,0.0628,0.025,32,0.5,0.005,0.9995,50.0,0.0125,5,10,0.06771421432495117
BPSK,0.0314,0.1874,0.1613,32,0.0,0.0,1.0,30.0,0.35,3,10,0.07191276550292969
BPSK,0.0314,0.1092,0.2134,32,0.15,0.0,1.0,60.0,0.010000000000000002,6,10,0.05664181709289551
BPSK,0.0314,0.2134,0.1613,32,0.0,0.0,1.0,30.0,0.35,3,10,0.057916879653930664
QPSK,0.0314,0.0311,0.0571,32,0.0,0.0,1.0,90.0,0.0,9,10,0.06300592422485352
BPSK,0.0314,0.0628,0.045,32,0.5,0.005,1.0005,80.0,0.005000000000000001,8,10,0.05585670471191406
BPSK,0.0314,0.005,0.2395,32,0.15,0.0,1.0,50.0,0.0125,5,10,0.057457685470581055
BPSK,0.0314,0.0311,0.005,32,0.15,0.0,1.0,90.0,0.0025000000000000005,9,10,0.06635785102844238
BPSK,0.0314,0.3176,0.3958,32,0.15,0.0,1.0,0.0,0.025,0,10,0.08621835708618164
QPSK,0.0314,0.2916,0.3958,32,0.15,0.0,1.0,70.0,0.0075,7,10,0.0558009147644043
BPSK,0.0314,0.3697,0.1353,32,0.15,0.0,1.0,60.0,0.010000000000000002,6,10,0.07393956184387207
BPSK,0.0314,0.0628,0.025,16,0.5,0.005,0.9995,90.0,0.0025000000000000005,9,10,0.05956578254699707
QPSK,0.02,0.03,0.045,32,0.02,0.015,1.0,90.0,0.0025000000000000005,9,10,0.0621342658996582
QPSK,0.0314,0.4218,0.0832,32,0.15,0.0,1.0,90.0,0.0025000000000000005,9,10,0.06389117240905762
BPSK,0.0314,0.3176,0.005,32,0.0,0.0,1.0,90.0,0.0,9,10,0.05833077430725098
QPSK,0.0314,0.3697,0.0571,32,0.15,0.0,1.0,90.0,0.0025000000000000005,9,10,0.08843469619750977
QPSK,0.0314,0.4479,0.4218,32,0.15,0.0,1.0,60.0,0.010000000000000002,6,10,0.09643411636352539
BPSK,0.0314,0.0628,0.08,64,0.05,0.005,0.9995,50.0,0.0125,5,10,0.0545346736907959
BPSK,0.0314,0.1353,0.3176,32,0.0,0.0,1.0,40.0,0.3,4,10,0.09806275367736816
BPSK,0.0314,0.2395,0.3958,32,0.0,0.0,1.0,0.0,0.5,0,10,0.06526875495910645
QPSK,0.0314,0.2395,0.2134,32,0.15,0.0,1.0,90.0,0.0025000000000000005,9,10,0.06744718551635742
BPSK,0.0314,0.3437,0.1613,32,0.15,0.0,1.0,0.0,0.025,0,10,0.059561729431152344
QPSK,0.08,0.1,0.045,32,0.02,-0.015,1.0,90.0,0.0025000000000000005,9,10,0.07022881507873535
BPSK,0.0314,0.0628,0.025,16,0.0,0.005,0.9995,90.0,0.0,9,10,0.06579351425170898
QPSK,0.0314,0.0628,0.025,64,0.35,0.005,0.9998,90.0,0.0025000000000000005,9,10,0.06978774070739746
BPSK,0.0314,0.4218,0.2395,32,0.15,0.0,1.0,80.0,0.005000000000000001,8,10,0.05404305458068848
QPSK,0.0314,0.0628,0.08,48,0.1,0.005,1.0,90.0,0.0025000000000000005,9,10,0.07407546043395996
QPSK,0.0314,0.2916,0.2134,32,0.0,0.0,1.0,90.0,0.0,9,10,0.06733560562133789
BPSK,0.0314,0.4739,0.3176,32,0.0,0.0,1.0,40.0,0.3,4,10,0.06238269805908203
QPSK,0.0314,0.1353,0.4739,32,0.0,0.0,1.0,0.0,0.5,0,10,0.06180739402770996
BPSK,0.0314,0.0628,0.025,16,0.05,0.005,1.0005,90.0,0.0025000000000000005,9,10,0.06233954429626465
BPSK,0.0314,0.0832,0.2134,32,0.0,0.0,1.0,80.0,0.1,8,10,0.06664514541625977
BPSK,0.0314,0.0832,0.3437,32,0.0,0.0,1.0,0.0,0.5,0,10,0.0929555892944336
BPSK,0.0314,0.0311,0.2134,32,0.15,0.0,1.0,60.0,0.010000000000000002,6,10,0.07297563552856445
BPSK,0.0314,0.0628,0.025,16,0.35,0.005,0.9998,90.0,0.0025000000000000005,9,10,0.07223105430603027
QPSK,0.0314,0.0628,0.025,64,0.5,0.005,1.0005,60.0,0.010000000000000002,6,10,0.06743001937866211
QPSK,0.0314,0.0628,0.08,48,0.0,0.005,1.0,90.0,0.0,9,10,0.06930780410766602
BPSK,0.0314,0.0628,0.045,32,0.2,0.005,0.9998,90.0,0.0025000000000000005,9,10,0.10523223876953125
BPSK,0.0314,0.1874,0.5,32,0.0,0.0,1.0,0.0,0.5,0,10,0.10899758338928223
BPSK,0.0314,0.0628,0.045,16,0.2,0.005,1.0,90.0,0.0025000000000000005,9,10,0.08439111709594727
QPSK,0.0314,0.2134,0.1874,32,0.0,0.0,1.0,90.0,0.0,9,10,0.06708550453186035
BPSK,0.0314,0.2655,0.1613,32,0.0,0.0,1.0,30.0,0.35,3,10,0.06787705421447754
QPSK,0.0314,0.005,0.3958,32,0.15,0.0,1.0,0.0,0.025,0,10,0.048902273178100586
BPSK,0.0314,0.3176,0.5,32,0.15,0.0,1.0,0.0,0.025,0,10,0.07405781745910645
QPSK,0.0314,0.0628,0.045,64,0.05,0.005,1.0005,90.0,0.0025000000000000005,9,10,0.07330632209777832
BPSK,0.0314,0.005,0.4218,32,0.0,0.0,1.0,0.0,0.5,0,10,0.06575512886047363
QPSK,0.0314,0.1613,0.3697,32,0.0,0.0,1.0,90.0,0.0,9,10,0.062296152114868164
BPSK,0.0314,0.3958,0.3697,32,0.0,0.0,1.0,0.0,0.5,0,10,0.06008601188659668
BPSK,0.0314,0.2134,0.0571,32,0.0,0.0,1.0,90.0,0.0,9,10,0.07903504371643066
BPSK,0.0314,0.0628,0.045,24,0.5,0.005,1.0,90.0,0.0025000000000000005,9,10,0.062300920486450195
QPSK,0.0314,0.0571,0.005,32,0.0,0.0,1.0,90.0,0.0,9,10,0.07169699668884277
BPSK,0.0314,0.1353,0.1092,32,0.15,0.0,1.0,70.0,0.0075,7,10,0.06333255767822266
BPSK,0.0314,0.0628,0.08,64,0.0,0.005,1.0,50.0,0.25,5,10,0.07200288772583008
BPSK,0.0314,0.0628,0.025,48,0.1,0.005,1.0005,60.0,0.010000000000000002,6,10,0.08852314949035645
BPSK,0.0314,0.4739,0.3697,32,0.0,0.0,1.0,0.0,0.5,0,10,0.059709787368774414
QPSK,0.0314,0.2655,0.5,32,0.15,0.0,1.0,0.0,0.025,0,10,0.06662678718566895
BPSK,0.0314,0.0628,0.045,24,0.1,0.005,1.0,90.0,0.0025000000000000005,9,10,0.08019065856933594
QPSK,0.0314,0.4479,0.3437,32,0.0,0.0,1.0,0.0,0.5,0,10,0.0624542236328125
BPSK,0.0314,0.4218,0.2916,32,0.15,0.0,1.0,0.0,0.025,0,10,0.05359005928039551
BPSK,0.0314,0.0311,0.3176,32,0.15,0.0,1.0,0.0,0.025,0,10,0.061795711517333984
BPSK,0.0314,0.0628,0.08,64,0.35,0.005,1.0,40.0,0.015,4,10,0.061025381088256836
BPSK,0.0314,0.1092,0.0311,32,0.0,0.0,1.0,90.0,0.0,9,10,0.06058526039123535
QPSK,0.0314,0.0628,0.045,32,0.0,0.005,0.9998,90.0,0.0,9,10,0.054085731506347656
BPSK,0.0314,0.5,0.3958,32,0.15,0.0,1.0,0.0,0.025,0,10,0.07902193069458008
QPSK,0.0314,0.0628,0.08,32,0.0,0.005,1.0,90.0,0.0,9,10,0.058402061462402344
QPSK,0.0314,0.0832,0.3697,32,0.15,0.0,1.0,80.0,0.005000000000000001,8,10,0.05928158760070801
BPSK,0.02,0.0628,0.045,32,0.02,0.015,1.0,90.0,0.0025000000000000005,9,10,0.06285285949707031
BPSK,0.0314,0.4739,0.2395,32,0.15,0.0,1.0,80.0,0.005000000000000001,8,10,0.07666611671447754
QPSK,0.0314,0.4479,0.0311,32,0.0,0.0,1.0,90.0,0.0,9,10,0.07655215263366699
BPSK,0.0314,0.1613,0.005,32,0.15,0.0,1.0,90.0,0.0025000000000000005,9,10,0.0897524356842041
QPSK,0.0314,0.005,0.0311,32,0.15,0.0,1.0,0.0,0.025,0,10,0.10961127281188965
BPSK,0.0314,0.3958,0.0311,32,0.15,0.0,1.0,90.0,0.0025000000000000005,9,10,0.05433177947998047
QPSK,0.0314,0.0628,0.08,24,0.0,0.005,0.9998,90.0,0.0,9,10,0.09893989562988281
BPSK,0.0314,0.5,0.0571,32,0.0,0.0,1.0,90.0,0.0,9,10,0.12857985496520996
QPSK,0.0314,0.0628,0.025,64,0.1,0.005,0.9998,90.0,0.0025000000000000005,9,10,0.07275128364562988
QPSK,0.0314,0.5,0.5,32,0.0,0.0,1.0,0.0,0.5,0,10,0.06582069396972656
QPSK,0.005,0.1,0.045,32,0.02,-0.03,1.0,0.0,0.025,0,10,0.06794190406799316
BPSK,0.08,0.03,0.045,32,0.02,0.0,1.0,90.0,0.0025000000000000005,9,10,0.05691194534301758
BPSK,0.0314,0.0628,0.045,64,0.2,0.005,1.0005,60.0,0.010000000000000002,6,10,0.07841324806213379
BPSK,0.0314,0.005,0.0571,32,0.0,0.0,1.0,90.0,0.0,9,10,0.07167720794677734
BPSK,0.0314,0.0628,0.025,32,0.1,0.005,0.9998,90.0,0.0025000000000000005,9,10,0.060602426528930664
BPSK,0.0314,0.0571,0.5,32,0.0,0.0,1.0,0.0,0.5,0,10,0.08033418655395508
BPSK,0.0314,0.5,0.1613,32,0.0,0.0,1.0,30.0,0.35,3,10,0.057610273361206055
QPSK,0.0314,0.0628,0.08,24,0.35,0.005,1.0,90.0,0.0025000000000000005,9,10,0.0739285945892334
QPSK,0.0314,0.3437,0.0311,32,0.0,0.0,1.0,90.0,0.0,9,10,0.07822942733764648
QPSK,0.0314,0.0628,0.045,64,0.1,0.005,1.0005,90.0,0.0025000000000000005,9,10,0.06961393356323242
QPSK,0.0314,0.4739,0.1613,32,0.0,0.0,1.0,90.0,0.0,9,10,0.06691622734069824
BPSK,0.0314,0.1613,0.3176,32,0.0,0.0,1.0,40.0,0.3,4,10,0.06173372268676758
QPSK,0.0314,0.0571,0.3176,32,0.0,0.0,1.0,0.0,0.5,0,10,0.05779719352722168
QPSK,0.0314,0.0628,0.08,16,0.5,0.005,0.9998,90.0,0.0025000000000000005,9,10,0.06471109390258789
QPSK,0.0314,0.3176,0.1613,32,0.0,0.0,1.0,90.0,0.0,9,10,0.05480670928955078
BPSK,0.0314,0.2395,0.0571,32,0.15,0.0,1.0,90.0,0.0025000000000000005,9,10,0.060366153717041016
BPSK,0.0314,0.0628,0.045,32,0.0,0.005,1.0,90.0,0.0,9,10,0.07106709480285645
QPSK,0.0314,0.0628,0.025,32,0.5,0.005,1.0,50.0,0.0125,5,10,0.06257963180541992
QPSK,0.005,0.0628,0.045,32,0.02,0.03,1.0,0.0,0.025,0,10,0.06941580772399902
QPSK,0.0314,0.2655,0.0311,32,0.15,0.0,1.0,90.0,0.0025000000000000005,9,10,0.05308341979980469
QPSK,0.0314,0.0311,0.3176,32,0.0,0.0,1.0,0.0,0.5,0,10,0.07532262802124023
BPSK,0.0314,0.0628,0.08,48,0.2,0.005,1.0005,80.0,0.005000000000000001,8,10,0.08471107482910156
QPSK,0.0314,0.4739,0.3697,32,0.15,0.0,1.0,50.0,0.0125,5,10,0.0637354850769043
BPSK,0.0314,0.5,0.2655,32,0.15,0.0,1.0,80.0,0.005000000000000001,8,10,0.08069825172424316
QPSK,0.0314,0.2655,0.3697,32,0.0,0.0,1.0,90.0,0.0,9,10,0.06933474540710449
BPSK,0.0314,0.1353,0.1613,32,0.15,0.0,1.0,0.0,0.025,0,10,0.06499290466308594
BPSK,0.0314,0.0628,0.025,32,0.05,0.005,0.9995,90.0,0.0025000000000000005,9,10,0.09655928611755371
BPSK,0.0314,0.1613,0.4739,32,0.15,0.0,1.0,0.0,0.025,0,10,0.11874628067016602
QPSK,0.0314,0.1613,0.1613,32,0.0,0.0,1.0,90.0,0.0,9,10,0.07232904434204102
BPSK,0.0314,0.005,0.2395,32,0.0,0.0,1.0,80.0,0.1,8,10,0.06867575645446777
BPSK,0.0314,0.4218,0.005,32,0.15,0.0,1.0,90.0,0.0025000000000000005,9,10,0.06255221366882324
BPSK,0.0314,0.0628,0.08,24,0.2,0.005,1.0005,20.0,0.020000000000000004,2,10,0.0639495849609375
BPSK,0.0314,0.0832,0.4479,32,0.0,0.0,1.0,0.0,0.5,0,10,0.06133866310119629
QPSK,0.0314,0.2395,0.4739,32,0.15,0.0,1.0,0.0,0.025,0,10,0.07986140251159668
BPSK,0.0314,0.0628,0.045,24,0.0,0.005,1.0,90.0,0.0,9,10,0.06126761436462402
QPSK,0.0314,0.3437,0.2655,32,0.15,0.0,1.0,90.0,0.0025000000000000005,9,10,0.06171107292175293
BPSK,0.0314,0.0628,0.025,48,0.0,0.005,0.9998,90.0,0.0,9,10,0.0672917366027832
QPSK,0.0314,0.0628,0.08,16,0.2,0.005,1.0005,90.0,0.0025000000000000005,9,10,0.06275629997253418
BPSK,0.0314,0.4479,0.3697,32,0.15,0.0,1.0,0.0,0.025,0,10,0.07786965370178223
QPSK,0.0314,0.0571,0.3176,32,0.15,0.0,1.0,80.0,0.005000000000000001,8,10,0.0712578296661377
BPSK,0.0314,0.0628,0.025,16,0.5,0.005,1.0,90.0,0.0025000000000000005,9,10,0.06090807914733887
QPSK,0.0314,0.1874,0.1874,32,0.0,0.0,1.0,90.0,0.0,9,10,0.08050704002380371
BPSK,0.0314,0.0628,0.08,24,0.05,0.005,0.9998,90.0,0.0025000000000000005,9,10,0.054210662841796875
QPSK,0.0314,0.0628,0.045,64,0.0,0.005,1.0002,90.0,0.0,9,10,0.0641930103302002
BPSK,0.02,0.0628,0.045,32,0.02,0.0,1.0,90.0,0.0025000000000000005,9,10,0.06390619277954102
BPSK,0.0314,0.0628,0.08,24,0.35,0.005,0.9998,80.0,0.005000000000000001,8,10,0.07432889938354492
BPSK,0.0314,0.3958,0.1613,32,0.15,0.0,1.0,0.0,0.025,0,10,0.08351373672485352
QPSK,0.0314,0.5,0.2134,32,0.15,0.0,1.0,90.0,0.0025000000000000005,9,10,0.10050392150878906
QPSK,0.0314,0.4739,0.1613,32,0.15,0.0,1.0,90.0,0.0025000000000000005,9,10,0.06089305877685547
QPSK,0.0314,0.0628,0.045,32,0.2,0.005,1.0005,90.0,0.0025000000000000005,9,10,0.07375288009643555
QPSK,0.0314,0.0628,0.08,32,0.05,0.005,1.0005,90.0,0.0025000000000000005,9,10,0.06437897682189941
QPSK,0.0314,0.0628,0.08,16,0.35,0.005,0.9998,90.0,0.0025000000000000005,9,10,0.06016731262207031
BPSK,0.0314,0.1874,0.0311,32,0.0,0.0,1.0,90.0,0.0,9,10,0.06144905090332031
BPSK,0.0314,0.0628,0.025,24,0.35,0.005,1.0002,90.0,0.0025000000000000005,9,10,0.06743073463439941
BPSK,0.005,0.03,0.045,32,0.02,0.03,1.0,60.0,0.010000000000000002,6,10,0.06980752944946289
BPSK,0.0314,0.0628,0.045,24,0.2,0.005,1.0005,90.0,0.0025000000000000005,9,10,0.07267045974731445
QPSK,0.0314,0.0628,0.025,16,0.2,0.005,1.0005,80.0,0.005000000000000001,8,10,0.07059025764465332
BPSK,0.0314,0.1092,0.4479,32,0.15,0.0,1.0,0.0,0.025,0,10,0.055979251861572266
QPSK,0.0314,0.0628,0.045,32,0.05,0.005,0.9998,90.0,0.0025000000000000005,9,10,0.06966066360473633
BPSK,0.01,0.1,0.045,32,0.02,0.015,1.0,90.0,0.0025000000000000005,9,10,0.076385498046875
QPSK,0.0314,0.0628,0.045,24,0.35,0.005,0.9995,90.0,0.0025000000000000005,9,10,0.07582855224609375
BPSK,0.0314,0.0628,0.045,64,0.1,0.005,1.0002,40.0,0.015,4,10,0.055173635482788086
BPSK,0.0314,0.3697,0.0571,32,0.0,0.0,1.0,90.0,0.0,9,10,0.07321715354919434
BPSK,0.0314,0.3437,0.3697,32,0.15,0.0,1.0,0.0,0.025,0,10,0.07473516464233398
BPSK,0.0314,0.0311,0.1353,32,0.0,0.0,1.0,40.0,0.3,4,10,0.055683135986328125
QPSK,0.0314,0.0628,0.08,24,0.05,0.005,0.9998,90.0,0.0025000000000000005,9,10,0.0701913833618164
QPSK,0.0314,0.0628,0.08,64,0.1,0.005,1.0002,90.0,0.0025000000000000005,9,10,0.08004164695739746
BPSK,0.0314,0.005,0.3697,32,0.15,0.0,1.0,0.0,0.025,0,10,0.08121204376220703
BPSK,0.0314,0.3958,0.3958,32,0.0,0.0,1.0,0.0,0.5,0,10,0.08051347732543945
BPSK,0.02,0.03,0.045,32,0.02,-0.03,1.0,80.0,0.005000000000000001,8,10,0.06610655784606934
QPSK,0.0314,0.4218,0.3176,32,0.15,0.0,1.0,80.0,0.005000000000000001,8,10,0.05178093910217285
BPSK,0.0314,0.0628,0.025,64,0.0,0.005,1.0002,50.0,0.25,5,10,0.07360982894897461
BPSK,0.0314,0.0628,0.045,48,0.0,0.005,1.0,60.0,0.2,6,10,0.06208658218383789
QPSK,0.0314,0.0832,0.1092,32,0.15,0.0,1.0,90.0,0.0025000000000000005,9,10,0.06452250480651855
QPSK,0.005,0.0628,0.045,32,0.02,0.015,1.0,90.0,0.0025000000000000005,9,10,0.06569480895996094
BPSK,0.0314,0.2395,0.0311,32,0.15,0.0,1.0,90.0,0.0025000000000000005,9,10,0.08401942253112793
BPSK,0.0314,0.2134,0.1874,32,0.0,0.0,1.0,70.0,0.15,7,10,0.09390044212341309
BPSK,0.0314,0.3958,0.3176,32,0.0,0.0,1.0,40.0,0.3,4,10,0.08885884284973145
QPSK,0.0314,0.0628,0.045,24,0.2,0.005,1.0002,90.0,0.0025000000000000005,9,10,0.08907461166381836
BPSK,0.0314,0.2916,0.3437,32,0.0,0.0,1.0,0.0,0.5,0,10,0.12110733985900879
QPSK,0.0314,0.0628,0.025,64,0.05,0.005,1.0005,90.0,0.0025000000000000005,9,10,0.13286781311035156
QPSK,0.0314,0.0628,0.045,24,0.1,0.005,1.0005,90.0,0.0025000000000000005,9,10,0.06687211990356445
BPSK,0.0314,0.0628,0.08,48,0.0,0.005,0.9998,70.0,0.15,7,10,0.07612466812133789
BPSK,0.0314,0.2395,0.3176,32,0.15,0.0,1.0,0.0,0.025,0,10,0.06742691993713379
QPSK,0.0314,0.4479,0.4739,32,0.15,0.0,1.0,0.0,0.025,0,10,0.06721639633178711
BPSK,0.0314,0.0628,0.045,16,0.05,0.005,1.0,90.0,0.0025000000000000005,9,10,0.06608915328979492
QPSK,0.0314,0.0628,0.025,24,0.05,0.005,1.0,90.0,0.0025000000000000005,9,10,0.08462858200073242
QPSK,0.0314,0.2916,0.4218,32,0.15,0.0,1.0,40.0,0.015,4,10,0.05724024772644043
QPSK,0.0314,0.1613,0.4739,32,0.15,0.0,1.0,0.0,0.025,0,10,0.0735783576965332
BPSK,0.0314,0.4739,0.4739,32,0.0,0.0,1.0,0.0,0.5,0,10,0.05343914031982422
QPSK,0.0314,0.0571,0.2395,32,0.15,0.0,1.0,90.0,0.0025000000000000005,9,10,0.07485175132751465
QPSK,0.0314,0.0628,0.08,48,0.1,0.005,0.9998,90.0,0.0025000000000000005,9,10,0.059958696365356445
QPSK,0.0314,0.2655,0.5,32,0.0,0.0,1.0,0.0,0.5,0,10,0.08224940299987793
BPSK,0.0314,0.0628,0.045,48,0.2,0.005,0.9998,70.0,0.0075,7,10,0.062283992767333984
QPSK,0.0314,0.2395,0.1613,32,0.15,0.0,1.0,90.0,0.0025000000000000005,9,10,0.07820987701416016
QPSK,0.02,0.0628,0.045,32,0.02,0.015,1.0,90.0,0.0025000000000000005,9,10,0.0741262435913086
QPSK,0.0314,0.2916,0.2655,32,0.0,0.0,1.0,80.0,0.1,8,10,0.06401658058166504
BPSK,0.0314,0.0628,0.08,32,0.1,0.005,1.0002,80.0,0.005000000000000001,8,10,0.06014609336853027
BPSK,0.0314,0.0832,0.3958,32,0.0,0.0,1.0,0.0,0.5,0,10,0.05560016632080078
BPSK,0.0314,0.0628,0.045,32,0.5,0.005,1.0002,50.0,0.0125,5,10,0.0631411075592041
BPSK,0.0314,0.4739,0.0832,32,0.0,0.0,1.0,80.0,0.1,8,10,0.06538867950439453
QPSK,0.0314,0.0628,0.08,48,0.35,0.005,0.9998,90.0,0.0025000000000000005,9,10,0.07138180732727051
QPSK,0.0314,0.3697,0.4479,32,0.15,0.0,1.0,0.0,0.025,0,10,0.05371594429016113
BPSK,0.0314,0.3958,0.2655,32,0.0,0.0,1.0,90.0,0.0,9,10,0.07137155532836914
QPSK,0.0314,0.4218,0.4739,32,0.15,0.0,1.0,0.0,0.025,0,10,0.05975914001464844
QPSK,0.0314,0.1353,0.5,32,0.0,0.0,1.0,0.0,0.5,0,10,0.07883620262145996
BPSK,0.005,0.03,0.045,32,0.02,0.015,1.0,80.0,0.005000000000000001,8,10,0.06761407852172852
BPSK,0.0314,0.005,0.1092,32,0.15,0.0,1.0,40.0,0.015,4,10,0.07256913185119629
BPSK,0.0314,0.1353,0.2134,32,0.15,0.0,1.0,60.0,0.010000000000000002,6,10,0.06430864334106445
QPSK,0.0314,0.0628,0.025,48,0.2,0.005,1.0005,80.0,0.005000000000000001,8,10,0.09156298637390137
QPSK,0.0314,0.4479,0.2916,32,0.15,0.0,1.0,90.0,0.0025000000000000005,9,10,0.05835318565368652
BPSK,0.0314,0.0628,0.08,24,0.1,0.005,0.9998,90.0,0.0025000000000000005,9,10,0.06470012664794922
QPSK,0.0314,0.3958,0.5,32,0.15,0.0,1.0,0.0,0.025,0,10,0.09819865226745605
QPSK,0.0314,0.0832,0.1613,32,0.15,0.0,1.0,90.0,0.0025000000000000005,9,10,0.06427192687988281
QPSK,0.0314,0.0628,0.08,16,0.1,0.005,0.9998,90.0,0.0025000000000000005,9,10,0.04823613166809082
BPSK,0.0314,0.1874,0.0571,32,0.15,0.0,1.0,90.0,0.0025000000000000005,9,10,0.06396269798278809
QPSK,0.0314,0.0628,0.08,64,0.35,0.005,0.9995,90.0,0.0025000000000000005,9,10,0.07988309860229492
QPSK,0.0314,0.3437,0.1874,32,0.0,0.0,1.0,90.0,0.0,9,10,0.07320642471313477
BPSK,0.0314,0.0628,0.045,48,0.35,0.005,1.0002,60.0,0.010000000000000002,6,10,0.08133077621459961
BPSK,0.0314,0.1874,0.3176,32,0.0,0.0,1.0,40.0,0.3,4,10,0.06810879707336426
BPSK,0.0314,0.0628,0.08,48,0.35,0.005,1.0002,80.0,0.005000000000000001,8,10,0.08259129524230957
BPSK,0.0314,0.0628,0.08,32,0.5,0.005,1.0002,60.0,0.010000000000000002,6,10,0.07729387283325195
BPSK,0.0314,0.0628,0.08,24,0.0,0.005,1.0002,80.0,0.1,8,10,0.06267309188842773
QPSK,0.0314,0.0311,0.4218,32,0.0,0.0,1.0,40.0,0.3,4,10,0.07079482078552246
BPSK,0.0314,0.0832,0.1613,32,0.15,0.0,1.0,0.0,0.025,0,10,0.059653282165527344
QPSK,0.0314,0.4739,0.2655,32,0.15,0.0,1.0,90.0,0.0025000000000000005,9,10,0.05872535705566406
QPSK,0.0314,0.0628,0.08,24,0.5,0.005,1.0002,80.0,0.005000000000000001,8,10,0.07582449913024902
QPSK,0.0314,0.0628,0.08,16,0.0,0.005,1.0002,90.0,0.0,9,10,0.07521486282348633
QPSK,0.0314,0.1092,0.2916,32,0.0,0.0,1.0,90.0,0.0,9,10,0.07707977294921875
BPSK,0.0314,0.0628,0.025,24,0.5,0.005,1.0005,70.0,0.0075,7,10,0.07085895538330078
BPSK,0.0314,0.0628,0.045,32,0.1,0.005,1.0,90.0,0.0025000000000000005,9,10,0.0626220703125
BPSK,0.0314,0.0628,0.08,64,0.05,0.005,1.0005,60.0,0.010000000000000002,6,10,0.11339211463928223
BPSK,0.0314,0.0628,0.025,16,0.2,0.005,0.9998,90.0,0.0025000000000000005,9,10,0.08255863189697266
BPSK,0.0314,0.0832,0.1092,32,0.0,0.0,1.0,70.0,0.15,7,10,0.06411886215209961
QPSK,0.0314,0.4479,0.0832,32,0.0,0.0,1.0,90.0,0.0,9,10,0.06815791130065918
QPSK,0.0314,0.4218,0.4218,32,0.15,0.0,1.0,60.0,0.010000000000000002,6,10,0.07680630683898926
QPSK,0.0314,0.4739,0.1874,32,0.0,0.0,1.0,90.0,0.0,9,10,0.056859493255615234
QPSK,0.0314,0.1874,0.005,32,0.0,0.0,1.0,80.0,0.1,8,10,0.07000350952148438
QPSK,0.05,0.03,0.045,32,0.02,0.0,1.0,40.0,0.015,4,10,0.08315682411193848
QPSK,0.0314,0.1874,0.0832,32,0.15,0.0,1.0,90.0,0.0025000000000000005,9,10,0.07906675338745117
QPSK,0.0314,0.0628,0.025,24,0.35,0.005,0.9998,90.0,0.0025000000000000005,9,10,0.06491208076477051
QPSK,0.0314,0.0628,0.045,24,0.5,0.005,1.0,80.0,0.005000000000000001,8,10,0.06731247901916504
BPSK,0.0314,0.0628,0.025,16,0.0,0.005,1.0005,90.0,0.0,9,10,0.06985068321228027
BPSK,0.0314,0.2916,0.4479,32,0.0,0.0,1.0,0.0,0.5,0,10,0.05069112777709961
BPSK,0.0314,0.0628,0.045,24,0.1,0.005,0.9998,90.0,0.0025000000000000005,9,10,0.07408857345581055
QPSK,0.0314,0.3958,0.4739,32,0.0,0.0,1.0,0.0,0.5,0,10,0.06670403480529785
BPSK,0.08,0.1,0.045,32,0.02,0.015,1.0,90.0,0.0025000000000000005,9,10,0.06443190574645996
BPSK,0.0314,0.1092,0.0832,32,0.0,0.0,1.0,80.0,0.1,8,10,0.08693790435791016
QPSK,0.0314,0.2655,0.4739,32,0.0,0.0,1.0,0.0,0.5,0,10,0.06341695785522461
BPSK,0.0314,0.0832,0.0832,32,0.15,0.0,1.0,70.0,0.0075,7,10,0.05806779861450195
QPSK,0.0314,0.3958,0.1874,32,0.0,0.0,1.0,90.0,0.0,9,10,0.05026125907897949
BPSK,0.0314,0.2134,0.3697,32,0.0,0.0,1.0,0.0,0.5,0,10,0.07473611831665039
BPSK,0.0314,0.0571,0.4739,32,0.15,0.0,1.0,0.0,0.025,0,10,0.05034446716308594
QPSK,0.0314,0.1092,0.0311,32,0.0,0.0,1.0,90.0,0.0,9,10,0.0703589916229248
QPSK,0.12,0.03,0.045,32,0.02,0.03,1.0,0.0,0.025,0,10,0.056264400482177734
QPSK,0.0314,0.0628,0.025,16,0.2,0.005,0.9995,90.0,0.0025000000000000005,9,10,0.06764459609985352
QPSK,0.0314,0.5,0.3958,32,0.0,0.0,1.0,70.0,0.15,7,10,0.05466651916503906
BPSK,0.0314,0.0628,0.045,24,0.35,0.005,0.9998,90.0,0.0025000000000000005,9,10,0.07345986366271973
QPSK,0.0314,0.0628,0.025,64,0.5,0.005,1.0002,60.0,0.010000000000000002,6,10,0.07225561141967773
BPSK,0.0314,0.0628,0.025,32,0.05,0.005,1.0,90.0,0.0025000000000000005,9,10,0.05361461639404297
QPSK,0.0314,0.3958,0.0571,32,0.15,0.0,1.0,90.0,0.0025000000000000005,9,10,0.09772729873657227
QPSK,0.0314,0.3437,0.0311,32,0.15,0.0,1.0,90.0,0.0025000000000000005,9,10,0.10804271697998047
BPSK,0.0314,0.0628,0.08,32,0.35,0.005,0.9995,50.0,0.0125,5,10,0.06350231170654297
QPSK,0.0314,0.3437,0.2655,32,0.0,0.0,1.0,80.0,0.1,8,10,0.07957148551940918
QPSK,0.0314,0.5,0.005,32,0.15,0.0,1.0,60.0,0.010000000000000002,6,10,0.131622314453125
BPSK,0.0314,0.2916,0.0571,32,0.0,0.0,1.0,90.0,0.0,9,10,0.12021803855895996
QPSK,0.0314,0.2134,0.2655,32,0.0,0.0,1.0,80.0,0.1,8,10,0.08193850517272949
QPSK,0.01,0.1,0.045,32,0.02,0.015,1.0,90.0,0.0025000000000000005,9,10,0.06627607345581055
BPSK,0.0314,0.0628,0.025,32,0.2,0.005,1.0002,90.0,0.0025000000000000005,9,10,0.06859922409057617
BPSK,0.0314,0.0628,0.045,24,0.5,0.005,1.0005,80.0,0.005000000000000001,8,10,0.0763847827911377
QPSK,0.0314,0.0571,0.4218,32,0.0,0.0,1.0,40.0,0.3,4,10,0.06703996658325195
QPSK,0.0314,0.4218,0.1353,32,0.0,0.0,1.0,90.0,0.0,9,10,0.07429790496826172
BPSK,0.0314,0.5,0.5,32,0.0,0.0,1.0,0.0,0.5,0,10,0.06931591033935547
QPSK,0.0314,0.2916,0.4218,32,0.0,0.0,1.0,40.0,0.3,4,10,0.06960225105285645
BPSK,0.0314,0.0628,0.045,32,0.02,0.015,1.0,90.0,0.0025000000000000005,9,10,0.07358813285827637
BPSK,0.0314,0.3437,0.2655,32,0.0,0.0,1.0,90.0,0.0,9,10,0.06311631202697754
BPSK,0.0314,0.5,0.005,32,0.15,0.0,1.0,90.0,0.0025000000000000005,9,10,0.07406806945800781
QPSK,0.0314,0.3176,0.4218,32,0.15,0.0,1.0,60.0,0.010000000000000002,6,10,0.06559944152832031
QPSK,0.0314,0.1613,0.0832,32,0.0,0.0,1.0,90.0,0.0,9,10,0.060169219970703125
QPSK,0.0314,0.0628,0.045,24,0.0,0.005,0.9998,90.0,0.0,9,10,0.06596159934997559
BPSK,0.0314,0.0628,0.045,16,0.35,0.005,1.0002,90.0,0.0025000000000000005,9,10,0.07024693489074707
BPSK,0.0314,0.0628,0.025,48,0.5,0.005,1.0002,10.0,0.022500000000000003,1,10,0.0778050422668457
QPSK,0.0314,0.0628,0.045,24,0.05,0.005,1.0002,90.0,0.0025000000000000005,9,10,0.0606236457824707
BPSK,0.0314,0.4479,0.3176,32,0.15,0.0,1.0,0.0,0.025,0,10,0.08888506889343262
BPSK,0.0314,0.3958,0.3697,32,0.15,0.0,1.0,0.0,0.025,0,10,0.06758308410644531
BPSK,0.12,0.1,0.045,32,0.02,-0.03,1.0,90.0,0.0025000000000000005,9,10,0.07032227516174316
QPSK,0.0314,0.0832,0.1613,32,0.0,0.0,1.0,90.0,0.0,9,10,0.059519290924072266
QPSK,0.0314,0.3697,0.005,32,0.15,0.0,1.0,80.0,0.005000000000000001,8,10,0.07371735572814941
QPSK,0.0314,0.0628,0.045,32,0.35,0.005,0.9998,90.0,0.0025000000000000005,9,10,0.0746297836303711
BPSK,0.0314,0.1092,0.2395,32,0.0,0.0,1.0,80.0,0.1,8,10,0.05878019332885742
QPSK,0.0314,0.5,0.3697,32,0.0,0.0,1.0,80.0,0.1,8,10,0.06401991844177246
BPSK,0.0314,0.4479,0.1874,32,0.0,0.0,1.0,70.0,0.15,7,10,0.07076835632324219
QPSK,0.0314,0.0628,0.08,48,0.0,0.005,1.0002,90.0,0.0,9,10,0.06060361862182617
BPSK,0.0314,0.4218,0.2134,32,0.15,0.0,1.0,60.0,0.010000000000000002,6,10,0.10520100593566895
QPSK,0.0314,0.0628,0.045,24,0.35,0.005,1.0,90.0,0.0025000000000000005,9,10,0.08701705932617188
BPSK,0.0314,0.0311,0.4739,32,0.0,0.0,1.0,0.0,0.5,0,10,0.07809996604919434
QPSK,0.0314,0.3958,0.3176,32,0.15,0.0,1.0,80.0,0.005000000000000001,8,10,0.06449723243713379
QPSK,0.0314,0.0628,0.025,32,0.1,0.005,0.9998,90.0,0.0025000000000000005,9,10,0.09082531929016113
QPSK,0.05,0.03,0.045,32,0.02,-0.015,1.0,40.0,0.015,4,10,0.05492663383483887
BPSK,0.0314,0.005,0.1613,32,0.15,0.0,1.0,0.0,0.025,0,10,0.08630967140197754
QPSK,0.0314,0.2916,0.0311,32,0.15,0.0,1.0,90.0,0.0025000000000000005,9,10,0.07388949394226074
QPSK,0.0314,0.0628,0.025,48,0.5,0.005,0.9998,70.0,0.0075,7,10,0.08063602447509766
BPSK,0.0314,0.4218,0.1613,32,0.15,0.0,1.0,0.0,0.025,0,10,0.06458163261413574
BPSK,0.0314,0.2395,0.3697,32,0.15,0.0,1.0,0.0,0.025,0,10,0.057981252670288086
BPSK,0.0314,0.3176,0.2916,32,0.0,0.0,1.0,60.0,0.2,6,10,0.0649101734161377
BPSK,0.0314,0.3437,0.4739,32,0.0,0.0,1.0,0.0,0.5,0,10,0.07209444046020508
BPSK,0.0314,0.2655,0.2395,32,0.15,0.0,1.0,80.0,0.005000000000000001,8,10,0.06509876251220703
BPSK,0.0314,0.3958,0.5,32,0.15,0.0,1.0,0.0,0.025,0,10,0.0632162094116211
QPSK,0.0314,0.005,0.2655,32,0.0,0.0,1.0,0.0,0.5,0,10,0.06811285018920898
BPSK,0.02,0.1,0.045,32,0.02,0.0,1.0,90.0,0.0025000000000000005,9,10,0.06198310852050781
BPSK,0.0314,0.1353,0.0571,32,0.0,0.0,1.0,90.0,0.0,9,10,0.07251834869384766
QPSK,0.0314,0.5,0.2395,32,0.15,0.0,1.0,90.0,0.0025000000000000005,9,10,0.06162619590759277
BPSK,0.0314,0.2655,0.0571,32,0.0,0.0,1.0,90.0,0.0,9,10,0.07023286819458008
QPSK,0.0314,0.4739,0.3958,32,0.0,0.0,1.0,70.0,0.15,7,10,0.0572664737701416
BPSK,0.0314,0.0628,0.045,16,0.1,0.005,0.9998,90.0,0.0025000000000000005,9,10,0.06769633293151855
QPSK,0.0314,0.0628,0.045,64,0.35,0.005,1.0,90.0,0.0025000000000000005,9,10,0.09529972076416016
QPSK,0.0314,0.0628,0.045,48,0.05,0.005,1.0002,90.0,0.0025000000000000005,9,10,0.07853269577026367
BPSK,0.0314,0.0628,0.025,64,0.05,0.005,1.0,90.0,0.0025000000000000005,9,10,0.0766592025756836
QPSK,0.0314,0.0628,0.025,48,0.35,0.005,1.0002,80.0,0.005000000000000001,8,10,0.06404423713684082
QPSK,0.0314,0.0628,0.045,64,0.1,0.005,0.9998,90.0,0.0025000000000000005,9,10,0.06564188003540039
BPSK,0.0314,0.5,0.2395,32,0.15,0.0,1.0,80.0,0.005000000000000001,8,10,0.049440860748291016
BPSK,0.0314,0.0628,0.045,16,0.5,0.005,1.0005,80.0,0.005000000000000001,8,10,0.07608318328857422
BPSK,0.0314,0.0628,0.025,64,0.2,0.005,1.0002,70.0,0.0075,7,10,0.06305408477783203
QPSK,0.01,0.03,0.045,32,0.02,0.03,1.0,70.0,0.0075,7,10,0.0570681095123291
QPSK,0.0314,0.3697,0.3958,32,0.0,0.0,1.0,70.0,0.15,7,10,0.062211036682128906
BPSK,0.0314,0.4479,0.0311,32,0.15,0.0,1.0,90.0,0.0025000000000000005,9,10,0.0754556655883789
QPSK,0.0314,0.005,0.2655,32,0.15,0.0,1.0,0.0,0.025,0,10,0.060051679611206055
BPSK,0.0314,0.0628,0.045,32,0.02,0.0,1.0,90.0,0.0025000000000000005,9,10,0.06829619407653809
QPSK,0.0314,0.0311,0.0832,32,0.15,0.0,1.0,90.0,0.0025000000000000005,9,10,0.06725764274597168
QPSK,0.0314,0.0628,0.045,16,0.35,0.005,0.9998,90.0,0.0025000000000000005,9,10,0.06752634048461914
QPSK,0.0314,0.3176,0.2916,32,0.0,0.0,1.0,90.0,0.0,9,10,0.07690954208374023
BPSK,0.0314,0.1613,0.4479,32,0.15,0.0,1.0,0.0,0.025,0,10,0.06377458572387695
BPSK,0.0314,0.0628,0.08,16,0.5,0.005,1.0005,60.0,0.010000000000000002,6,10,0.07097029685974121
QPSK,0.0314,0.3437,0.5,32,0.15,0.0,1.0,0.0,0.025,0,10,0.08743095397949219
BPSK,0.0314,0.1353,0.0571,32,0.15,0.0,1.0,90.0,0.0025000000000000005,9,10,0.06570267677307129
QPSK,0.0314,0.3176,0.4218,32,0.0,0.0,1.0,40.0,0.3,4,10,0.06136894226074219
BPSK,0.0314,0.1092,0.2916,32,0.0,0.0,1.0,60.0,0.2,6,10,0.06031394004821777
QPSK,0.0314,0.2655,0.4479,32,0.0,0.0,1.0,70.0,0.15,7,10,0.06629443168640137
BPSK,0.0314,0.0628,0.08,64,0.1,0.005,1.0,70.0,0.0075,7,10,0.07416033744812012
QPSK,0.0314,0.0628,0.025,16,0.05,0.005,1.0002,90.0,0.0025000000000000005,9,10,0.07965898513793945
BPSK,0.0314,0.0832,0.0311,32,0.15,0.0,1.0,90.0,0.0025000000000000005,9,10,0.057137489318847656
QPSK,0.0314,0.3176,0.2134,32,0.0,0.0,1.0,90.0,0.0,9,10,0.0706784725189209
QPSK,0.0314,0.2916,0.2395,32,0.0,0.0,1.0,90.0,0.0,9,10,0.08528304100036621
BPSK,0.0314,0.0628,0.08,48,0.0,0.005,1.0002,70.0,0.15,7,10,0.0652923583984375
BPSK,0.0314,0.1092,0.2134,32,0.0,0.0,1.0,80.0,0.1,8,10,0.06700992584228516
QPSK,0.0314,0.0628,0.025,32,0.35,0.005,0.9995,90.0,0.0025000000000000005,9,10,0.07885384559631348
BPSK,0.0314,0.0832,0.2655,32,0.15,0.0,1.0,80.0,0.005000000000000001,8,10,0.08632826805114746
BPSK,0.005,0.0628,0.045,32,0.02,-0.015,1.0,90.0,0.0025000000000000005,9,10,0.0654911994934082
QPSK,0.0314,0.2655,0.2134,32,0.15,0.0,1.0,90.0,0.0025000000000000005,9,10,0.12353253364562988
BPSK,0.0314,0.0832,0.1874,32,0.0,0.0,1.0,70.0,0.15,7,10,0.09423708915710449
QPSK,0.0314,0.0628,0.045,32,0.2,0.005,0.9998,90.0,0.0025000000000000005,9,10,0.09136819839477539
QPSK,0.0314,0.1613,0.3176,32,0.0,0.0,1.0,0.0,0.5,0,10,0.0915842056274414
QPSK,0.0314,0.4479,0.1874,32,0.0,0.0,1.0,90.0,0.0,9,10,0.07091093063354492
BPSK,0.0314,0.0628,0.025,16,0.05,0.005,0.9998,90.0,0.0025000000000000005,9,10,0.0753183364868164
BPSK,0.0314,0.0628,0.025,24,0.35,0.005,0.9995,90.0,0.0025000000000000005,9,10,0.0607905387878418
BPSK,0.0314,0.0628,0.025,32,0.35,0.005,0.9995,90.0,0.0025000000000000005,9,10,0.06918811798095703
QPSK,0.005,0.03,0.045,32,0.02,-0.03,1.0,0.0,0.025,0,10,0.07158112525939941
BPSK,0.0314,0.3697,0.1613,32,0.15,0.0,1.0,0.0,0.025,0,10,0.06866192817687988
QPSK,0.0314,0.3176,0.1613,32,0.15,0.0,1.0,90.0,0.0025000000000000005,9,10,0.061983585357666016
QPSK,0.0314,0.0628,0.025,48,0.5,0.005,1.0005,50.0,0.0125,5,10,0.06936526298522949
BPSK,0.02,0.1,0.045,32,0.02,-0.015,1.0,90.0,0.0025000000000000005,9,10,0.07152342796325684
QPSK,0.0314,0.2655,0.1613,32,0.15,0.0,1.0,90.0,0.0025000000000000005,9,10,0.06085038185119629
BPSK,0.0314,0.2395,0.1613,32,0.15,0.0,1.0,0.0,0.025,0,10,0.07068204879760742
QPSK,0.0314,0.3176,0.1353,32,0.0,0.0,1.0,90.0,0.0,9,10,0.06447935104370117
QPSK,0.0314,0.0628,0.08,16,0.05,0.005,1.0,90.0,0.0025000000000000005,9,10,0.07961201667785645
QPSK,0.0314,0.005,0.3437,32,0.15,0.0,1.0,0.0,0.025,0,10,0.05763530731201172
QPSK,0.0314,0.2395,0.1874,32,0.0,0.0,1.0,90.0,0.0,9,10,0.08962154388427734
QPSK,0.0314,0.0628,0.08,16,0.35,0.005,1.0,90.0,0.0025000000000000005,9,10,0.07002615928649902
BPSK,0.0314,0.0628,0.08,32,0.5,0.005,0.9998,30.0,0.017499999999999998,3,10,0.07691645622253418
BPSK,0.0314,0.2134,0.4739,32,0.0,0.0,1.0,0.0,0.5,0,10,0.07045602798461914
QPSK,0.0314,0.3697,0.5,32,0.0,0.0,1.0,0.0,0.5,0,10,0.062304019927978516
QPSK,0.0314,0.3176,0.0311,32,0.15,0.0,1.0,90.0,0.0025000000000000005,9,10,0.0640265941619873
BPSK,0.0314,0.0628,0.045,24,0.05,0.005,0.9995,90.0,0.0025000000000000005,9,10,0.06171059608459473
QPSK,0.02,0.0628,0.045,32,0.02,0.0,1.0,90.0,0.0025000000000000005,9,10,0.06758832931518555
QPSK,0.0314,0.3958,0.2395,32,0.0,0.0,1.0,90.0,0.0,9,10,0.07406973838806152
QPSK,0.0314,0.3437,0.3697,32,0.0,0.0,1.0,90.0,0.0,9,10,0.05108928680419922
BPSK,0.0314,0.0628,0.025,64,0.5,0.005,0.9998,90.0,0.0025000000000000005,9,10,0.07225608825683594
QPSK,0.0314,0.0628,0.045,64,0.05,0.005,0.9998,90.0,0.0025000000000000005,9,10,0.06645345687866211
QPSK,0.0314,0.4479,0.1613,32,0.0,0.0,1.0,90.0,0.0,9,10,0.06835436820983887
QPSK,0.0314,0.0628,0.08,24,0.2,0.005,0.9998,90.0,0.0025000000000000005,9,10,0.09537863731384277
QPSK,0.0314,0.2395,0.0311,32,0.0,0.0,1.0,90.0,0.0,9,10,0.08541059494018555
BPSK,0.08,0.0628,0.045,32,0.02,0.015,1.0,90.0,0.0025000000000000005,9,10,0.09312701225280762
QPSK,0.0314,0.0628,0.025,16,0.35,0.005,1.0002,90.0,0.0025000000000000005,9,10,0.06861615180969238
BPSK,0.0314,0.0628,0.025,16,0.2,0.005,1.0002,90.0,0.0025000000000000005,9,10,0.05929851531982422
BPSK,0.0314,0.0628,0.045,16,0.0,0.005,0.9998,90.0,0.0,9,10,0.05541634559631348
QPSK,0.0314,0.0628,0.045,32,0.02,0.03,1.0,90.0,0.0025000000000000005,9,10,0.0804293155670166
BPSK,0.0314,0.0628,0.045,64,0.5,0.005,1.0,10.0,0.022500000000000003,1,10,0.07623076438903809
QPSK,0.0314,0.0832,0.2916,32,0.0,0.0,1.0,90.0,0.0,9,10,0.06159067153930664
QPSK,0.0314,0.4218,0.4739,32,0.0,0.0,1.0,0.0,0.5,0,10,0.07033562660217285
QPSK,0.0314,0.1874,0.3176,32,0.15,0.0,1.0,80.0,0.005000000000000001,8,10,0.05376100540161133
BPSK,0.0314,0.4739,0.5,32,0.15,0.0,1.0,0.0,0.025,0,10,0.07360577583312988
QPSK,0.0314,0.0628,0.025,64,0.2,0.005,0.9998,90.0,0.0025000000000000005,9,10,0.0732424259185791
QPSK,0.0314,0.0628,0.045,16,0.0,0.005,1.0002,90.0,0.0,9,10,0.05507826805114746
BPSK,0.0314,0.1092,0.3437,32,0.0,0.0,1.0,0.0,0.5,0,10,0.08459258079528809
QPSK,0.0314,0.2655,0.2395,32,0.15,0.0,1.0,90.0,0.0025000000000000005,9,10,0.07417511940002441
BPSK,0.0314,0.0571,0.1092,32,0.0,0.0,1.0,70.0,0.15,7,10,0.08104372024536133
QPSK,0.0314,0.1353,0.0571,32,0.0,0.0,1.0,90.0,0.0,9,10,0.06397795677185059
BPSK,0.0314,0.0628,0.045,24,0.0,0.005,1.0005,80.0,0.1,8,10,0.07991337776184082
BPSK,0.0314,0.3958,0.1092,32,0.0,0.0,1.0,70.0,0.15,7,10,0.0716707706451416
QPSK,0.0314,0.3958,0.4218,32,0.15,0.0,1.0,60.0,0.010000000000000002,6,10,0.11199402809143066
BPSK,0.0314,0.3176,0.0832,32,0.15,0.0,1.0,70.0,0.0075,7,10,0.08306479454040527
BPSK,0.0314,0.0628,0.025,48,0.5,0.005,0.9998,90.0,0.0025000000000000005,9,10,0.05968022346496582
BPSK,0.0314,0.0628,0.045,64,0.0,0.005,1.0005,80.0,0.1,8,10,0.07407784461975098
BPSK,0.0314,0.4479,0.1353,32,0.0,0.0,1.0,40.0,0.3,4,10,0.08164858818054199
QPSK,0.0314,0.1353,0.2655,32,0.0,0.0,1.0,80.0,0.1,8,10,0.06746816635131836
BPSK,0.0314,0.5,0.2134,32,0.15,0.0,1.0,60.0,0.010000000000000002,6,10,0.056201934814453125
BPSK,0.0314,0.0628,0.025,48,0.2,0.005,0.9998,90.0,0.0025000000000000005,9,10,0.06648945808410645
BPSK,0.0314,0.005,0.5,32,0.15,0.0,1.0,0.0,0.025,0,10,0.08151650428771973
BPSK,0.0314,0.1092,0.3176,32,0.0,0.0,1.0,40.0,0.3,4,10,0.07873725891113281
BPSK,0.0314,0.4479,0.2655,32,0.0,0.0,1.0,90.0,0.0,9,10,0.08295345306396484
QPSK,0.0314,0.5,0.3437,32,0.15,0.0,1.0,70.0,0.0075,7,10,0.05459451675415039
BPSK,0.02,0.03,0.045,32,0.02,-0.015,1.0,90.0,0.0025000000000000005,9,10,0.0728299617767334
BPSK,0.0314,0.0628,0.08,48,0.5,0.005,1.0005,60.0,0.010000000000000002,6,10,0.06712746620178223
QPSK,0.0314,0.0628,0.045,48,0.2,0.005,1.0005,90.0,0.0025000000000000005,9,10,0.061237335205078125
QPSK,0.0314,0.0628,0.08,24,0.5,0.005,0.9995,80.0,0.005000000000000001,8,10,0.0612640380859375
BPSK,0.0314,0.0628,0.045,16,0.05,0.005,1.0002,90.0,0.0025000000000000005,9,10,0.06456375122070312
QPSK,0.0314,0.0628,0.08,32,0.5,0.005,0.9995,60.0,0.010000000000000002,6,10,0.0883176326751709
QPSK,0.0314,0.0628,0.025,48,0.0,0.005,0.9998,90.0,0.0,9,10,0.07345199584960938
BPSK,0.0314,0.1613,0.1874,32,0.0,0.0,1.0,70.0,0.15,7,10,0.08590555191040039
BPSK,0.0314,0.1092,0.3697,32,0.0,0.0,1.0,0.0,0.5,0,10,0.07233524322509766
QPSK,0.0314,0.005,0.3437,32,0.0,0.0,1.0,0.0,0.5,0,10,0.07484626770019531
BPSK,0.0314,0.4218,0.0832,32,0.15,0.0,1.0,70.0,0.0075,7,10,0.0655825138092041
QPSK,0.0314,0.2395,0.3437,32,0.0,0.0,1.0,0.0,0.5,0,10,0.06217813491821289
QPSK,0.0314,0.1353,0.4479,32,0.15,0.0,1.0,0.0,0.025,0,10,0.07347369194030762
QPSK,0.0314,0.0628,0.08,32,0.5,0.005,1.0,70.0,0.0075,7,10,0.07686614990234375
BPSK,0.0314,0.005,0.0571,32,0.15,0.0,1.0,70.0,0.0075,7,10,0.07355999946594238
QPSK,0.0314,0.4218,0.3958,32,0.0,0.0,1.0,70.0,0.15,7,10,0.050783634185791016
BPSK,0.0314,0.2395,0.1874,32,0.0,0.0,1.0,70.0,0.15,7,10,0.07147836685180664
QPSK,0.0314,0.3437,0.005,32,0.15,0.0,1.0,80.0,0.005000000000000001,8,10,0.062073707580566406
QPSK,0.0314,0.0628,0.08,24,0.2,0.005,1.0005,90.0,0.0025000000000000005,9,10,0.08828091621398926
QPSK,0.12,0.1,0.045,32,0.02,-0.015,1.0,90.0,0.0025000000000000005,9,10,0.05551791191101074
QPSK,0.0314,0.0311,0.0832,32,0.0,0.0,1.0,90.0,0.0,9,10,0.06733131408691406
BPSK,0.0314,0.3437,0.0311,32,0.0,0.0,1.0,90.0,0.0,9,10,0.06035137176513672
BPSK,0.0314,0.1092,0.4739,32,0.15,0.0,1.0,0.0,0.025,0,10,0.07433199882507324
BPSK,0.0314,0.005,0.2134,32,0.0,0.0,1.0,80.0,0.1,8,10,0.07547140121459961
QPSK,0.0314,0.0571,0.0832,32,0.15,0.0,1.0,90.0,0.0025000000000000005,9,10,0.06158947944641113
BPSK,0.0314,0.4479,0.4218,32,0.15,0.0,1.0,0.0,0.025,0,10,0.059813737869262695
BPSK,0.0314,0.0628,0.08,16,0.05,0.005,1.0002,90.0,0.0025000000000000005,9,10,0.07548928260803223
BPSK,0.0314,0.3437,0.0571,32,0.0,0.0,1.0,90.0,0.0,9,10,0.06847143173217773
BPSK,0.12,0.0628,0.045,32,0.02,0.015,1.0,90.0,0.0025000000000000005,9,10,0.06038856506347656
QPSK,0.0314,0.2916,0.4739,32,0.0,0.0,1.0,0.0,0.5,0,10,0.06691980361938477
QPSK,0.02,0.0628,0.045,32,0.02,-0.03,1.0,90.0,0.0025000000000000005,9,10,0.06782984733581543
BPSK,0.0314,0.4218,0.0571,32,0.0,0.0,1.0,90.0,0.0,9,10,0.05717825889587402
QPSK,0.0314,0.0832,0.0311,32,0.15,0.0,1.0,90.0,0.0025000000000000005,9,10,0.0651543140411377
QPSK,0.0314,0.4479,0.2916,32,0.0,0.0,1.0,90.0,0.0,9,10,0.06976199150085449
QPSK,0.0314,0.0628,0.045,32,0.0,0.005,1.0005,90.0,0.0,9,10,0.0718693733215332
QPSK,0.0314,0.1613,0.005,32,0.15,0.0,1.0,90.0,0.0025000000000000005,9,10,0.07039856910705566
QPSK,0.0314,0.1613,0.4479,32,0.15,0.0,1.0,0.0,0.025,0,10,0.05904674530029297
QPSK,0.0314,0.005,0.0571,32,0.0,0.0,1.0,10.0,0.45,1,10,0.06618261337280273
QPSK,0.0314,0.1353,0.0311,32,0.0,0.0,1.0,90.0,0.0,9,10,0.09664678573608398
QPSK,0.0314,0.1613,0.5,32,0.0,0.0,1.0,0.0,0.5,0,10,0.06023001670837402
QPSK,0.0314,0.03,0.045,32,0.02,-0.015,1.0,90.0,0.0025000000000000005,9,10,0.07657408714294434
BPSK,0.0314,0.0628,0.08,32,0.35,0.005,1.0005,0.0,0.025,0,10,0.06755280494689941
QPSK,0.0314,0.3697,0.1092,32,0.15,0.0,1.0,90.0,0.0025000000000000005,9,10,0.05773138999938965
QPSK,0.0314,0.2395,0.2916,32,0.0,0.0,1.0,90.0,0.0,9,10,0.06709051132202148
QPSK,0.0314,0.2134,0.5,32,0.0,0.0,1.0,0.0,0.5,0,10,0.09148359298706055
QPSK,0.02,0.03,0.045,32,0.02,-0.03,1.0,80.0,0.005000000000000001,8,10,0.06112241744995117
BPSK,0.0314,0.0628,0.08,48,0.2,0.005,0.9998,60.0,0.010000000000000002,6,10,0.06490159034729004
QPSK,0.0314,0.1874,0.1874,32,0.15,0.0,1.0,90.0,0.0025000000000000005,9,10,0.07248258590698242
QPSK,0.0314,0.1874,0.4479,32,0.0,0.0,1.0,70.0,0.15,7,10,0.06463932991027832
QPSK,0.0314,0.0311,0.005,32,0.15,0.0,1.0,80.0,0.005000000000000001,8,10,0.07111644744873047
QPSK,0.0314,0.1613,0.2916,32,0.15,0.0,1.0,90.0,0.0025000000000000005,9,10,0.06398773193359375
QPSK,0.0314,0.5,0.1353,32,0.0,0.0,1.0,90.0,0.0,9,10,0.06853842735290527
BPSK,0.0314,0.3437,0.1092,32,0.15,0.0,1.0,70.0,0.0075,7,10,0.07877492904663086
BPSK,0.0314,0.2134,0.005,32,0.15,0.0,1.0,90.0,0.0025000000000000005,9,10,0.06429147720336914
BPSK,0.0314,0.0628,0.08,32,0.2,0.005,1.0,40.0,0.015,4,10,0.06408977508544922
BPSK,0.0314,0.2916,0.3958,32,0.0,0.0,1.0,0.0,0.5,0,10,0.07327580451965332
BPSK,0.0314,0.4218,0.1613,32,0.0,0.0,1.0,30.0,0.35,3,10,0.08365440368652344
QPSK,0.0314,0.2916,0.3697,32,0.15,0.0,1.0,80.0,0.005000000000000001,8,10,0.062185049057006836
BPSK,0.0314,0.1874,0.0311,32,0.15,0.0,1.0,90.0,0.0025000000000000005,9,10,0.08099198341369629
BPSK,0.0314,0.0628,0.045,64,0.05,0.005,1.0005,80.0,0.005000000000000001,8,10,0.07938528060913086
BPSK,0.0314,0.0628,0.045,64,0.1,0.005,1.0,40.0,0.015,4,10,0.08922028541564941
BPSK,0.0314,0.1874,0.3437,32,0.15,0.0,1.0,0.0,0.025,0,10,0.07367444038391113
BPSK,0.0314,0.4479,0.0832,32,0.0,0.0,1.0,80.0,0.1,8,10,0.08382415771484375
QPSK,0.0314,0.3437,0.4479,32,0.15,0.0,1.0,0.0,0.025,0,10,0.06644821166992188
BPSK,0.0314,0.1353,0.2395,32,0.0,0.0,1.0,80.0,0.1,8,10,0.06363558769226074
QPSK,0.0314,0.0832,0.2134,32,0.15,0.0,1.0,90.0,0.0025000000000000005,9,10,0.05458855628967285
BPSK,0.0314,0.5,0.1092,32,0.0,0.0,1.0,70.0,0.15,7,10,0.05927705764770508
BPSK,0.0314,0.2916,0.0311,32,0.15,0.0,1.0,90.0,0.0025000000000000005,9,10,0.07988500595092773
QPSK,0.0314,0.4739,0.2134,32,0.15,0.0,1.0,90.0,0.0025000000000000005,9,10,0.06144285202026367
QPSK,0.0314,0.0628,0.025,48,0.05,0.005,1.0005,90.0,0.0025000000000000005,9,10,0.05784130096435547
BPSK,0.0314,0.3176,0.3176,32,0.0,0.0,1.0,40.0,0.3,4,10,0.05144786834716797
QPSK,0.0314,0.0571,0.2916,32,0.15,0.0,1.0,90.0,0.0025000000000000005,9,10,0.08914518356323242
BPSK,0.0314,0.1092,0.2655,32,0.0,0.0,1.0,90.0,0.0,9,10,0.06427121162414551
BPSK,0.0314,0.1613,0.0311,32,0.15,0.0,1.0,90.0,0.0025000000000000005,9,10,0.1142427921295166
BPSK,0.0314,0.3176,0.2655,32,0.0,0.0,1.0,90.0,0.0,9,10,0.07785868644714355
BPSK,0.0314,0.0628,0.045,64,0.2,0.005,0.9995,60.0,0.010000000000000002,6,10,0.09223246574401855
QPSK,0.0314,0.0628,0.045,16,0.2,0.005,0.9998,90.0,0.0025000000000000005,9,10,0.07071137428283691
BPSK,0.0314,0.3437,0.4479,32,0.0,0.0,1.0,0.0,0.5,0,10,0.07100963592529297
QPSK,0.0314,0.1613,0.2395,32,0.0,0.0,1.0,90.0,0.0,9,10,0.05977582931518555
BPSK,0.005,0.1,0.045,32,0.02,0.03,1.0,90.0,0.0025000000000000005,9,10,0.07138872146606445
BPSK,0.0314,0.3437,0.3697,32,0.0,0.0,1.0,0.0,0.5,0,10,0.07206845283508301
BPSK,0.0314,0.1613,0.5,32,0.15,0.0,1.0,0.0,0.025,0,10,0.05970573425292969
QPSK,0.0314,0.4739,0.1353,32,0.15,0.0,1.0,90.0,0.0025000000000000005,9,10,0.06849026679992676
QPSK,0.0314,0.0571,0.0832,32,0.0,0.0,1.0,90.0,0.0,9,10,0.07016587257385254
QPSK,0.0314,0.3958,0.0311,32,0.0,0.0,1.0,90.0,0.0,9,10,0.06967401504516602
QPSK,0.0314,0.0628,0.08,64,0.2,0.005,0.9995,90.0,0.0025000000000000005,9,10,0.06561875343322754
QPSK,0.0314,0.0628,0.045,48,0.0,0.005,1.0,90.0,0.0,9,10,0.07907485961914062
QPSK,0.0314,0.2134,0.4479,32,0.15,0.0,1.0,0.0,0.025,0,10,0.07064056396484375
QPSK,0.0314,0.03,0.045,32,0.02,-0.03,1.0,90.0,0.0025000000000000005,9,10,0.06297421455383301
BPSK,0.0314,0.4218,0.0311,32,0.0,0.0,1.0,90.0,0.0,9,10,0.07419943809509277
QPSK,0.0314,0.0628,0.08,64,0.05,0.005,0.9995,90.0,0.0025000000000000005,9,10,0.1041560173034668
QPSK,0.0314,0.3958,0.005,32,0.15,0.0,1.0,80.0,0.005000000000000001,8,10,0.08805155754089355
QPSK,0.0314,0.2916,0.0832,32,0.15,0.0,1.0,90.0,0.0025000000000000005,9,10,0.05946660041809082
BPSK,0.0314,0.3697,0.2916,32,0.0,0.0,1.0,60.0,0.2,6,10,0.07226991653442383
QPSK,0.0314,0.0628,0.08,32,0.2,0.005,0.9998,90.0,0.0025000000000000005,9,10,0.07547783851623535
QPSK,0.0314,0.0628,0.045,32,0.1,0.005,1.0,90.0,0.0025000000000000005,9,10,0.07895851135253906
BPSK,0.0314,0.0628,0.08,64,0.2,0.005,1.0005,70.0,0.0075,7,10,0.07709622383117676
QPSK,0.0314,0.1092,0.4218,32,0.0,0.0,1.0,40.0,0.3,4,10,0.05860614776611328
QPSK,0.0314,0.1613,0.4479,32,0.0,0.0,1.0,70.0,0.15,7,10,0.06158900260925293
BPSK,0.0314,0.2395,0.3697,32,0.0,0.0,1.0,0.0,0.5,0,10,0.07197785377502441
QPSK,0.0314,0.1874,0.2395,32,0.0,0.0,1.0,90.0,0.0,9,10,0.07284975051879883
BPSK,0.0314,0.0628,0.08,64,0.05,0.005,0.9998,80.0,0.005000000000000001,8,10,0.07251191139221191
QPSK,0.0314,0.0628,0.08,64,0.5,0.005,1.0002,70.0,0.0075,7,10,0.07752108573913574
BPSK,0.0314,0.1092,0.4218,32,0.0,0.0,1.0,0.0,0.5,0,10,0.04725909233093262
BPSK,0.0314,0.2134,0.2395,32,0.0,0.0,1.0,80.0,0.1,8,10,0.06805896759033203
QPSK,0.0314,0.0311,0.005,32,0.0,0.0,1.0,80.0,0.1,8,10,0.06000518798828125
BPSK,0.0314,0.2134,0.005,32,0.0,0.0,1.0,90.0,0.0,9,10,0.07558131217956543
BPSK,0.0314,0.0628,0.025,16,0.0,0.005,0.9998,90.0,0.0,9,10,0.0870201587677002
BPSK,0.0314,0.3437,0.3176,32,0.0,0.0,1.0,40.0,0.3,4,10,0.09280967712402344
QPSK,0.0314,0.0628,0.025,16,0.5,0.005,0.9995,70.0,0.0075,7,10,0.08864116668701172
QPSK,0.0314,0.0628,0.025,32,0.35,0.005,1.0005,90.0,0.0025000000000000005,9,10,0.06511139869689941
QPSK,0.0314,0.0628,0.045,32,0.2,0.005,0.9995,90.0,0.0025000000000000005,9,10,0.061539411544799805
BPSK,0.0314,0.0628,0.025,64,0.35,0.005,1.0002,70.0,0.0075,7,10,0.08328914642333984
BPSK,0.0314,0.4218,0.1092,32,0.15,0.0,1.0,70.0,0.0075,7,10,0.06986069679260254
QPSK,0.0314,0.0628,0.08,32,0.05,0.005,0.9995,90.0,0.0025000000000000005,9,10,0.07062816619873047
QPSK,0.0314,0.0628,0.045,32,0.02,0.015,1.0,90.0,0.0025000000000000005,9,10,0.06381916999816895
QPSK,0.0314,0.0311,0.4218,32,0.15,0.0,1.0,40.0,0.015,4,10,0.07653594017028809
BPSK,0.0314,0.2395,0.1092,32,0.0,0.0,1.0,70.0,0.15,7,10,0.0661170482635498
BPSK,0.0314,0.1613,0.3437,32,0.0,0.0,1.0,0.0,0.5,0,10,0.06836819648742676
QPSK,0.0314,0.0628,0.08,24,0.1,0.005,1.0,90.0,0.0025000000000000005,9,10,0.05993914604187012
BPSK,0.0314,0.3958,0.005,32,0.0,0.0,1.0,90.0,0.0,9,10,0.08461689949035645
BPSK,0.005,0.1,0.045,32,0.02,0.015,1.0,90.0,0.0025000000000000005,9,10,0.060520172119140625
BPSK,0.0314,0.4479,0.4218,32,0.0,0.0,1.0,0.0,0.5,0,10,0.08303046226501465
BPSK,0.0314,0.005,0.005,32,0.0,0.0,1.0,90.0,0.0,9,10,0.09397673606872559
BPSK,0.0314,0.1613,0.3176,32,0.15,0.0,1.0,0.0,0.025,0,10,0.06742644309997559
QPSK,0.0314,0.0832,0.005,32,0.15,0.0,1.0,90.0,0.0025000000000000005,9,10,0.06567621231079102
BPSK,0.01,0.03,0.045,32,0.02,0.015,1.0,80.0,0.005000000000000001,8,10,0.06634402275085449
QPSK,0.0314,0.0571,0.4739,32,0.15,0.0,1.0,0.0,0.025,0,10,0.07857322692871094
BPSK,0.0314,0.4479,0.3958,32,0.15,0.0,1.0,0.0,0.025,0,10,0.07849693298339844
QPSK,0.0314,0.0628,0.08,64,0.0,0.005,1.0,90.0,0.0,9,10,0.06641554832458496
BPSK,0.0314,0.1874,0.005,32,0.15,0.0,1.0,90.0,0.0025000000000000005,9,10,0.07169771194458008
QPSK,0.0314,0.2395,0.4218,32,0.0,0.0,1.0,40.0,0.3,4,10,0.0645287036895752
QPSK,0.0314,0.2916,0.0832,32,0.0,0.0,1.0,90.0,0.0,9,10,0.06238818168640137
QPSK,0.0314,0.0628,0.045,64,0.2,0.005,1.0002,90.0,0.0025000000000000005,9,10,0.08878636360168457
BPSK,0.0314,0.4739,0.5,32,0.0,0.0,1.0,0.0,0.5,0,10,0.06215834617614746
BPSK,0.0314,0.0832,0.4479,32,0.15,0.0,1.0,0.0,0.025,0,10,0.08366250991821289
QPSK,0.0314,0.0628,0.045,64,0.05,0.005,1.0,90.0,0.0025000000000000005,9,10,0.061545610427856445
BPSK,0.005,0.1,0.045,32,0.02,-0.015,1.0,90.0,0.0025000000000000005,9,10,0.11193251609802246
QPSK,0.0314,0.0832,0.2655,32,0.15,0.0,1.0,90.0,0.0025000000000000005,9,10,0.0610661506652832
QPSK,0.0314,0.1353,0.1613,32,0.0,0.0,1.0,90.0,0.0,9,10,0.06511235237121582
QPSK,0.0314,0.4739,0.3437,32,0.0,0.0,1.0,0.0,0.5,0,10,0.07077980041503906
BPSK,0.0314,0.0571,0.0832,32,0.0,0.0,1.0,80.0,0.1,8,10,0.06978201866149902
QPSK,0.0314,0.2916,0.4479,32,0.0,0.0,1.0,60.0,0.2,6,10,0.06079578399658203
QPSK,0.0314,0.3437,0.2134,32,0.15,0.0,1.0,90.0,0.0025000000000000005,9,10,0.0674600601196289
QPSK,0.05,0.1,0.045,32,0.02,0.0,1.0,90.0,0.0025000000000000005,9,10,0.07463502883911133
QPSK,0.0314,0.2395,0.3176,32,0.0,0.0,1.0,0.0,0.5,0,10,0.07661247253417969
QPSK,0.0314,0.4479,0.3437,32,0.15,0.0,1.0,70.0,0.0075,7,10,0.05730032920837402
BPSK,0.0314,0.0628,0.08,24,0.35,0.005,1.0002,40.0,0.015,4,10,0.06345343589782715
BPSK,0.0314,0.0628,0.025,48,0.1,0.005,1.0,90.0,0.0025000000000000005,9,10,0.08292245864868164
QPSK,0.0314,0.0628,0.025,16,0.1,0.005,1.0002,90.0,0.0025000000000000005,9,10,0.05910015106201172
BPSK,0.0314,0.0832,0.3176,32,0.0,0.0,1.0,40.0,0.3,4,10,0.07579159736633301
QPSK,0.0314,0.4218,0.2916,32,0.0,0.0,1.0,90.0,0.0,9,10,0.08233499526977539
QPSK,0.0314,0.0628,0.08,48,0.05,0.005,1.0,90.0,0.0025000000000000005,9,10,0.07683753967285156
BPSK,0.0314,0.0628,0.025,24,0.1,0.005,0.9995,90.0,0.0025000000000000005,9,10,0.056043386459350586
BPSK,0.0314,0.2916,0.2916,32,0.15,0.0,1.0,0.0,0.025,0,10,0.07130742073059082
BPSK,0.0314,0.0628,0.08,64,0.1,0.005,0.9998,60.0,0.010000000000000002,6,10,0.07010912895202637
QPSK,0.0314,0.2134,0.4739,32,0.0,0.0,1.0,0.0,0.5,0,10,0.06049847602844238
QPSK,0.0314,0.0628,0.045,32,0.02,0.0,1.0,90.0,0.0025000000000000005,9,10,0.07050156593322754
QPSK,0.0314,0.0628,0.025,48,0.2,0.005,0.9995,90.0,0.0025000000000000005,9,10,0.10091137886047363
BPSK,0.0314,0.3958,0.4739,32,0.15,0.0,1.0,0.0,0.025,0,10,0.09456562995910645
QPSK,0.0314,0.4479,0.2655,32,0.0,0.0,1.0,80.0,0.1,8,10,0.06252622604370117
QPSK,0.0314,0.2655,0.1092,32,0.15,0.0,1.0,90.0,0.0025000000000000005,9,10,0.0760035514831543
QPSK,0.0314,0.0628,0.045,24,0.05,0.005,0.9995,90.0,0.0025000000000000005,9,10,0.07082438468933105
QPSK,0.0314,0.4739,0.4739,32,0.15,0.0,1.0,0.0,0.025,0,10,0.06054401397705078
BPSK,0.0314,0.0628,0.08,64,0.0,0.005,1.0002,70.0,0.15,7,10,0.06690764427185059
BPSK,0.0314,0.2916,0.0571,32,0.15,0.0,1.0,90.0,0.0025000000000000005,9,10,0.0779733657836914
BPSK,0.01,0.03,0.045,32,0.02,0.0,1.0,90.0,0.0025000000000000005,9,10,0.06280636787414551
QPSK,0.0314,0.1613,0.3437,32,0.0,0.0,1.0,0.0,0.5,0,10,0.06886029243469238
BPSK,0.0314,0.0628,0.025,64,0.2,0.005,0.9995,70.0,0.0075,7,10,0.059558868408203125
BPSK,0.0314,0.0628,0.025,24,0.5,0.005,0.9995,90.0,0.0025000000000000005,9,10,0.06017947196960449
BPSK,0.0314,0.3176,0.4479,32,0.0,0.0,1.0,0.0,0.5,0,10,0.07095479965209961
QPSK,0.02,0.1,0.045,32,0.02,0.03,1.0,90.0,0.0025000000000000005,9,10,0.06640195846557617
QPSK,0.0314,0.0628,0.045,64,0.5,0.005,1.0,90.0,0.0025000000000000005,9,10,0.07383418083190918
QPSK,0.0314,0.0571,0.1874,32,0.0,0.0,1.0,90.0,0.0,9,10,0.08912539482116699
BPSK,0.0314,0.0311,0.5,32,0.15,0.0,1.0,0.0,0.025,0,10,0.07434535026550293
QPSK,0.0314,0.4739,0.3958,32,0.15,0.0,1.0,70.0,0.0075,7,10,0.1002342700958252
BPSK,0.0314,0.0311,0.0571,32,0.15,0.0,1.0,90.0,0.0025000000000000005,9,10,0.06242012977600098
BPSK,0.0314,0.3437,0.4218,32,0.15,0.0,1.0,0.0,0.025,0,10,0.06046867370605469
QPSK,0.0314,0.2395,0.2395,32,0.0,0.0,1.0,90.0,0.0,9,10,0.06612181663513184
BPSK,0.0314,0.0628,0.08,16,0.5,0.005,0.9998,80.0,0.005000000000000001,8,10,0.06475281715393066
QPSK,0.0314,0.2916,0.3958,32,0.0,0.0,1.0,70.0,0.15,7,10,0.061423301696777344
QPSK,0.0314,0.0628,0.045,24,0.2,0.005,1.0,90.0,0.0025000000000000005,9,10,0.0745077133178711
QPSK,0.0314,0.4479,0.3176,32,0.0,0.0,1.0,0.0,0.5,0,10,0.08562016487121582
QPSK,0.02,0.1,0.045,32,0.02,0.0,1.0,90.0,0.0025000000000000005,9,10,0.07842183113098145
QPSK,0.05,0.1,0.045,32,0.02,-0.015,1.0,90.0,0.0025000000000000005,9,10,0.07402205467224121
BPSK,0.0314,0.1092,0.3958,32,0.15,0.0,1.0,0.0,0.025,0,10,0.06639480590820312
BPSK,0.0314,0.0628,0.045,48,0.5,0.005,1.0002,60.0,0.010000000000000002,6,10,0.08647394180297852
BPSK,0.0314,0.0628,0.045,24,0.2,0.005,0.9995,90.0,0.0025000000000000005,9,10,0.0677802562713623
BPSK,0.0314,0.0311,0.005,32,0.0,0.0,1.0,90.0,0.0,9,10,0.06818127632141113
BPSK,0.0314,0.0628,0.025,24,0.0,0.005,1.0005,70.0,0.15,7,10,0.09460043907165527
BPSK,0.0314,0.0628,0.045,16,0.5,0.005,0.9998,90.0,0.0025000000000000005,9,10,0.07637858390808105
QPSK,0.0314,0.0628,0.08,16,0.2,0.005,1.0,90.0,0.0025000000000000005,9,10,0.054726362228393555
BPSK,0.0314,0.0628,0.045,32,0.0,0.005,1.0002,80.0,0.1,8,10,0.06987452507019043
QPSK,0.0314,0.2395,0.0832,32,0.15,0.0,1.0,90.0,0.0025000000000000005,9,10,0.05139803886413574
QPSK,0.01,0.0628,0.045,32,0.02,0.03,1.0,0.0,0.025,0,10,0.07871699333190918
BPSK,0.0314,0.3437,0.4218,32,0.0,0.0,1.0,0.0,0.5,0,10,0.06278848648071289
BPSK,0.0314,0.3697,0.2916,32,0.15,0.0,1.0,0.0,0.025,0,10,0.07570171356201172
QPSK,0.0314,0.0628,0.045,16,0.05,0.005,0.9995,90.0,0.0025000000000000005,9,10,0.06771659851074219
BPSK,0.0314,0.0628,0.025,24,0.35,0.005,1.0005,70.0,0.0075,7,10,0.06435322761535645
BPSK,0.0314,0.3958,0.0571,32,0.0,0.0,1.0,90.0,0.0,9,10,0.07326769828796387
QPSK,0.0314,0.0571,0.0571,32,0.15,0.0,1.0,90.0,0.0025000000000000005,9,10,0.07680177688598633
BPSK,0.0314,0.0628,0.08,24,0.5,0.005,1.0005,70.0,0.0075,7,10,0.06298017501831055
QPSK,0.0314,0.0628,0.025,16,0.5,0.005,1.0,70.0,0.0075,7,10,0.06380319595336914
QPSK,0.0314,0.0628,0.08,16,0.5,0.005,1.0005,90.0,0.0025000000000000005,9,10,0.06313538551330566
BPSK,0.0314,0.0628,0.045,48,0.1,0.005,1.0,60.0,0.010000000000000002,6,10,0.07870769500732422
BPSK,0.0314,0.3176,0.1874,32,0.15,0.0,1.0,70.0,0.0075,7,10,0.08391880989074707
QPSK,0.0314,0.1874,0.0311,32,0.15,0.0,1.0,90.0,0.0025000000000000005,9,10,0.08643221855163574
BPSK,0.0314,0.3958,0.4479,32,0.15,0.0,1.0,0.0,0.025,0,10,0.07323789596557617
QPSK,0.0314,0.3176,0.0832,32,0.0,0.0,1.0,90.0,0.0,9,10,0.0900719165802002
QPSK,0.0314,0.0628,0.08,32,0.5,0.005,1.0002,80.0,0.005000000000000001,8,10,0.055863142013549805
BPSK,0.0314,0.1613,0.0311,32,0.0,0.0,1.0,90.0,0.0,9,10,0.07389593124389648
QPSK,0.02,0.1,0.045,32,0.02,0.015,1.0,90.0,0.0025000000000000005,9,10,0.06750607490539551
BPSK,0.0314,0.0628,0.08,48,0.35,0.005,1.0,10.0,0.022500000000000003,1,10,0.09723401069641113
BPSK,0.12,0.03,0.045,32,0.02,-0.015,1.0,90.0,0.0025000000000000005,9,10,0.06625056266784668
BPSK,0.0314,0.2395,0.2395,32,0.15,0.0,1.0,80.0,0.005000000000000001,8,10,0.06832313537597656
BPSK,0.0314,0.0628,0.08,24,0.0,0.005,1.0,80.0,0.1,8,10,0.07260394096374512
QPSK,0.12,0.1,0.045,32,0.02,0.0,1.0,90.0,0.0025000000000000005,9,10,0.06353592872619629
QPSK,0.0314,0.0571,0.1092,32,0.15,0.0,1.0,90.0,0.0025000000000000005,9,10,0.07997465133666992
BPSK,0.0314,0.0628,0.045,16,0.1,0.005,0.9995,90.0,0.0025000000000000005,9,10,0.07424163818359375
QPSK,0.0314,0.0628,0.08,48,0.1,0.005,0.9995,90.0,0.0025000000000000005,9,10,0.06675457954406738
BPSK,0.0314,0.0311,0.2134,32,0.0,0.0,1.0,80.0,0.1,8,10,0.07384586334228516
BPSK,0.0314,0.1092,0.1874,32,0.0,0.0,1.0,70.0,0.15,7,10,0.07134175300598145
QPSK,0.0314,0.1092,0.005,32,0.15,0.0,1.0,90.0,0.0025000000000000005,9,10,0.1013784408569336
QPSK,0.0314,0.1092,0.5,32,0.15,0.0,1.0,0.0,0.025,0,10,0.07856297492980957
QPSK,0.0314,0.0628,0.025,16,0.35,0.005,1.0,90.0,0.0025000000000000005,9,10,0.05315518379211426
QPSK,0.0314,0.0628,0.08,48,0.0,0.005,0.9995,90.0,0.0,9,10,0.0718531608581543
QPSK,0.0314,0.0628,0.025,64,0.05,0.005,1.0,90.0,0.0025000000000000005,9,10,0.06311535835266113
BPSK,0.0314,0.1353,0.2655,32,0.15,0.0,1.0,80.0,0.005000000000000001,8,10,0.07143187522888184
QPSK,0.0314,0.0628,0.08,32,0.1,0.005,1.0,90.0,0.0025000000000000005,9,10,0.0661170482635498
QPSK,0.0314,0.0832,0.2395,32,0.15,0.0,1.0,90.0,0.0025000000000000005,9,10,0.06618475914001465
BPSK,0.0314,0.0571,0.1874,32,0.15,0.0,1.0,70.0,0.0075,7,10,0.08877706527709961
QPSK,0.0314,0.3176,0.0832,32,0.15,0.0,1.0,90.0,0.0025000000000000005,9,10,0.062286376953125
BPSK,0.0314,0.2395,0.0311,32,0.0,0.0,1.0,90.0,0.0,9,10,0.058527469635009766
BPSK,0.0314,0.5,0.3958,32,0.0,0.0,1.0,0.0,0.5,0,10,0.08884716033935547
QPSK,0.0314,0.0628,0.08,64,0.2,0.005,1.0005,90.0,0.0025000000000000005,9,10,0.06845569610595703
QPSK,0.0314,0.3437,0.5,32,0.0,0.0,1.0,0.0,0.5,0,10,0.055594682693481445
QPSK,0.0314,0.005,0.5,32,0.15,0.0,1.0,0.0,0.025,0,10,0.06382989883422852
BPSK,0.0314,0.4739,0.0311,32,0.15,0.0,1.0,90.0,0.0025000000000000005,9,10,0.0685431957244873
QPSK,0.0314,0.3958,0.4739,32,0.15,0.0,1.0,0.0,0.025,0,10,0.06697940826416016
BPSK,0.0314,0.2916,0.3176,32,0.15,0.0,1.0,0.0,0.025,0,10,0.07480120658874512
QPSK,0.0314,0.0311,0.0311,32,0.15,0.0,1.0,90.0,0.0025000000000000005,9,10,0.0680687427520752
BPSK,0.0314,0.2134,0.0832,32,0.0,0.0,1.0,80.0,0.1,8,10,0.0779726505279541
QPSK,0.0314,0.1353,0.0832,32,0.0,0.0,1.0,90.0,0.0,9,10,0.10323762893676758
QPSK,0.0314,0.2655,0.005,32,0.15,0.0,1.0,80.0,0.005000000000000001,8,10,0.0719766616821289
BPSK,0.0314,0.2134,0.2655,32,0.0,0.0,1.0,90.0,0.0,9,10,0.08316445350646973
BPSK,0.0314,0.0628,0.025,16,0.2,0.005,0.9995,90.0,0.0025000000000000005,9,10,0.07227230072021484
BPSK,0.0314,0.0628,0.025,32,0.2,0.005,1.0,90.0,0.0025000000000000005,9,10,0.07204318046569824
QPSK,0.0314,0.0628,0.08,64,0.35,0.005,0.9998,90.0,0.0025000000000000005,9,10,0.08646607398986816
QPSK,0.0314,0.3437,0.3697,32,0.15,0.0,1.0,60.0,0.010000000000000002,6,10,0.07176661491394043
QPSK,0.0314,0.3437,0.0571,32,0.0,0.0,1.0,90.0,0.0,9,10,0.06777644157409668
BPSK,0.0314,0.0628,0.08,32,0.5,0.005,1.0005,70.0,0.0075,7,10,0.07269477844238281
QPSK,0.0314,0.0628,0.025,48,0.1,0.005,0.9995,90.0,0.0025000000000000005,9,10,0.08690094947814941
BPSK,0.0314,0.2395,0.0832,32,0.0,0.0,1.0,80.0,0.1,8,10,0.06673836708068848
QPSK,0.0314,0.0628,0.045,24,0.05,0.005,1.0,90.0,0.0025000000000000005,9,10,0.0755453109741211
BPSK,0.0314,0.5,0.1613,32,0.15,0.0,1.0,0.0,0.025,0,10,0.07078933715820312
QPSK,0.0314,0.0628,0.025,16,0.0,0.005,1.0,90.0,0.0,9,10,0.05691361427307129
BPSK,0.0314,0.1092,0.1874,32,0.15,0.0,1.0,70.0,0.0075,7,10,0.08185386657714844
QPSK,0.0314,0.4739,0.5,32,0.15,0.0,1.0,0.0,0.025,0,10,0.061228275299072266
BPSK,0.0314,0.1353,0.0832,32,0.0,0.0,1.0,80.0,0.1,8,10,0.07400965690612793
QPSK,0.0314,0.0628,0.08,48,0.2,0.005,1.0005,90.0,0.0025000000000000005,9,10,0.07523202896118164
QPSK,0.0314,0.3697,0.2134,32,0.15,0.0,1.0,90.0,0.0025000000000000005,9,10,0.10076379776000977
QPSK,0.0314,0.0628,0.08,24,0.5,0.005,1.0005,80.0,0.005000000000000001,8,10,0.07720541954040527
BPSK,0.0314,0.3697,0.3958,32,0.0,0.0,1.0,0.0,0.5,0,10,0.0817861557006836
BPSK,0.0314,0.0628,0.025,64,0.5,0.005,1.0005,70.0,0.0075,7,10,0.06939339637756348
BPSK,0.0314,0.3958,0.0311,32,0.0,0.0,1.0,90.0,0.0,9,10,0.05943655967712402
BPSK,0.0314,0.0628,0.08,16,0.2,0.005,1.0002,90.0,0.0025000000000000005,9,10,0.06396794319152832
QPSK,0.0314,0.0832,0.4739,32,0.0,0.0,1.0,0.0,0.5,0,10,0.07021498680114746
QPSK,0.0314,0.0628,0.08,32,0.0,0.005,0.9995,90.0,0.0,9,10,0.07015419006347656
BPSK,0.0314,0.3437,0.4739,32,0.15,0.0,1.0,0.0,0.025,0,10,0.06417298316955566
BPSK,0.0314,0.0628,0.025,64,0.35,0.005,0.9995,50.0,0.0125,5,10,0.05871152877807617
QPSK,0.0314,0.4218,0.2134,32,0.15,0.0,1.0,90.0,0.0025000000000000005,9,10,0.06320524215698242
BPSK,0.0314,0.0628,0.045,32,0.02,-0.015,1.0,90.0,0.0025000000000000005,9,10,0.09246540069580078
BPSK,0.0314,0.0628,0.025,24,0.0,0.005,1.0002,90.0,0.0,9,10,0.05562233924865723
BPSK,0.0314,0.0571,0.3176,32,0.15,0.0,1.0,0.0,0.025,0,10,0.06079411506652832
BPSK,0.0314,0.2395,0.2655,32,0.0,0.0,1.0,90.0,0.0,9,10,0.06753206253051758
BPSK,0.0314,0.3697,0.4218,32,0.0,0.0,1.0,0.0,0.5,0,10,0.07255840301513672
QPSK,0.0314,0.1613,0.0311,32,0.0,0.0,1.0,90.0,0.0,9,10,0.07602238655090332
BPSK,0.0314,0.0628,0.025,32,0.1,0.005,0.9995,90.0,0.0025000000000000005,9,10,0.06754493713378906
QPSK,0.0314,0.0628,0.08,32,0.35,0.005,0.9998,90.0,0.0025000000000000005,9,10,0.07800102233886719
QPSK,0.0314,0.2395,0.3697,32,0.0,0.0,1.0,90.0,0.0,9,10,0.07026529312133789
BPSK,0.0314,0.1353,0.1613,32,0.0,0.0,1.0,30.0,0.35,3,10,0.06497406959533691
BPSK,0.0314,0.0628,0.025,16,0.0,0.005,1.0,90.0,0.0,9,10,0.08092427253723145
BPSK,0.0314,0.2655,0.0311,32,0.0,0.0,1.0,90.0,0.0,9,10,0.06374502182006836
QPSK,0.0314,0.0628,0.045,48,0.0,0.005,1.0002,90.0,0.0,9,10,0.07199716567993164
QPSK,0.0314,0.0832,0.3958,32,0.0,0.0,1.0,70.0,0.15,7,10,0.06910181045532227
BPSK,0.0314,0.3437,0.0571,32,0.15,0.0,1.0,90.0,0.0025000000000000005,9,10,0.06579828262329102
QPSK,0.08,0.1,0.045,32,0.02,-0.03,1.0,90.0,0.0025000000000000005,9,10,0.05934858322143555
BPSK,0.0314,0.2916,0.005,32,0.0,0.0,1.0,90.0,0.0,9,10,0.05911684036254883
QPSK,0.0314,0.4479,0.4218,32,0.0,0.0,1.0,40.0,0.3,4,10,0.08427596092224121
BPSK,0.0314,0.0628,0.025,48,0.35,0.005,1.0,90.0,0.0025000000000000005,9,10,0.0703582763671875
QPSK,0.0314,0.0628,0.025,32,0.05,0.005,1.0,90.0,0.0025000000000000005,9,10,0.08184337615966797
QPSK,0.0314,0.3958,0.3958,32,0.15,0.0,1.0,70.0,0.0075,7,10,0.05995917320251465
BPSK,0.0314,0.0628,0.045,32,0.1,0.005,1.0002,50.0,0.0125,5,10,0.08753490447998047
QPSK,0.0314,0.005,0.4479,32,0.15,0.0,1.0,0.0,0.025,0,10,0.08885788917541504
QPSK,0.0314,0.4739,0.3697,32,0.0,0.0,1.0,80.0,0.1,8,10,0.06304597854614258
QPSK,0.0314,0.3176,0.3437,32,0.15,0.0,1.0,70.0,0.0075,7,10,0.0715475082397461
QPSK,0.0314,0.1874,0.1613,32,0.15,0.0,1.0,90.0,0.0025000000000000005,9,10,0.06575202941894531
QPSK,0.0314,0.1874,0.2916,32,0.0,0.0,1.0,90.0,0.0,9,10,0.07198452949523926
QPSK,0.0314,0.1353,0.3958,32,0.0,0.0,1.0,70.0,0.15,7,10,0.07514500617980957
BPSK,0.0314,0.0311,0.2395,32,0.15,0.0,1.0,80.0,0.005000000000000001,8,10,0.06207609176635742
BPSK,0.0314,0.0628,0.025,48,0.5,0.005,1.0005,50.0,0.0125,5,10,0.0715949535369873
QPSK,0.005,0.1,0.045,32,0.02,0.03,1.0,0.0,0.025,0,10,0.06865048408508301
QPSK,0.0314,0.005,0.3176,32,0.0,0.0,1.0,0.0,0.5,0,10,0.06249117851257324
BPSK,0.05,0.1,0.045,32,0.02,0.03,1.0,90.0,0.0025000000000000005,9,10,0.06730055809020996
BPSK,0.0314,0.0628,0.045,48,0.05,0.005,1.0002,70.0,0.0075,7,10,0.07340192794799805
BPSK,0.005,0.0628,0.045,32,0.02,0.03,1.0,80.0,0.005000000000000001,8,10,0.06635451316833496
BPSK,0.0314,0.3697,0.0571,32,0.15,0.0,1.0,90.0,0.0025000000000000005,9,10,0.05607032775878906
BPSK,0.0314,0.0628,0.045,64,0.05,0.005,0.9998,50.0,0.0125,5,10,0.11438345909118652
QPSK,0.0314,0.4739,0.005,32,0.0,0.0,1.0,80.0,0.1,8,10,0.06918120384216309
BPSK,0.0314,0.4479,0.4739,32,0.0,0.0,1.0,0.0,0.5,0,10,0.07454347610473633
BPSK,0.0314,0.4739,0.3697,32,0.15,0.0,1.0,0.0,0.025,0,10,0.08026289939880371
BPSK,0.0314,0.1353,0.5,32,0.15,0.0,1.0,0.0,0.025,0,10,0.06466031074523926
QPSK,0.0314,0.5,0.2916,32,0.15,0.0,1.0,90.0,0.0025000000000000005,9,10,0.07285761833190918
BPSK,0.0314,0.3176,0.2134,32,0.15,0.0,1.0,60.0,0.010000000000000002,6,10,0.06525301933288574
BPSK,0.0314,0.3958,0.4479,32,0.0,0.0,1.0,0.0,0.5,0,10,0.07488894462585449
BPSK,0.0314,0.0628,0.025,64,0.0,0.005,0.9998,90.0,0.0,9,10,0.07000970840454102
BPSK,0.0314,0.0628,0.08,16,0.0,0.005,1.0,90.0,0.0,9,10,0.08023834228515625
BPSK,0.0314,0.0628,0.025,16,0.35,0.005,1.0002,90.0,0.0025000000000000005,9,10,0.05882763862609863
QPSK,0.0314,0.1613,0.1092,32,0.15,0.0,1.0,90.0,0.0025000000000000005,9,10,0.047943115234375
QPSK,0.0314,0.2916,0.3176,32,0.15,0.0,1.0,80.0,0.005000000000000001,8,10,0.06527400016784668
BPSK,0.0314,0.0628,0.045,24,0.35,0.005,1.0005,80.0,0.005000000000000001,8,10,0.07044672966003418
BPSK,0.0314,0.2134,0.5,32,0.15,0.0,1.0,0.0,0.025,0,10,0.06714820861816406
QPSK,0.005,0.1,0.045,32,0.02,0.015,1.0,90.0,0.0025000000000000005,9,10,0.057180166244506836
BPSK,0.0314,0.2134,0.3176,32,0.15,0.0,1.0,0.0,0.025,0,10,0.08841156959533691
BPSK,0.0314,0.0628,0.045,32,0.1,0.005,0.9998,90.0,0.0025000000000000005,9,10,0.07643699645996094
QPSK,0.0314,0.0628,0.025,16,0.05,0.005,1.0,90.0,0.0025000000000000005,9,10,0.07692456245422363
QPSK,0.0314,0.5,0.0571,32,0.0,0.0,1.0,90.0,0.0,9,10,0.09506726264953613
QPSK,0.0314,0.005,0.3697,32,0.0,0.0,1.0,10.0,0.45,1,10,0.09438276290893555
BPSK,0.0314,0.0628,0.045,64,0.0,0.005,0.9995,90.0,0.0,9,10,0.07673025131225586
BPSK,0.0314,0.2916,0.1353,32,0.0,0.0,1.0,40.0,0.3,4,10,0.08424830436706543
QPSK,0.0314,0.3697,0.005,32,0.0,0.0,1.0,80.0,0.1,8,10,0.05210065841674805
QPSK,0.0314,0.0628,0.045,48,0.05,0.005,1.0005,90.0,0.0025000000000000005,9,10,0.0641486644744873
QPSK,0.0314,0.4479,0.1613,32,0.15,0.0,1.0,90.0,0.0025000000000000005,9,10,0.06784319877624512
QPSK,0.0314,0.1613,0.5,32,0.15,0.0,1.0,0.0,0.025,0,10,0.07490682601928711
BPSK,0.0314,0.0628,0.08,16,0.1,0.005,0.9995,90.0,0.0025000000000000005,9,10,0.0763401985168457
BPSK,0.0314,0.3176,0.3437,32,0.0,0.0,1.0,0.0,0.5,0,10,0.07603025436401367
QPSK,0.0314,0.005,0.1092,32,0.15,0.0,1.0,0.0,0.025,0,10,0.06332802772521973
BPSK,0.0314,0.3437,0.2916,32,0.15,0.0,1.0,0.0,0.025,0,10,0.06555342674255371
QPSK,0.0314,0.0832,0.1092,32,0.0,0.0,1.0,90.0,0.0,9,10,0.06486034393310547
BPSK,0.0314,0.1353,0.3958,32,0.0,0.0,1.0,0.0,0.5,0,10,0.05382895469665527
BPSK,0.0314,0.0571,0.005,32,0.0,0.0,1.0,90.0,0.0,9,10,0.0656137466430664
QPSK,0.0314,0.0628,0.08,24,0.1,0.005,0.9998,90.0,0.0025000000000000005,9,10,0.05986952781677246
QPSK,0.0314,0.0628,0.045,24,0.35,0.005,1.0002,90.0,0.0025000000000000005,9,10,0.06719446182250977
BPSK,0.0314,0.0628,0.025,64,0.2,0.005,1.0005,50.0,0.0125,5,10,0.058013200759887695
BPSK,0.0314,0.2916,0.4479,32,0.15,0.0,1.0,0.0,0.025,0,10,0.08499431610107422
BPSK,0.0314,0.0571,0.2916,32,0.15,0.0,1.0,0.0,0.025,0,10,0.09109711647033691
QPSK,0.0314,0.2134,0.4218,32,0.0,0.0,1.0,40.0,0.3,4,10,0.06051325798034668
BPSK,0.0314,0.4218,0.4218,32,0.0,0.0,1.0,0.0,0.5,0,10,0.08207273483276367
BPSK,0.0314,0.0628,0.045,64,0.35,0.005,0.9998,60.0,0.010000000000000002,6,10,0.08064842224121094
BPSK,0.0314,0.0628,0.025,48,0.1,0.005,1.0002,60.0,0.010000000000000002,6,10,0.05168008804321289
QPSK,0.0314,0.0832,0.2916,32,0.15,0.0,1.0,90.0,0.0025000000000000005,9,10,0.06004071235656738
BPSK,0.0314,0.4479,0.4739,32,0.15,0.0,1.0,0.0,0.025,0,10,0.04598188400268555
BPSK,0.0314,0.1353,0.3697,32,0.15,0.0,1.0,0.0,0.025,0,10,0.07693624496459961
BPSK,0.0314,0.0628,0.025,24,0.2,0.005,1.0,90.0,0.0025000000000000005,9,10,0.056368112564086914
BPSK,0.0314,0.0628,0.045,32,0.05,0.005,1.0005,80.0,0.005000000000000001,8,10,0.07936954498291016
BPSK,0.0314,0.005,0.1092,32,0.0,0.0,1.0,70.0,0.15,7,10,0.07583475112915039
QPSK,0.0314,0.1874,0.2655,32,0.15,0.0,1.0,90.0,0.0025000000000000005,9,10,0.07377433776855469
BPSK,0.05,0.1,0.045,32,0.02,0.015,1.0,90.0,0.0025000000000000005,9,10,0.08536529541015625
QPSK,0.0314,0.0628,0.045,32,0.5,0.005,1.0,80.0,0.005000000000000001,8,10,0.09162259101867676
QPSK,0.0314,0.3958,0.1092,32,0.15,0.0,1.0,90.0,0.0025000000000000005,9,10,0.062375545501708984
BPSK,0.005,0.0628,0.045,32,0.02,0.015,1.0,90.0,0.0025000000000000005,9,10,0.07176470756530762
BPSK,0.0314,0.0628,0.045,48,0.35,0.005,0.9998,60.0,0.010000000000000002,6,10,0.06395530700683594
BPSK,0.02,0.1,0.045,32,0.02,0.015,1.0,90.0,0.0025000000000000005,9,10,0.07335662841796875
QPSK,0.0314,0.03,0.045,32,0.02,0.015,1.0,90.0,0.0025000000000000005,9,10,0.06999564170837402
BPSK,0.0314,0.2655,0.3697,32,0.0,0.0,1.0,0.0,0.5,0,10,0.06545734405517578
BPSK,0.0314,0.0628,0.025,64,0.05,0.005,1.0002,60.0,0.010000000000000002,6,10,0.05860495567321777
BPSK,0.0314,0.3958,0.1092,32,0.15,0.0,1.0,70.0,0.0075,7,10,0.07738089561462402
QPSK,0.0314,0.0628,0.08,24,0.0,0.005,0.9995,90.0,0.0,9,10,0.05446314811706543
BPSK,0.0314,0.0628,0.08,48,0.0,0.005,1.0005,60.0,0.2,6,10,0.07221245765686035
QPSK,0.0314,0.0571,0.4218,32,0.15,0.0,1.0,60.0,0.010000000000000002,6,10,0.06368350982666016
QPSK,0.0314,0.0628,0.025,32,0.35,0.005,0.9998,90.0,0.0025000000000000005,9,10,0.06775307655334473
QPSK,0.0314,0.0628,0.025,24,0.1,0.005,1.0005,90.0,0.0025000000000000005,9,10,0.08661007881164551
BPSK,0.0314,0.0628,0.025,16,0.05,0.005,1.0,90.0,0.0025000000000000005,9,10,0.07799863815307617
BPSK,0.05,0.1,0.045,32,0.02,0.0,1.0,90.0,0.0025000000000000005,9,10,0.05298900604248047
BPSK,0.08,0.03,0.045,32,0.02,0.03,1.0,90.0,0.0025000000000000005,9,10,0.06351423263549805
BPSK,0.0314,0.3176,0.4739,32,0.15,0.0,1.0,0.0,0.025,0,10,0.07311058044433594
QPSK,0.12,0.0628,0.045,32,0.02,-0.03,1.0,30.0,0.017499999999999998,3,10,0.07278943061828613
BPSK,0.0314,0.0628,0.045,48,0.2,0.005,1.0005,30.0,0.017499999999999998,3,10,0.06454062461853027
BPSK,0.0314,0.1613,0.2655,32,0.15,0.0,1.0,80.0,0.005000000000000001,8,10,0.10356998443603516
QPSK,0.0314,0.1092,0.3437,32,0.15,0.0,1.0,70.0,0.0075,7,10,0.06153249740600586
QPSK,0.0314,0.4739,0.0571,32,0.15,0.0,1.0,90.0,0.0025000000000000005,9,10,0.08257818222045898
BPSK,0.005,0.0628,0.045,32,0.02,0.0,1.0,90.0,0.0025000000000000005,9,10,0.05695509910583496
BPSK,0.0314,0.4218,0.1353,32,0.15,0.0,1.0,60.0,0.010000000000000002,6,10,0.07707643508911133
BPSK,0.0314,0.5,0.0832,32,0.0,0.0,1.0,80.0,0.1,8,10,0.05870699882507324
BPSK,0.0314,0.0628,0.08,24,0.5,0.005,1.0002,60.0,0.010000000000000002,6,10,0.06828713417053223
QPSK,0.0314,0.4218,0.1613,32,0.15,0.0,1.0,90.0,0.0025000000000000005,9,10,0.05813169479370117
QPSK,0.0314,0.0628,0.08,16,0.5,0.005,1.0002,90.0,0.0025000000000000005,9,10,0.07485270500183105
BPSK,0.0314,0.2395,0.1353,32,0.0,0.0,1.0,40.0,0.3,4,10,0.05869746208190918
QPSK,0.0314,0.3176,0.3176,32,0.15,0.0,1.0,80.0,0.005000000000000001,8,10,0.0620725154876709
QPSK,0.0314,0.1092,0.2134,32,0.15,0.0,1.0,90.0,0.0025000000000000005,9,10,0.06112098693847656
BPSK,0.0314,0.2395,0.3437,32,0.0,0.0,1.0,0.0,0.5,0,10,0.06529498100280762
BPSK,0.0314,0.0628,0.045,24,0.05,0.005,0.9998,90.0,0.0025000000000000005,9,10,0.08299803733825684
QPSK,0.0314,0.1613,0.4218,32,0.0,0.0,1.0,40.0,0.3,4,10,0.05819249153137207
BPSK,0.0314,0.3437,0.0832,32,0.15,0.0,1.0,70.0,0.0075,7,10,0.08406186103820801
QPSK,0.0314,0.0628,0.045,16,0.5,0.005,1.0,70.0,0.0075,7,10,0.10165929794311523
QPSK,0.0314,0.3437,0.0832,32,0.0,0.0,1.0,90.0,0.0,9,10,0.06409025192260742
QPSK,0.0314,0.4479,0.3958,32,0.15,0.0,1.0,70.0,0.0075,7,10,0.05810880661010742
BPSK,0.0314,0.2916,0.2395,32,0.15,0.0,1.0,80.0,0.005000000000000001,8,10,0.08848810195922852
BPSK,0.0314,0.0311,0.1874,32,0.15,0.0,1.0,70.0,0.0075,7,10,0.06296706199645996
BPSK,0.0314,0.0628,0.08,24,0.2,0.005,1.0002,70.0,0.0075,7,10,0.08181953430175781
BPSK,0.0314,0.0832,0.0832,32,0.0,0.0,1.0,80.0,0.1,8,10,0.0714116096496582
QPSK,0.0314,0.3176,0.4479,32,0.15,0.0,1.0,0.0,0.025,0,10,0.06391143798828125
BPSK,0.0314,0.4479,0.2134,32,0.15,0.0,1.0,60.0,0.010000000000000002,6,10,0.08240103721618652
QPSK,0.0314,0.2134,0.2395,32,0.0,0.0,1.0,90.0,0.0,9,10,0.05301976203918457
QPSK,0.0314,0.3697,0.1353,32,0.15,0.0,1.0,90.0,0.0025000000000000005,9,10,0.07381558418273926
QPSK,0.0314,0.0628,0.045,64,0.5,0.005,1.0005,90.0,0.0025000000000000005,9,10,0.07707786560058594
BPSK,0.0314,0.0311,0.3437,32,0.15,0.0,1.0,0.0,0.025,0,10,0.0669717788696289
BPSK,0.0314,0.0628,0.08,24,0.05,0.005,1.0002,80.0,0.005000000000000001,8,10,0.06846356391906738
BPSK,0.0314,0.03,0.045,32,0.02,0.0,1.0,90.0,0.0025000000000000005,9,10,0.06644606590270996
QPSK,0.0314,0.2134,0.0571,32,0.0,0.0,1.0,90.0,0.0,9,10,0.07537269592285156
BPSK,0.0314,0.3437,0.3958,32,0.15,0.0,1.0,0.0,0.025,0,10,0.0836949348449707
QPSK,0.0314,0.1092,0.4739,32,0.15,0.0,1.0,0.0,0.025,0,10,0.08983254432678223
QPSK,0.0314,0.0628,0.08,16,0.05,0.005,1.0002,90.0,0.0025000000000000005,9,10,0.08293771743774414
BPSK,0.02,0.0628,0.045,32,0.02,0.03,1.0,90.0,0.0025000000000000005,9,10,0.08623766899108887
QPSK,0.0314,0.0311,0.2655,32,0.0,0.0,1.0,80.0,0.1,8,10,0.06373453140258789
BPSK,0.0314,0.0628,0.08,24,0.35,0.005,0.9995,90.0,0.0025000000000000005,9,10,0.06479525566101074
QPSK,0.0314,0.3958,0.1613,32,0.0,0.0,1.0,90.0,0.0,9,10,0.08897566795349121
QPSK,0.0314,0.1353,0.2134,32,0.15,0.0,1.0,90.0,0.0025000000000000005,9,10,0.06499934196472168
BPSK,0.0314,0.1,0.045,32,0.02,-0.015,1.0,90.0,0.0025000000000000005,9,10,0.0626218318939209
BPSK,0.0314,0.3437,0.1353,32,0.15,0.0,1.0,60.0,0.010000000000000002,6,10,0.08385372161865234
BPSK,0.0314,0.0571,0.1353,32,0.15,0.0,1.0,60.0,0.010000000000000002,6,10,0.07654976844787598
QPSK,0.0314,0.0628,0.08,16,0.35,0.005,1.0002,90.0,0.0025000000000000005,9,10,0.08810901641845703
QPSK,0.0314,0.0628,0.025,16,0.1,0.005,0.9995,90.0,0.0025000000000000005,9,10,0.06775546073913574
QPSK,0.0314,0.1092,0.2655,32,0.0,0.0,1.0,80.0,0.1,8,10,0.06041312217712402
BPSK,0.005,0.03,0.045,32,0.02,-0.015,1.0,80.0,0.005000000000000001,8,10,0.07643675804138184
BPSK,0.0314,0.4739,0.4739,32,0.15,0.0,1.0,0.0,0.025,0,10,0.06216549873352051
QPSK,0.0314,0.0832,0.0571,32,0.15,0.0,1.0,90.0,0.0025000000000000005,9,10,0.0730891227722168
BPSK,0.0314,0.0628,0.025,48,0.05,0.005,1.0005,40.0,0.015,4,10,0.08161807060241699
QPSK,0.0314,0.3176,0.0571,32,0.15,0.0,1.0,90.0,0.0025000000000000005,9,10,0.0872488021850586
QPSK,0.0314,0.0628,0.045,32,0.05,0.005,1.0002,90.0,0.0025000000000000005,9,10,0.06948471069335938
BPSK,0.0314,0.4218,0.4479,32,0.15,0.0,1.0,0.0,0.025,0,10,0.11429810523986816
BPSK,0.05,0.1,0.045,32,0.02,-0.015,1.0,90.0,0.0025000000000000005,9,10,0.07074880599975586
QPSK,0.0314,0.0628,0.08,64,0.0,0.005,1.0002,90.0,0.0,9,10,0.06754636764526367
BPSK,0.0314,0.3176,0.2134,32,0.0,0.0,1.0,80.0,0.1,8,10,0.06818389892578125
BPSK,0.0314,0.2395,0.4739,32,0.15,0.0,1.0,0.0,0.025,0,10,0.07227587699890137
BPSK,0.0314,0.1353,0.2916,32,0.0,0.0,1.0,60.0,0.2,6,10,0.0654151439666748
BPSK,0.0314,0.2134,0.4218,32,0.15,0.0,1.0,0.0,0.025,0,10,0.06505942344665527
BPSK,0.0314,0.0628,0.08,64,0.5,0.005,0.9998,40.0,0.015,4,10,0.08392000198364258
BPSK,0.08,0.0628,0.045,32,0.02,0.03,1.0,90.0,0.0025000000000000005,9,10,0.07051539421081543
QPSK,0.12,0.03,0.045,32,0.02,0.015,1.0,0.0,0.025,0,10,0.06055855751037598
QPSK,0.0314,0.0628,0.025,48,0.0,0.005,0.9995,90.0,0.0,9,10,0.05632519721984863
QPSK,0.0314,0.0571,0.005,32,0.15,0.0,1.0,90.0,0.0025000000000000005,9,10,0.07226824760437012
QPSK,0.0314,0.0628,0.045,32,0.05,0.005,0.9995,90.0,0.0025000000000000005,9,10,0.06779980659484863
QPSK,0.0314,0.1874,0.0571,32,0.15,0.0,1.0,90.0,0.0025000000000000005,9,10,0.06779837608337402
QPSK,0.0314,0.2655,0.1353,32,0.15,0.0,1.0,90.0,0.0025000000000000005,9,10,0.06545519828796387
QPSK,0.0314,0.0628,0.045,48,0.35,0.005,1.0005,90.0,0.0025000000000000005,9,10,0.07258844375610352
QPSK,0.005,0.0628,0.045,32,0.02,-0.03,1.0,0.0,0.025,0,10,0.06418442726135254
QPSK,0.0314,0.0628,0.045,24,0.0,0.005,1.0005,90.0,0.0,9,10,0.07122349739074707
QPSK,0.0314,0.4218,0.4479,32,0.0,0.0,1.0,40.0,0.3,4,10,0.0623469352722168
QPSK,0.0314,0.0571,0.2134,32,0.0,0.0,1.0,90.0,0.0,9,10,0.07701468467712402
QPSK,0.08,0.0628,0.045,32,0.02,-0.015,1.0,90.0,0.0025000000000000005,9,10,0.06100940704345703
QPSK,0.0314,0.0628,0.025,32,0.0,0.005,0.9995,90.0,0.0,9,10,0.06933021545410156
QPSK,0.0314,0.0628,0.025,48,0.0,0.005,1.0,90.0,0.0,9,10,0.06516718864440918
BPSK,0.0314,0.4739,0.005,32,0.0,0.0,1.0,90.0,0.0,9,10,0.07645320892333984
QPSK,0.0314,0.0628,0.045,16,0.1,0.005,1.0005,90.0,0.0025000000000000005,9,10,0.05946683883666992
BPSK,0.0314,0.0628,0.045,48,0.1,0.005,1.0005,70.0,0.0075,7,10,0.06463479995727539
QPSK,0.0314,0.3176,0.0571,32,0.0,0.0,1.0,90.0,0.0,9,10,0.06785702705383301
BPSK,0.0314,0.0628,0.025,32,0.0,0.005,0.9995,90.0,0.0,9,10,0.06585335731506348
BPSK,0.0314,0.0628,0.08,48,0.5,0.005,1.0,70.0,0.0075,7,10,0.08302974700927734
QPSK,0.0314,0.0628,0.045,48,0.2,0.005,1.0,90.0,0.0025000000000000005,9,10,0.06947088241577148
BPSK,0.0314,0.0571,0.3958,32,0.15,0.0,1.0,0.0,0.025,0,10,0.06758236885070801
BPSK,0.0314,0.3176,0.0311,32,0.15,0.0,1.0,90.0,0.0025000000000000005,9,10,0.07149004936218262
QPSK,0.0314,0.0628,0.025,32,0.1,0.005,1.0005,90.0,0.0025000000000000005,9,10,0.09043192863464355
BPSK,0.0314,0.03,0.045,32,0.02,-0.015,1.0,90.0,0.0025000000000000005,9,10,0.07804250717163086
BPSK,0.0314,0.0628,0.08,48,0.35,0.005,1.0005,50.0,0.0125,5,10,0.06065511703491211
BPSK,0.0314,0.0628,0.08,16,0.35,0.005,1.0005,90.0,0.0025000000000000005,9,10,0.06743192672729492
BPSK,0.0314,0.0571,0.2395,32,0.15,0.0,1.0,80.0,0.005000000000000001,8,10,0.06986093521118164
BPSK,0.0314,0.1874,0.0571,32,0.0,0.0,1.0,90.0,0.0,9,10,0.07849979400634766
QPSK,0.0314,0.0311,0.0311,32,0.0,0.0,1.0,90.0,0.0,9,10,0.07282161712646484
QPSK,0.0314,0.4218,0.3697,32,0.15,0.0,1.0,60.0,0.010000000000000002,6,10,0.0628654956817627
QPSK,0.0314,0.0628,0.08,48,0.35,0.005,1.0002,90.0,0.0025000000000000005,9,10,0.06784939765930176
QPSK,0.0314,0.2655,0.005,32,0.0,0.0,1.0,80.0,0.1,8,10,0.07634925842285156
QPSK,0.0314,0.0628,0.025,32,0.2,0.005,1.0002,90.0,0.0025000000000000005,9,10,0.06538081169128418
BPSK,0.005,0.03,0.045,32,0.02,-0.03,1.0,60.0,0.010000000000000002,6,10,0.08560657501220703
BPSK,0.0314,0.005,0.2916,32,0.0,0.0,1.0,60.0,0.2,6,10,0.08135581016540527
QPSK,0.0314,0.0832,0.1353,32,0.0,0.0,1.0,90.0,0.0,9,10,0.10696268081665039
BPSK,0.0314,0.0628,0.08,24,0.1,0.005,1.0002,80.0,0.005000000000000001,8,10,0.057778120040893555
BPSK,0.0314,0.4479,0.2395,32,0.15,0.0,1.0,80.0,0.005000000000000001,8,10,0.06278014183044434
BPSK,0.0314,0.2916,0.0311,32,0.0,0.0,1.0,90.0,0.0,9,10,0.07465720176696777
QPSK,0.0314,0.0628,0.08,16,0.1,0.005,1.0002,90.0,0.0025000000000000005,9,10,0.06574320793151855
BPSK,0.0314,0.0628,0.025,16,0.1,0.005,1.0005,90.0,0.0025000000000000005,9,10,0.0665132999420166
QPSK,0.0314,0.1613,0.2134,32,0.0,0.0,1.0,90.0,0.0,9,10,0.06494021415710449
QPSK,0.0314,0.2916,0.1874,32,0.0,0.0,1.0,90.0,0.0,9,10,0.05762124061584473
QPSK,0.0314,0.0628,0.025,24,0.2,0.005,1.0002,90.0,0.0025000000000000005,9,10,0.05980849266052246
QPSK,0.0314,0.0628,0.045,16,0.05,0.005,1.0005,90.0,0.0025000000000000005,9,10,0.06500506401062012
BPSK,0.0314,0.2395,0.4479,32,0.0,0.0,1.0,0.0,0.5,0,10,0.08614087104797363
QPSK,0.0314,0.4479,0.2134,32,0.15,0.0,1.0,90.0,0.0025000000000000005,9,10,0.07143282890319824
BPSK,0.0314,0.3437,0.2395,32,0.15,0.0,1.0,80.0,0.005000000000000001,8,10,0.05931377410888672
QPSK,0.0314,0.005,0.2916,32,0.0,0.0,1.0,10.0,0.45,1,10,0.06354188919067383
QPSK,0.0314,0.1092,0.4479,32,0.15,0.0,1.0,0.0,0.025,0,10,0.06106877326965332
BPSK,0.0314,0.0628,0.025,24,0.5,0.005,1.0002,90.0,0.0025000000000000005,9,10,0.06869149208068848
QPSK,0.0314,0.0628,0.045,64,0.5,0.005,0.9995,70.0,0.0075,7,10,0.06252646446228027
QPSK,0.0314,0.0628,0.025,24,0.35,0.005,0.9995,90.0,0.0025000000000000005,9,10,0.06200361251831055
BPSK,0.0314,0.4479,0.5,32,0.0,0.0,1.0,0.0,0.5,0,10,0.05507159233093262
BPSK,0.01,0.0628,0.045,32,0.02,0.03,1.0,80.0,0.005000000000000001,8,10,0.07181882858276367
BPSK,0.0314,0.0628,0.025,16,0.35,0.005,0.9995,90.0,0.0025000000000000005,9,10,0.07626080513000488
QPSK,0.0314,0.2655,0.1613,32,0.0,0.0,1.0,90.0,0.0,9,10,0.11171412467956543
QPSK,0.0314,0.1353,0.2395,32,0.0,0.0,1.0,90.0,0.0,9,10,0.07920432090759277
QPSK,0.0314,0.0628,0.025,32,0.05,0.005,1.0002,90.0,0.0025000000000000005,9,10,0.06211495399475098
QPSK,0.0314,0.0628,0.045,16,0.2,0.005,0.9995,90.0,0.0025000000000000005,9,10,0.05822563171386719
QPSK,0.0314,0.0628,0.025,16,0.0,0.005,1.0005,90.0,0.0,9,10,0.07643413543701172
QPSK,0.0314,0.03,0.045,32,0.02,0.0,1.0,90.0,0.0025000000000000005,9,10,0.06660962104797363
BPSK,0.0314,0.0628,0.045,16,0.1,0.005,1.0005,90.0,0.0025000000000000005,9,10,0.0708167552947998
QPSK,0.12,0.03,0.045,32,0.02,-0.03,1.0,0.0,0.025,0,10,0.06654524803161621
BPSK,0.0314,0.1353,0.3437,32,0.0,0.0,1.0,0.0,0.5,0,10,0.07621359825134277
QPSK,0.0314,0.2655,0.3437,32,0.0,0.0,1.0,0.0,0.5,0,10,0.07137727737426758
BPSK,0.0314,0.0628,0.08,24,0.5,0.005,0.9998,80.0,0.005000000000000001,8,10,0.07830667495727539
BPSK,0.0314,0.0628,0.045,64,0.2,0.005,0.9998,60.0,0.010000000000000002,6,10,0.07328653335571289
BPSK,0.0314,0.3697,0.4739,32,0.0,0.0,1.0,0.0,0.5,0,10,0.05688762664794922
QPSK,0.0314,0.3958,0.2655,32,0.0,0.0,1.0,80.0,0.1,8,10,0.07756447792053223
BPSK,0.0314,0.2134,0.2134,32,0.15,0.0,1.0,60.0,0.010000000000000002,6,10,0.07252240180969238
QPSK,0.05,0.03,0.045,32,0.02,-0.03,1.0,50.0,0.0125,5,10,0.06877970695495605
BPSK,0.0314,0.0628,0.08,16,0.1,0.005,1.0005,80.0,0.005000000000000001,8,10,0.07805299758911133
QPSK,0.0314,0.0628,0.08,64,0.2,0.005,0.9998,90.0,0.0025000000000000005,9,10,0.06880044937133789
BPSK,0.0314,0.0571,0.1353,32,0.0,0.0,1.0,40.0,0.3,4,10,0.05530881881713867
QPSK,0.0314,0.3958,0.4479,32,0.15,0.0,1.0,0.0,0.025,0,10,0.09722757339477539
QPSK,0.0314,0.0311,0.5,32,0.15,0.0,1.0,0.0,0.025,0,10,0.0660247802734375
BPSK,0.0314,0.0628,0.025,32,0.5,0.005,0.9998,90.0,0.0025000000000000005,9,10,0.07804584503173828
BPSK,0.0314,0.4218,0.3958,32,0.15,0.0,1.0,0.0,0.025,0,10,0.07066535949707031
QPSK,0.0314,0.0571,0.2916,32,0.0,0.0,1.0,90.0,0.0,9,10,0.0761728286743164
QPSK,0.0314,0.0571,0.3437,32,0.15,0.0,1.0,70.0,0.0075,7,10,0.07789444923400879
QPSK,0.0314,0.3176,0.2655,32,0.0,0.0,1.0,80.0,0.1,8,10,0.0625908374786377
BPSK,0.0314,0.4218,0.0311,32,0.15,0.0,1.0,90.0,0.0025000000000000005,9,10,0.06464219093322754
QPSK,0.0314,0.4218,0.3697,32,0.0,0.0,1.0,80.0,0.1,8,10,0.06245279312133789
BPSK,0.0314,0.0628,0.045,24,0.05,0.005,1.0002,90.0,0.0025000000000000005,9,10,0.06386613845825195
BPSK,0.0314,0.1613,0.0832,32,0.0,0.0,1.0,80.0,0.1,8,10,0.0697638988494873
QPSK,0.0314,0.1092,0.1613,32,0.15,0.0,1.0,90.0,0.0025000000000000005,9,10,0.06664609909057617
QPSK,0.0314,0.0628,0.08,48,0.5,0.005,1.0005,60.0,0.010000000000000002,6,10,0.07652425765991211
BPSK,0.0314,0.0628,0.025,48,0.35,0.005,0.9998,90.0,0.0025000000000000005,9,10,0.061820030212402344
QPSK,0.0314,0.0628,0.045,48,0.1,0.005,1.0,90.0,0.0025000000000000005,9,10,0.08080148696899414
QPSK,0.08,0.1,0.045,32,0.02,0.03,1.0,90.0,0.0025000000000000005,9,10,0.06449389457702637
BPSK,0.0314,0.0311,0.3958,32,0.15,0.0,1.0,0.0,0.025,0,10,0.060590267181396484
BPSK,0.0314,0.3437,0.2134,32,0.15,0.0,1.0,60.0,0.010000000000000002,6,10,0.07592439651489258
BPSK,0.0314,0.3176,0.1613,32,0.0,0.0,1.0,30.0,0.35,3,10,0.06964254379272461
BPSK,0.0314,0.4739,0.2916,32,0.0,0.0,1.0,60.0,0.2,6,10,0.0785067081451416
BPSK,0.0314,0.0628,0.045,16,0.0,0.005,1.0005,90.0,0.0,9,10,0.06336569786071777
BPSK,0.0314,0.1092,0.3697,32,0.15,0.0,1.0,0.0,0.025,0,10,0.06965923309326172
QPSK,0.0314,0.4479,0.2134,32,0.0,0.0,1.0,90.0,0.0,9,10,0.06583976745605469
QPSK,0.0314,0.005,0.4218,32,0.15,0.0,1.0,0.0,0.025,0,10,0.06911945343017578
BPSK,0.0314,0.1874,0.1092,32,0.0,0.0,1.0,70.0,0.15,7,10,0.06189417839050293
QPSK,0.0314,0.0311,0.3958,32,0.0,0.0,1.0,70.0,0.15,7,10,0.06177330017089844
BPSK,0.0314,0.0628,0.025,24,0.0,0.005,0.9995,90.0,0.0,9,10,0.07291698455810547
QPSK,0.0314,0.1613,0.1613,32,0.15,0.0,1.0,90.0,0.0025000000000000005,9,10,0.06821537017822266
BPSK,0.0314,0.0628,0.025,64,0.35,0.005,1.0005,70.0,0.0075,7,10,0.08460497856140137
BPSK,0.0314,0.2655,0.1353,32,0.15,0.0,1.0,60.0,0.010000000000000002,6,10,0.08043861389160156
QPSK,0.0314,0.1092,0.3958,32,0.15,0.0,1.0,70.0,0.0075,7,10,0.06262540817260742
QPSK,0.0314,0.0628,0.025,24,0.5,0.005,0.9995,90.0,0.0025000000000000005,9,10,0.07081270217895508
QPSK,0.0314,0.0628,0.08,32,0.05,0.005,0.9998,90.0,0.0025000000000000005,9,10,0.08637714385986328
QPSK,0.0314,0.3176,0.005,32,0.15,0.0,1.0,80.0,0.005000000000000001,8,10,0.11263179779052734
QPSK,0.0314,0.0311,0.3697,32,0.0,0.0,1.0,90.0,0.0,9,10,0.056525230407714844
QPSK,0.0314,0.3437,0.0571,32,0.15,0.0,1.0,90.0,0.0025000000000000005,9,10,0.07286214828491211
BPSK,0.0314,0.2134,0.3958,32,0.15,0.0,1.0,0.0,0.025,0,10,0.0582888126373291
QPSK,0.0314,0.3176,0.2655,32,0.15,0.0,1.0,90.0,0.0025000000000000005,9,10,0.053189754486083984
BPSK,0.0314,0.3176,0.1092,32,0.15,0.0,1.0,70.0,0.0075,7,10,0.06673312187194824
QPSK,0.0314,0.0628,0.08,48,0.1,0.005,1.0002,90.0,0.0025000000000000005,9,10,0.0700068473815918
BPSK,0.0314,0.0628,0.045,48,0.2,0.005,1.0002,40.0,0.015,4,10,0.07045459747314453
BPSK,0.0314,0.3697,0.3958,32,0.15,0.0,1.0,0.0,0.025,0,10,0.0712580680847168
QPSK,0.0314,0.3958,0.2134,32,0.0,0.0,1.0,90.0,0.0,9,10,0.055678367614746094
QPSK,0.0314,0.0628,0.045,64,0.1,0.005,1.0002,90.0,0.0025000000000000005,9,10,0.061168670654296875
QPSK,0.0314,0.0628,0.025,32,0.35,0.005,1.0,90.0,0.0025000000000000005,9,10,0.07089805603027344
BPSK,0.0314,0.1092,0.2916,32,0.15,0.0,1.0,0.0,0.025,0,10,0.07688069343566895
QPSK,0.0314,0.0628,0.08,16,0.5,0.005,0.9995,80.0,0.005000000000000001,8,10,0.06534624099731445
BPSK,0.0314,0.0311,0.2655,32,0.0,0.0,1.0,90.0,0.0,9,10,0.08639645576477051
QPSK,0.0314,0.0311,0.1874,32,0.0,0.0,1.0,90.0,0.0,9,10,0.06884646415710449
QPSK,0.0314,0.1353,0.3437,32,0.15,0.0,1.0,70.0,0.0075,7,10,0.06685948371887207
QPSK,0.0314,0.0628,0.045,64,0.0,0.005,0.9998,90.0,0.0,9,10,0.07581305503845215
QPSK,0.0314,0.0628,0.045,16,0.35,0.005,1.0002,90.0,0.0025000000000000005,9,10,0.07177591323852539
BPSK,0.0314,0.0628,0.025,32,0.35,0.005,1.0,90.0,0.0025000000000000005,9,10,0.07189679145812988
QPSK,0.0314,0.0832,0.3176,32,0.15,0.0,1.0,80.0,0.005000000000000001,8,10,0.07112240791320801
BPSK,0.0314,0.0628,0.045,32,0.02,0.03,1.0,90.0,0.0025000000000000005,9,10,0.08351659774780273
BPSK,0.0314,0.4739,0.3176,32,0.15,0.0,1.0,0.0,0.025,0,10,0.05445432662963867
QPSK,0.0314,0.0628,0.08,48,0.2,0.005,0.9998,90.0,0.0025000000000000005,9,10,0.08009076118469238
BPSK,0.0314,0.2134,0.3437,32,0.15,0.0,1.0,0.0,0.025,0,10,0.061606407165527344
BPSK,0.08,0.1,0.045,32,0.02,0.03,1.0,90.0,0.0025000000000000005,9,10,0.057029008865356445
QPSK,0.0314,0.1092,0.1613,32,0.0,0.0,1.0,90.0,0.0,9,10,0.06963205337524414
QPSK,0.0314,0.2134,0.1353,32,0.15,0.0,1.0,90.0,0.0025000000000000005,9,10,0.06750321388244629
BPSK,0.0314,0.3437,0.005,32,0.0,0.0,1.0,90.0,0.0,9,10,0.06421804428100586
BPSK,0.0314,0.1092,0.4739,32,0.0,0.0,1.0,0.0,0.5,0,10,0.0616912841796875
QPSK,0.0314,0.0832,0.0832,32,0.15,0.0,1.0,90.0,0.0025000000000000005,9,10,0.07359433174133301
BPSK,0.0314,0.0628,0.045,64,0.35,0.005,1.0005,40.0,0.015,4,10,0.11878299713134766
BPSK,0.0314,0.5,0.4479,32,0.15,0.0,1.0,0.0,0.025,0,10,0.09158730506896973
BPSK,0.0314,0.2916,0.3697,32,0.15,0.0,1.0,0.0,0.025,0,10,0.06915140151977539
QPSK,0.0314,0.2916,0.2916,32,0.0,0.0,1.0,90.0,0.0,9,10,0.0664680004119873
QPSK,0.0314,0.0628,0.025,64,0.0,0.005,1.0002,90.0,0.0,9,10,0.07950258255004883
QPSK,0.0314,0.0628,0.025,48,0.0,0.005,1.0005,90.0,0.0,9,10,0.04839515686035156
QPSK,0.08,0.0628,0.045,32,0.02,-0.03,1.0,90.0,0.0025000000000000005,9,10,0.06426668167114258
QPSK,0.0314,0.3437,0.4218,32,0.0,0.0,1.0,40.0,0.3,4,10,0.07212138175964355
QPSK,0.0314,0.3437,0.4739,32,0.15,0.0,1.0,0.0,0.025,0,10,0.06761837005615234
QPSK,0.0314,0.0628,0.025,16,0.0,0.005,0.9995,90.0,0.0,9,10,0.06281208992004395
BPSK,0.0314,0.0628,0.08,16,0.2,0.005,1.0,90.0,0.0025000000000000005,9,10,0.06332206726074219
BPSK,0.0314,0.2655,0.2134,32,0.15,0.0,1.0,60.0,0.010000000000000002,6,10,0.06755328178405762
QPSK,0.08,0.1,0.045,32,0.02,0.015,1.0,90.0,0.0025000000000000005,9,10,0.0796504020690918
BPSK,0.12,0.0628,0.045,32,0.02,0.03,1.0,90.0,0.0025000000000000005,9,10,0.06733489036560059
BPSK,0.0314,0.3437,0.3437,32,0.15,0.0,1.0,0.0,0.025,0,10,0.07448196411132812
QPSK,0.0314,0.0628,0.08,64,0.1,0.005,0.9998,90.0,0.0025000000000000005,9,10,0.07372903823852539
QPSK,0.0314,0.1874,0.2916,32,0.15,0.0,1.0,90.0,0.0025000000000000005,9,10,0.0603787899017334
BPSK,0.0314,0.0628,0.025,16,0.05,0.005,1.0002,90.0,0.0025000000000000005,9,10,0.0804281234741211
QPSK,0.0314,0.2916,0.3697,32,0.0,0.0,1.0,90.0,0.0,9,10,0.06967759132385254
BPSK,0.0314,0.0628,0.08,24,0.35,0.005,1.0005,80.0,0.005000000000000001,8,10,0.06930255889892578
QPSK,0.0314,0.5,0.1092,32,0.15,0.0,1.0,90.0,0.0025000000000000005,9,10,0.05854368209838867
BPSK,0.01,0.03,0.045,32,0.02,0.03,1.0,70.0,0.0075,7,10,0.09232139587402344
BPSK,0.0314,0.0628,0.08,32,0.1,0.005,0.9995,90.0,0.0025000000000000005,9,10,0.06561732292175293
QPSK,0.0314,0.0628,0.025,16,0.1,0.005,1.0005,90.0,0.0025000000000000005,9,10,0.07197833061218262
BPSK,0.0314,0.0628,0.045,32,0.2,0.005,0.9995,90.0,0.0025000000000000005,9,10,0.06299662590026855
QPSK,0.0314,0.5,0.1353,32,0.15,0.0,1.0,90.0,0.0025000000000000005,9,10,0.06286430358886719
QPSK,0.0314,0.0628,0.08,32,0.0,0.005,1.0002,90.0,0.0,9,10,0.059598445892333984
BPSK,0.0314,0.0628,0.025,32,0.0,0.005,1.0005,30.0,0.35,3,10,0.07935881614685059
BPSK,0.0314,0.0832,0.3697,32,0.0,0.0,1.0,0.0,0.5,0,10,0.0704348087310791
QPSK,0.0314,0.005,0.2395,32,0.15,0.0,1.0,0.0,0.025,0,10,0.06954216957092285
BPSK,0.0314,0.4739,0.4218,32,0.0,0.0,1.0,0.0,0.5,0,10,0.0685117244720459
BPSK,0.12,0.1,0.045,32,0.02,-0.015,1.0,90.0,0.0025000000000000005,9,10,0.06437993049621582
QPSK,0.0314,0.0628,0.025,48,0.2,0.005,0.9998,90.0,0.0025000000000000005,9,10,0.07714033126831055
BPSK,0.0314,0.005,0.3176,32,0.15,0.0,1.0,0.0,0.025,0,10,0.05388164520263672
QPSK,0.0314,0.2916,0.5,32,0.0,0.0,1.0,0.0,0.5,0,10,0.0897221565246582
QPSK,0.0314,0.1613,0.1353,32,0.15,0.0,1.0,90.0,0.0025000000000000005,9,10,0.04669022560119629
QPSK,0.0314,0.3697,0.0832,32,0.0,0.0,1.0,90.0,0.0,9,10,0.06716179847717285
QPSK,0.0314,0.4739,0.4479,32,0.15,0.0,1.0,0.0,0.025,0,10,0.0721583366394043
QPSK,0.0314,0.0628,0.045,64,0.05,0.005,1.0002,90.0,0.0025000000000000005,9,10,0.045098066329956055
QPSK,0.0314,0.0628,0.045,16,0.2,0.005,1.0,90.0,0.0025000000000000005,9,10,0.08263325691223145
QPSK,0.0314,0.0628,0.08,48,0.5,0.005,0.9995,90.0,0.0025000000000000005,9,10,0.07536506652832031
QPSK,0.02,0.0628,0.045,32,0.02,0.03,1.0,90.0,0.0025000000000000005,9,10,0.06853318214416504
QPSK,0.0314,0.3697,0.0311,32,0.0,0.0,1.0,90.0,0.0,9,10,0.06519412994384766
BPSK,0.0314,0.1613,0.2134,32,0.15,0.0,1.0,60.0,0.010000000000000002,6,10,0.08086514472961426
QPSK,0.0314,0.1092,0.1353,32,0.0,0.0,1.0,90.0,0.0,9,10,0.05522894859313965
BPSK,0.08,0.0628,0.045,32,0.02,-0.03,1.0,90.0,0.0025000000000000005,9,10,0.062444448471069336
QPSK,0.0314,0.2395,0.1092,32,0.0,0.0,1.0,90.0,0.0,9,10,0.05858564376831055
BPSK,0.0314,0.0571,0.1613,32,0.0,0.0,1.0,30.0,0.35,3,10,0.07805991172790527
BPSK,0.0314,0.3958,0.2916,32,0.15,0.0,1.0,0.0,0.025,0,10,0.057564496994018555
BPSK,0.0314,0.1874,0.1874,32,0.0,0.0,1.0,70.0,0.15,7,10,0.06917357444763184
BPSK,0.0314,0.3437,0.1874,32,0.0,0.0,1.0,70.0,0.15,7,10,0.06566143035888672
QPSK,0.0314,0.0571,0.1874,32,0.15,0.0,1.0,90.0,0.0025000000000000005,9,10,0.06692957878112793
QPSK,0.0314,0.2916,0.1092,32,0.0,0.0,1.0,90.0,0.0,9,10,0.07626461982727051
QPSK,0.0314,0.0628,0.045,32,0.0,0.005,0.9995,90.0,0.0,9,10,0.07694745063781738
BPSK,0.0314,0.2395,0.5,32,0.0,0.0,1.0,0.0,0.5,0,10,0.08421683311462402
QPSK,0.0314,0.0628,0.045,16,0.5,0.005,1.0005,70.0,0.0075,7,10,0.051849365234375
QPSK,0.0314,0.2655,0.3958,32,0.15,0.0,1.0,70.0,0.0075,7,10,0.07130241394042969
BPSK,0.0314,0.4479,0.4479,32,0.15,0.0,1.0,0.0,0.025,0,10,0.08168625831604004
QPSK,0.0314,0.0628,0.025,64,0.2,0.005,0.9995,90.0,0.0025000000000000005,9,10,0.0674130916595459
QPSK,0.0314,0.3697,0.0832,32,0.15,0.0,1.0,90.0,0.0025000000000000005,9,10,0.07176494598388672
BPSK,0.0314,0.1874,0.1613,32,0.15,0.0,1.0,0.0,0.025,0,10,0.06483030319213867
QPSK,0.0314,0.3437,0.2395,32,0.0,0.0,1.0,90.0,0.0,9,10,0.06008648872375488
BPSK,0.0314,0.2655,0.2134,32,0.0,0.0,1.0,80.0,0.1,8,10,0.061341285705566406
BPSK,0.0314,0.0628,0.045,24,0.0,0.005,1.0002,90.0,0.0,9,10,0.05688786506652832
QPSK,0.0314,0.0311,0.3176,32,0.15,0.0,1.0,80.0,0.005000000000000001,8,10,0.07372689247131348
BPSK,0.01,0.0628,0.045,32,0.02,0.015,1.0,90.0,0.0025000000000000005,9,10,0.07385635375976562
BPSK,0.0314,0.0628,0.08,32,0.0,0.005,1.0005,50.0,0.25,5,10,0.07861638069152832
BPSK,0.0314,0.0311,0.0311,32,0.15,0.0,1.0,90.0,0.0025000000000000005,9,10,0.06599926948547363
BPSK,0.0314,0.0311,0.1092,32,0.15,0.0,1.0,70.0,0.0075,7,10,0.12149667739868164
QPSK,0.0314,0.4739,0.3176,32,0.15,0.0,1.0,80.0,0.005000000000000001,8,10,0.0732259750366211
BPSK,0.0314,0.1613,0.4218,32,0.0,0.0,1.0,0.0,0.5,0,10,0.07225966453552246
BPSK,0.0314,0.3697,0.2395,32,0.0,0.0,1.0,80.0,0.1,8,10,0.07313704490661621
QPSK,0.0314,0.3176,0.5,32,0.15,0.0,1.0,0.0,0.025,0,10,0.05953669548034668
QPSK,0.0314,0.4479,0.005,32,0.15,0.0,1.0,80.0,0.005000000000000001,8,10,0.06443214416503906
BPSK,0.0314,0.0628,0.025,64,0.0,0.005,1.0005,70.0,0.15,7,10,0.08022832870483398
BPSK,0.0314,0.2134,0.0832,32,0.15,0.0,1.0,70.0,0.0075,7,10,0.0700685977935791
BPSK,0.0314,0.2395,0.0832,32,0.15,0.0,1.0,70.0,0.0075,7,10,0.07481741905212402
BPSK,0.0314,0.3437,0.3437,32,0.0,0.0,1.0,0.0,0.5,0,10,0.06763553619384766
QPSK,0.0314,0.0628,0.025,24,0.2,0.005,0.9995,90.0,0.0025000000000000005,9,10,0.07356595993041992
BPSK,0.0314,0.0628,0.045,64,0.05,0.005,0.9995,90.0,0.0025000000000000005,9,10,0.07308554649353027
BPSK,0.0314,0.5,0.4479,32,0.0,0.0,1.0,0.0,0.5,0,10,0.07606196403503418
BPSK,0.0314,0.0628,0.025,16,0.1,0.005,0.9995,90.0,0.0025000000000000005,9,10,0.08874106407165527
BPSK,0.0314,0.005,0.3437,32,0.0,0.0,1.0,0.0,0.5,0,10,0.062244415283203125
BPSK,0.0314,0.1613,0.0571,32,0.0,0.0,1.0,90.0,0.0,9,10,0.07510089874267578
BPSK,0.0314,0.2655,0.3697,32,0.15,0.0,1.0,0.0,0.025,0,10,0.06238889694213867
BPSK,0.0314,0.1613,0.2134,32,0.0,0.0,1.0,80.0,0.1,8,10,0.0738210678100586
QPSK,0.0314,0.0311,0.4479,32,0.15,0.0,1.0,0.0,0.025,0,10,0.05854034423828125
QPSK,0.0314,0.1,0.045,32,0.02,-0.015,1.0,90.0,0.0025000000000000005,9,10,0.06546664237976074
BPSK,0.0314,0.0628,0.08,48,0.5,0.005,1.0002,50.0,0.0125,5,10,0.09355950355529785
QPSK,0.0314,0.005,0.2395,32,0.0,0.0,1.0,10.0,0.45,1,10,0.07521557807922363
QPSK,0.0314,0.0628,0.025,24,0.5,0.005,1.0,80.0,0.005000000000000001,8,10,0.08488249778747559
BPSK,0.0314,0.2395,0.3958,32,0.15,0.0,1.0,0.0,0.025,0,10,0.0729672908782959
BPSK,0.0314,0.1874,0.1353,32,0.15,0.0,1.0,60.0,0.010000000000000002,6,10,0.058348655700683594
BPSK,0.0314,0.2134,0.4479,32,0.15,0.0,1.0,0.0,0.025,0,10,0.0702524185180664
BPSK,0.0314,0.0628,0.025,24,0.35,0.005,1.0,90.0,0.0025000000000000005,9,10,0.05825948715209961
QPSK,0.0314,0.0628,0.025,48,0.05,0.005,0.9995,90.0,0.0025000000000000005,9,10,0.07437515258789062
BPSK,0.0314,0.0571,0.2655,32,0.0,0.0,1.0,90.0,0.0,9,10,0.06913542747497559
BPSK,0.0314,0.3697,0.0311,32,0.0,0.0,1.0,90.0,0.0,9,10,0.07144951820373535
QPSK,0.0314,0.005,0.3958,32,0.0,0.0,1.0,0.0,0.5,0,10,0.07138228416442871
QPSK,0.0314,0.0832,0.4479,32,0.0,0.0,1.0,70.0,0.15,7,10,0.09062004089355469
BPSK,0.0314,0.3176,0.0571,32,0.15,0.0,1.0,90.0,0.0025000000000000005,9,10,0.08622360229492188
QPSK,0.0314,0.0628,0.025,24,0.35,0.005,1.0005,80.0,0.005000000000000001,8,10,0.1313765048980713
QPSK,0.0314,0.4479,0.5,32,0.15,0.0,1.0,0.0,0.025,0,10,0.06954383850097656
QPSK,0.0314,0.0311,0.4739,32,0.0,0.0,1.0,0.0,0.5,0,10,0.07770943641662598
BPSK,0.0314,0.0311,0.4479,32,0.0,0.0,1.0,0.0,0.5,0,10,0.07109951972961426
BPSK,0.0314,0.5,0.4739,32,0.15,0.0,1.0,0.0,0.025,0,10,0.0631399154663086
BPSK,0.0314,0.3958,0.1874,32,0.0,0.0,1.0,70.0,0.15,7,10,0.07590985298156738
BPSK,0.05,0.03,0.045,32,0.02,0.03,1.0,90.0,0.0025000000000000005,9,10,0.05911755561828613
QPSK,0.0314,0.0628,0.045,48,0.5,0.005,1.0005,70.0,0.0075,7,10,0.0538942813873291
QPSK,0.0314,0.1874,0.0311,32,0.0,0.0,1.0,90.0,0.0,9,10,0.08281445503234863
QPSK,0.0314,0.0628,0.025,16,0.5,0.005,1.0002,70.0,0.0075,7,10,0.06325531005859375
QPSK,0.0314,0.0628,0.045,24,0.2,0.005,1.0005,90.0,0.0025000000000000005,9,10,0.07222628593444824
BPSK,0.0314,0.0628,0.045,48,0.35,0.005,1.0005,20.0,0.020000000000000004,2,10,0.0701596736907959
QPSK,0.0314,0.0628,0.08,48,0.0,0.005,0.9998,90.0,0.0,9,10,0.0600125789642334
BPSK,0.0314,0.3176,0.5,32,0.0,0.0,1.0,0.0,0.5,0,10,0.06620931625366211
QPSK,0.0314,0.2134,0.0832,32,0.15,0.0,1.0,90.0,0.0025000000000000005,9,10,0.06133294105529785
BPSK,0.0314,0.4739,0.2395,32,0.0,0.0,1.0,80.0,0.1,8,10,0.059998273849487305
QPSK,0.0314,0.4479,0.4479,32,0.15,0.0,1.0,0.0,0.025,0,10,0.07199764251708984
BPSK,0.01,0.0628,0.045,32,0.02,0.0,1.0,90.0,0.0025000000000000005,9,10,0.06787323951721191
QPSK,0.0314,0.0628,0.045,64,0.35,0.005,1.0002,90.0,0.0025000000000000005,9,10,0.07483077049255371
BPSK,0.0314,0.3697,0.0832,32,0.15,0.0,1.0,70.0,0.0075,7,10,0.06222391128540039
BPSK,0.0314,0.5,0.2916,32,0.15,0.0,1.0,0.0,0.025,0,10,0.11925411224365234
QPSK,0.0314,0.0571,0.1092,32,0.0,0.0,1.0,90.0,0.0,9,10,0.06702542304992676
BPSK,0.0314,0.1613,0.2395,32,0.0,0.0,1.0,80.0,0.1,8,10,0.07308244705200195
BPSK,0.0314,0.0832,0.1874,32,0.15,0.0,1.0,70.0,0.0075,7,10,0.06025838851928711
BPSK,0.0314,0.0628,0.08,24,0.2,0.005,0.9995,90.0,0.0025000000000000005,9,10,0.0703582763671875
BPSK,0.0314,0.0832,0.2395,32,0.15,0.0,1.0,80.0,0.005000000000000001,8,10,0.0684502124786377
QPSK,0.0314,0.0628,0.08,24,0.05,0.005,0.9995,90.0,0.0025000000000000005,9,10,0.0640878677368164
BPSK,0.0314,0.0628,0.08,32,0.1,0.005,1.0,80.0,0.005000000000000001,8,10,0.05683469772338867
BPSK,0.0314,0.2916,0.1613,32,0.0,0.0,1.0,30.0,0.35,3,10,0.07107400894165039
BPSK,0.0314,0.3176,0.2655,32,0.15,0.0,1.0,80.0,0.005000000000000001,8,10,0.07172822952270508
BPSK,0.02,0.03,0.045,32,0.02,0.0,1.0,90.0,0.0025000000000000005,9,10,0.07486176490783691
BPSK,0.0314,0.0311,0.3176,32,0.0,0.0,1.0,40.0,0.3,4,10,0.0555267333984375
BPSK,0.0314,0.1353,0.2655,32,0.0,0.0,1.0,90.0,0.0,9,10,0.0812833309173584
BPSK,0.005,0.1,0.045,32,0.02,0.0,1.0,90.0,0.0025000000000000005,9,10,0.06298398971557617
BPSK,0.01,0.0628,0.045,32,0.02,-0.015,1.0,90.0,0.0025000000000000005,9,10,0.06728029251098633
QPSK,0.0314,0.3958,0.1353,32,0.0,0.0,1.0,90.0,0.0,9,10,0.05916476249694824
QPSK,0.0314,0.3697,0.3176,32,0.0,0.0,1.0,0.0,0.5,0,10,0.08181428909301758
BPSK,0.0314,0.0628,0.08,48,0.0,0.005,0.9995,60.0,0.2,6,10,0.09512996673583984
BPSK,0.0314,0.0628,0.045,48,0.1,0.005,0.9998,70.0,0.0075,7,10,0.05628347396850586
QPSK,0.0314,0.0628,0.045,24,0.1,0.005,0.9995,90.0,0.0025000000000000005,9,10,0.06044602394104004
QPSK,0.0314,0.4739,0.1353,32,0.0,0.0,1.0,90.0,0.0,9,10,0.06265997886657715
QPSK,0.0314,0.0628,0.08,32,0.0,0.005,0.9998,90.0,0.0,9,10,0.08100605010986328
BPSK,0.0314,0.2134,0.2395,32,0.15,0.0,1.0,80.0,0.005000000000000001,8,10,0.07981753349304199
BPSK,0.05,0.03,0.045,32,0.02,0.015,1.0,90.0,0.0025000000000000005,9,10,0.0583651065826416
BPSK,0.0314,0.3176,0.4218,32,0.15,0.0,1.0,0.0,0.025,0,10,0.06860971450805664
QPSK,0.0314,0.3697,0.4218,32,0.15,0.0,1.0,60.0,0.010000000000000002,6,10,0.07906389236450195
QPSK,0.0314,0.0628,0.045,24,0.5,0.005,1.0002,70.0,0.0075,7,10,0.06244683265686035
BPSK,0.0314,0.0628,0.045,48,0.2,0.005,0.9995,90.0,0.0025000000000000005,9,10,0.06935667991638184
QPSK,0.0314,0.0311,0.2916,32,0.15,0.0,1.0,90.0,0.0025000000000000005,9,10,0.0863637924194336
QPSK,0.0314,0.2134,0.3958,32,0.15,0.0,1.0,70.0,0.0075,7,10,0.05621194839477539
QPSK,0.08,0.1,0.045,32,0.02,0.0,1.0,90.0,0.0025000000000000005,9,10,0.0578618049621582
BPSK,0.0314,0.0628,0.08,48,0.35,0.005,0.9998,60.0,0.010000000000000002,6,10,0.0669243335723877
BPSK,0.0314,0.0832,0.0571,32,0.15,0.0,1.0,90.0,0.0025000000000000005,9,10,0.07777023315429688
BPSK,0.0314,0.3176,0.0832,32,0.0,0.0,1.0,80.0,0.1,8,10,0.07616662979125977
QPSK,0.0314,0.3958,0.1613,32,0.15,0.0,1.0,90.0,0.0025000000000000005,9,10,0.054780006408691406
QPSK,0.0314,0.4479,0.2395,32,0.15,0.0,1.0,90.0,0.0025000000000000005,9,10,0.07100105285644531
QPSK,0.0314,0.5,0.0311,32,0.15,0.0,1.0,80.0,0.005000000000000001,8,10,0.04944419860839844
BPSK,0.0314,0.3697,0.4218,32,0.15,0.0,1.0,0.0,0.025,0,10,0.06301140785217285
QPSK,0.0314,0.3437,0.3437,32,0.0,0.0,1.0,0.0,0.5,0,10,0.0644228458404541
BPSK,0.0314,0.0832,0.1353,32,0.0,0.0,1.0,40.0,0.3,4,10,0.06950998306274414
QPSK,0.0314,0.0628,0.045,32,0.0,0.005,1.0,90.0,0.0,9,10,0.06253957748413086
QPSK,0.0314,0.0628,0.08,32,0.05,0.005,1.0,90.0,0.0025000000000000005,9,10,0.05721139907836914
BPSK,0.0314,0.2916,0.1092,32,0.15,0.0,1.0,70.0,0.0075,7,10,0.06736302375793457
BPSK,0.0314,0.4479,0.2655,32,0.15,0.0,1.0,80.0,0.005000000000000001,8,10,0.08260536193847656
QPSK,0.0314,0.0628,0.025,48,0.2,0.005,1.0002,90.0,0.0025000000000000005,9,10,0.0792083740234375
BPSK,0.0314,0.0628,0.08,24,0.1,0.005,0.9995,90.0,0.0025000000000000005,9,10,0.07230830192565918
BPSK,0.0314,0.0311,0.5,32,0.0,0.0,1.0,0.0,0.5,0,10,0.07733607292175293
QPSK,0.0314,0.2655,0.0311,32,0.0,0.0,1.0,90.0,0.0,9,10,0.0623781681060791
QPSK,0.0314,0.2134,0.1092,32,0.0,0.0,1.0,90.0,0.0,9,10,0.07022404670715332
QPSK,0.0314,0.0628,0.045,32,0.35,0.005,1.0,90.0,0.0025000000000000005,9,10,0.07334017753601074
QPSK,0.0314,0.0628,0.08,16,0.1,0.005,0.9995,90.0,0.0025000000000000005,9,10,0.0758213996887207
BPSK,0.0314,0.0628,0.08,64,0.2,0.005,1.0002,70.0,0.0075,7,10,0.07590460777282715
QPSK,0.0314,0.2655,0.3176,32,0.0,0.0,1.0,0.0,0.5,0,10,0.10711479187011719
QPSK,0.0314,0.2655,0.3697,32,0.15,0.0,1.0,80.0,0.005000000000000001,8,10,0.059255361557006836
QPSK,0.0314,0.3958,0.3697,32,0.15,0.0,1.0,60.0,0.010000000000000002,6,10,0.08939933776855469
QPSK,0.0314,0.005,0.2134,32,0.0,0.0,1.0,10.0,0.45,1,10,0.06444692611694336
BPSK,0.0314,0.2655,0.4479,32,0.0,0.0,1.0,0.0,0.5,0,10,0.08462953567504883
QPSK,0.0314,0.0628,0.025,32,0.5,0.005,0.9998,70.0,0.0075,7,10,0.06615161895751953
QPSK,0.0314,0.1353,0.3958,32,0.15,0.0,1.0,70.0,0.0075,7,10,0.05663871765136719
BPSK,0.0314,0.3697,0.3437,32,0.15,0.0,1.0,0.0,0.025,0,10,0.06518864631652832
BPSK,0.0314,0.0628,0.08,64,0.05,0.005,1.0002,0.0,0.025,0,10,0.09623408317565918
QPSK,0.0314,0.0628,0.045,32,0.1,0.005,0.9995,90.0,0.0025000000000000005,9,10,0.0796821117401123
QPSK,0.0314,0.4479,0.1353,32,0.15,0.0,1.0,90.0,0.0025000000000000005,9,10,0.07418680191040039
QPSK,0.0314,0.3437,0.1092,32,0.0,0.0,1.0,90.0,0.0,9,10,0.10097050666809082
QPSK,0.0314,0.3437,0.3176,32,0.0,0.0,1.0,0.0,0.5,0,10,0.06293988227844238
BPSK,0.0314,0.0571,0.3958,32,0.0,0.0,1.0,0.0,0.5,0,10,0.07746171951293945
QPSK,0.0314,0.2916,0.2916,32,0.15,0.0,1.0,90.0,0.0025000000000000005,9,10,0.06824493408203125
QPSK,0.0314,0.4739,0.0832,32,0.15,0.0,1.0,90.0,0.0025000000000000005,9,10,0.07124543190002441
BPSK,0.0314,0.4739,0.2655,32,0.15,0.0,1.0,80.0,0.005000000000000001,8,10,0.0480654239654541
QPSK,0.0314,0.5,0.5,32,0.15,0.0,1.0,0.0,0.025,0,10,0.05885720252990723
BPSK,0.0314,0.0628,0.025,16,0.0,0.005,1.0002,90.0,0.0,9,10,0.07319951057434082
QPSK,0.05,0.0628,0.045,32,0.02,-0.03,1.0,90.0,0.0025000000000000005,9,10,0.06901669502258301
BPSK,0.0314,0.0628,0.045,16,0.35,0.005,1.0,90.0,0.0025000000000000005,9,10,0.06425881385803223
QPSK,0.0314,0.0311,0.2395,32,0.0,0.0,1.0,90.0,0.0,9,10,0.05871915817260742
BPSK,0.0314,0.0628,0.045,24,0.1,0.005,0.9995,90.0,0.0025000000000000005,9,10,0.05990743637084961
BPSK,0.0314,0.2134,0.1092,32,0.15,0.0,1.0,70.0,0.0075,7,10,0.07478165626525879
QPSK,0.0314,0.0628,0.045,48,0.1,0.005,1.0005,90.0,0.0025000000000000005,9,10,0.06860470771789551
BPSK,0.0314,0.1613,0.4218,32,0.15,0.0,1.0,0.0,0.025,0,10,0.07680392265319824
BPSK,0.0314,0.3958,0.005,32,0.15,0.0,1.0,90.0,0.0025000000000000005,9,10,0.06036829948425293
BPSK,0.0314,0.2395,0.4479,32,0.15,0.0,1.0,0.0,0.025,0,10,0.06192278861999512
QPSK,0.0314,0.2395,0.0832,32,0.0,0.0,1.0,90.0,0.0,9,10,0.05673384666442871
BPSK,0.0314,0.0628,0.025,48,0.05,0.005,0.9995,90.0,0.0025000000000000005,9,10,0.07170414924621582
QPSK,0.0314,0.0628,0.025,48,0.05,0.005,1.0,90.0,0.0025000000000000005,9,10,0.06516098976135254
BPSK,0.0314,0.0571,0.5,32,0.15,0.0,1.0,0.0,0.025,0,10,0.07524681091308594
BPSK,0.0314,0.3176,0.0571,32,0.0,0.0,1.0,90.0,0.0,9,10,0.06302070617675781
BPSK,0.0314,0.4218,0.2655,32,0.0,0.0,1.0,90.0,0.0,9,10,0.09722661972045898
BPSK,0.0314,0.4479,0.3697,32,0.0,0.0,1.0,0.0,0.5,0,10,0.06307196617126465
BPSK,0.0314,0.0628,0.025,16,0.35,0.005,1.0005,80.0,0.005000000000000001,8,10,0.07457947731018066
BPSK,0.0314,0.1874,0.0832,32,0.15,0.0,1.0,70.0,0.0075,7,10,0.08446645736694336
BPSK,0.0314,0.2395,0.4218,32,0.15,0.0,1.0,0.0,0.025,0,10,0.08363699913024902
QPSK,0.0314,0.4479,0.1092,32,0.0,0.0,1.0,90.0,0.0,9,10,0.07546544075012207
BPSK,0.005,0.1,0.045,32,0.02,-0.03,1.0,90.0,0.0025000000000000005,9,10,0.07562088966369629
QPSK,0.0314,0.005,0.3697,32,0.15,0.0,1.0,0.0,0.025,0,10,0.06285858154296875
BPSK,0.0314,0.4479,0.5,32,0.15,0.0,1.0,0.0,0.025,0,10,0.07446527481079102
BPSK,0.0314,0.4479,0.1874,32,0.15,0.0,1.0,70.0,0.0075,7,10,0.06380724906921387
QPSK,0.0314,0.3437,0.1613,32,0.15,0.0,1.0,90.0,0.0025000000000000005,9,10,0.07037711143493652
BPSK,0.0314,0.0628,0.045,24,0.5,0.005,1.0002,90.0,0.0025000000000000005,9,10,0.04975748062133789
QPSK,0.0314,0.3958,0.0832,32,0.15,0.0,1.0,90.0,0.0025000000000000005,9,10,0.06336379051208496
BPSK,0.0314,0.1874,0.2134,32,0.15,0.0,1.0,60.0,0.010000000000000002,6,10,0.06281924247741699
QPSK,0.0314,0.0628,0.045,16,0.0,0.005,0.9998,90.0,0.0,9,10,0.0824577808380127
QPSK,0.0314,0.0628,0.045,24,0.0,0.005,0.9995,90.0,0.0,9,10,0.05809664726257324
BPSK,0.0314,0.4479,0.2916,32,0.0,0.0,1.0,60.0,0.2,6,10,0.07937049865722656
BPSK,0.0314,0.4479,0.3437,32,0.15,0.0,1.0,0.0,0.025,0,10,0.08048558235168457
BPSK,0.0314,0.1353,0.4739,32,0.0,0.0,1.0,0.0,0.5,0,10,0.07168865203857422
BPSK,0.0314,0.0628,0.08,16,0.1,0.005,0.9998,90.0,0.0025000000000000005,9,10,0.06939506530761719
BPSK,0.0314,0.0628,0.025,24,0.05,0.005,1.0005,70.0,0.0075,7,10,0.05812358856201172
BPSK,0.0314,0.0832,0.3176,32,0.15,0.0,1.0,0.0,0.025,0,10,0.08328366279602051
BPSK,0.0314,0.0311,0.2916,32,0.0,0.0,1.0,60.0,0.2,6,10,0.0899960994720459
BPSK,0.0314,0.2655,0.2655,32,0.0,0.0,1.0,90.0,0.0,9,10,0.08068037033081055
QPSK,0.0314,0.3437,0.1092,32,0.15,0.0,1.0,90.0,0.0025000000000000005,9,10,0.06513690948486328
BPSK,0.0314,0.0628,0.045,32,0.05,0.005,1.0002,80.0,0.005000000000000001,8,10,0.06859612464904785
BPSK,0.0314,0.0628,0.045,48,0.0,0.005,0.9998,70.0,0.15,7,10,0.06742978096008301
QPSK,0.0314,0.0628,0.025,48,0.35,0.005,1.0,90.0,0.0025000000000000005,9,10,0.0696249008178711
BPSK,0.0314,0.0571,0.3697,32,0.0,0.0,1.0,0.0,0.5,0,10,0.07286214828491211
BPSK,0.0314,0.2655,0.0832,32,0.0,0.0,1.0,80.0,0.1,8,10,0.06772685050964355
QPSK,0.0314,0.3176,0.3958,32,0.15,0.0,1.0,70.0,0.0075,7,10,0.061173439025878906
BPSK,0.0314,0.5,0.3697,32,0.15,0.0,1.0,0.0,0.025,0,10,0.0663607120513916
BPSK,0.0314,0.4739,0.0311,32,0.0,0.0,1.0,90.0,0.0,9,10,0.06413078308105469
QPSK,0.0314,0.4218,0.0311,32,0.0,0.0,1.0,90.0,0.0,9,10,0.11071515083312988
QPSK,0.0314,0.0628,0.025,48,0.35,0.005,0.9998,90.0,0.0025000000000000005,9,10,0.07632279396057129
BPSK,0.0314,0.0628,0.045,16,0.05,0.005,0.9998,90.0,0.0025000000000000005,9,10,0.07004117965698242
QPSK,0.0314,0.0628,0.08,64,0.05,0.005,1.0,90.0,0.0025000000000000005,9,10,0.06986069679260254
BPSK,0.0314,0.3437,0.2916,32,0.0,0.0,1.0,60.0,0.2,6,10,0.0787057876586914
BPSK,0.0314,0.1353,0.0832,32,0.15,0.0,1.0,70.0,0.0075,7,10,0.06391143798828125
BPSK,0.0314,0.0832,0.4739,32,0.15,0.0,1.0,0.0,0.025,0,10,0.07010746002197266
BPSK,0.0314,0.2655,0.1092,32,0.15,0.0,1.0,70.0,0.0075,7,10,0.06366300582885742
BPSK,0.0314,0.0311,0.4218,32,0.15,0.0,1.0,0.0,0.025,0,10,0.05890631675720215
QPSK,0.0314,0.4218,0.4218,32,0.0,0.0,1.0,40.0,0.3,4,10,0.0708913803100586
BPSK,0.0314,0.0628,0.08,32,0.0,0.005,0.9998,80.0,0.1,8,10,0.09108829498291016
BPSK,0.0314,0.0628,0.08,64,0.35,0.005,0.9998,40.0,0.015,4,10,0.0680398941040039
BPSK,0.0314,0.1874,0.3958,32,0.15,0.0,1.0,0.0,0.025,0,10,0.07949185371398926
BPSK,0.0314,0.0628,0.08,64,0.1,0.005,1.0002,50.0,0.0125,5,10,0.056479454040527344
QPSK,0.0314,0.0628,0.025,24,0.1,0.005,0.9995,90.0,0.0025000000000000005,9,10,0.06895661354064941
BPSK,0.0314,0.0628,0.08,24,0.05,0.005,1.0,90.0,0.0025000000000000005,9,10,0.07886576652526855
QPSK,0.0314,0.2655,0.2916,32,0.0,0.0,1.0,90.0,0.0,9,10,0.059064388275146484
BPSK,0.0314,0.2134,0.0311,32,0.0,0.0,1.0,90.0,0.0,9,10,0.07913970947265625
QPSK,0.0314,0.0628,0.025,64,0.1,0.005,1.0005,90.0,0.0025000000000000005,9,10,0.06460452079772949
QPSK,0.0314,0.1092,0.0571,32,0.0,0.0,1.0,90.0,0.0,9,10,0.09752869606018066
QPSK,0.0314,0.2395,0.005,32,0.0,0.0,1.0,80.0,0.1,8,10,0.08240962028503418
QPSK,0.0314,0.2134,0.3697,32,0.0,0.0,1.0,90.0,0.0,9,10,0.08116888999938965
BPSK,0.0314,0.1,0.045,32,0.02,0.03,1.0,90.0,0.0025000000000000005,9,10,0.04740762710571289
BPSK,0.0314,0.2134,0.0311,32,0.15,0.0,1.0,90.0,0.0025000000000000005,9,10,0.07517337799072266
BPSK,0.0314,0.1874,0.2916,32,0.15,0.0,1.0,0.0,0.025,0,10,0.06885194778442383
QPSK,0.0314,0.0628,0.045,16,0.2,0.005,1.0002,90.0,0.0025000000000000005,9,10,0.07037043571472168
QPSK,0.0314,0.2655,0.2655,32,0.0,0.0,1.0,80.0,0.1,8,10,0.05648016929626465
BPSK,0.0314,0.1613,0.1874,32,0.15,0.0,1.0,70.0,0.0075,7,10,0.10131454467773438
BPSK,0.0314,0.0628,0.08,48,0.0,0.005,1.0,70.0,0.15,7,10,0.1090242862701416
BPSK,0.0314,0.4479,0.1092,32,0.0,0.0,1.0,70.0,0.15,7,10,0.13576388359069824
QPSK,0.0314,0.0628,0.025,24,0.1,0.005,1.0,90.0,0.0025000000000000005,9,10,0.0653386116027832
BPSK,0.0314,0.2655,0.0832,32,0.15,0.0,1.0,70.0,0.0075,7,10,0.08118391036987305
BPSK,0.0314,0.0628,0.045,16,0.5,0.005,1.0002,90.0,0.0025000000000000005,9,10,0.07281780242919922
QPSK,0.0314,0.1613,0.3697,32,0.15,0.0,1.0,80.0,0.005000000000000001,8,10,0.06437444686889648
QPSK,0.0314,0.3176,0.2134,32,0.15,0.0,1.0,90.0,0.0025000000000000005,9,10,0.07389163970947266
QPSK,0.0314,0.1874,0.005,32,0.15,0.0,1.0,80.0,0.005000000000000001,8,10,0.08036231994628906
QPSK,0.0314,0.2916,0.0571,32,0.0,0.0,1.0,90.0,0.0,9,10,0.06499743461608887
QPSK,0.0314,0.2134,0.3958,32,0.0,0.0,1.0,70.0,0.15,7,10,0.06689763069152832
QPSK,0.0314,0.1613,0.3958,32,0.15,0.0,1.0,70.0,0.0075,7,10,0.05741286277770996
QPSK,0.0314,0.0628,0.045,16,0.35,0.005,0.9995,90.0,0.0025000000000000005,9,10,0.07564973831176758
BPSK,0.0314,0.005,0.3437,32,0.15,0.0,1.0,0.0,0.025,0,10,0.05824685096740723
BPSK,0.0314,0.5,0.3437,32,0.15,0.0,1.0,0.0,0.025,0,10,0.059406280517578125
QPSK,0.0314,0.2134,0.0311,32,0.0,0.0,1.0,90.0,0.0,9,10,0.09726119041442871
QPSK,0.08,0.03,0.045,32,0.02,0.0,1.0,0.0,0.025,0,10,0.07269740104675293
BPSK,0.0314,0.0628,0.025,32,0.5,0.005,1.0005,80.0,0.005000000000000001,8,10,0.05707859992980957
BPSK,0.0314,0.2916,0.005,32,0.15,0.0,1.0,90.0,0.0025000000000000005,9,10,0.08607721328735352
QPSK,0.0314,0.4218,0.0311,32,0.15,0.0,1.0,80.0,0.005000000000000001,8,10,0.07288885116577148
BPSK,0.0314,0.1353,0.2395,32,0.15,0.0,1.0,80.0,0.005000000000000001,8,10,0.07899236679077148
BPSK,0.0314,0.0832,0.1613,32,0.0,0.0,1.0,30.0,0.35,3,10,0.07522916793823242
QPSK,0.0314,0.0628,0.08,32,0.2,0.005,1.0002,90.0,0.0025000000000000005,9,10,0.06184053421020508
BPSK,0.0314,0.1,0.045,32,0.02,0.015,1.0,90.0,0.0025000000000000005,9,10,0.08037424087524414
BPSK,0.0314,0.3958,0.1613,32,0.0,0.0,1.0,30.0,0.35,3,10,0.07995152473449707
QPSK,0.0314,0.3697,0.3437,32,0.0,0.0,1.0,0.0,0.5,0,10,0.09645724296569824
QPSK,0.0314,0.2655,0.4218,32,0.0,0.0,1.0,40.0,0.3,4,10,0.09541082382202148
QPSK,0.0314,0.1874,0.1613,32,0.0,0.0,1.0,90.0,0.0,9,10,0.07206940650939941
QPSK,0.0314,0.0311,0.1353,32,0.0,0.0,1.0,90.0,0.0,9,10,0.06259822845458984
QPSK,0.0314,0.0571,0.2655,32,0.15,0.0,1.0,90.0,0.0025000000000000005,9,10,0.059850215911865234
BPSK,0.0314,0.3958,0.2655,32,0.15,0.0,1.0,80.0,0.005000000000000001,8,10,0.06603431701660156
QPSK,0.0314,0.1353,0.5,32,0.15,0.0,1.0,0.0,0.025,0,10,0.07754826545715332
BPSK,0.0314,0.0628,0.045,32,0.5,0.005,0.9995,90.0,0.0025000000000000005,9,10,0.08655190467834473
BPSK,0.0314,0.0628,0.045,48,0.05,0.005,0.9998,70.0,0.0075,7,10,0.0545649528503418
QPSK,0.0314,0.1092,0.4218,32,0.15,0.0,1.0,60.0,0.010000000000000002,6,10,0.07833051681518555
BPSK,0.0314,0.1092,0.5,32,0.0,0.0,1.0,0.0,0.5,0,10,0.0639646053314209
BPSK,0.0314,0.0628,0.025,32,0.05,0.005,0.9998,90.0,0.0025000000000000005,9,10,0.050574541091918945
QPSK,0.0314,0.0628,0.025,48,0.5,0.005,1.0002,70.0,0.0075,7,10,0.0663139820098877
BPSK,0.0314,0.2916,0.4739,32,0.0,0.0,1.0,0.0,0.5,0,10,0.06378006935119629
BPSK,0.0314,0.0628,0.045,16,0.2,0.005,0.9995,90.0,0.0025000000000000005,9,10,0.07701730728149414
QPSK,0.0314,0.0628,0.08,32,0.35,0.005,1.0005,90.0,0.0025000000000000005,9,10,0.07419323921203613
BPSK,0.0314,0.2655,0.1092,32,0.0,0.0,1.0,70.0,0.15,7,10,0.0692296028137207
BPSK,0.0314,0.1092,0.2655,32,0.15,0.0,1.0,80.0,0.005000000000000001,8,10,0.062435150146484375
QPSK,0.0314,0.005,0.005,32,0.0,0.0,1.0,0.0,0.5,0,10,0.05205106735229492
QPSK,0.0314,0.5,0.1613,32,0.0,0.0,1.0,90.0,0.0,9,10,0.06422209739685059
BPSK,0.0314,0.0628,0.045,32,0.02,-0.03,1.0,90.0,0.0025000000000000005,9,10,0.07805180549621582
QPSK,0.08,0.0628,0.045,32,0.02,0.015,1.0,90.0,0.0025000000000000005,9,10,0.07105350494384766
QPSK,0.0314,0.0628,0.045,32,0.05,0.005,1.0005,90.0,0.0025000000000000005,9,10,0.06950831413269043
QPSK,0.0314,0.0311,0.3437,32,0.15,0.0,1.0,70.0,0.0075,7,10,0.06688165664672852
BPSK,0.0314,0.0628,0.045,32,0.2,0.005,1.0005,80.0,0.005000000000000001,8,10,0.07443976402282715
BPSK,0.0314,0.1353,0.0311,32,0.15,0.0,1.0,90.0,0.0025000000000000005,9,10,0.06420612335205078
BPSK,0.0314,0.0628,0.08,32,0.5,0.005,0.9995,70.0,0.0075,7,10,0.06572413444519043
BPSK,0.0314,0.0832,0.1092,32,0.15,0.0,1.0,70.0,0.0075,7,10,0.06842327117919922
BPSK,0.0314,0.3176,0.3697,32,0.15,0.0,1.0,0.0,0.025,0,10,0.06581521034240723
BPSK,0.0314,0.2134,0.2916,32,0.15,0.0,1.0,0.0,0.025,0,10,0.07211637496948242
QPSK,0.0314,0.0628,0.045,16,0.0,0.005,1.0,90.0,0.0,9,10,0.08212566375732422
BPSK,0.0314,0.1092,0.2395,32,0.15,0.0,1.0,80.0,0.005000000000000001,8,10,0.05976748466491699
QPSK,0.0314,0.0628,0.025,32,0.2,0.005,1.0,90.0,0.0025000000000000005,9,10,0.05772900581359863
QPSK,0.0314,0.1613,0.1092,32,0.0,0.0,1.0,90.0,0.0,9,10,0.0871267318725586
BPSK,0.0314,0.1874,0.0832,32,0.0,0.0,1.0,80.0,0.1,8,10,0.04563426971435547
BPSK,0.0314,0.5,0.3697,32,0.0,0.0,1.0,0.0,0.5,0,10,0.06447958946228027
QPSK,0.0314,0.0628,0.08,24,0.05,0.005,1.0005,90.0,0.0025000000000000005,9,10,0.06910967826843262
QPSK,0.02,0.1,0.045,32,0.02,-0.03,1.0,90.0,0.0025000000000000005,9,10,0.05438494682312012
QPSK,0.0314,0.0628,0.045,48,0.35,0.005,0.9995,90.0,0.0025000000000000005,9,10,0.0743253231048584
QPSK,0.0314,0.1613,0.4739,32,0.0,0.0,1.0,0.0,0.5,0,10,0.06885719299316406
QPSK,0.08,0.03,0.045,32,0.02,-0.015,1.0,0.0,0.025,0,10,0.06690144538879395
BPSK,0.0314,0.0628,0.025,24,0.1,0.005,1.0,90.0,0.0025000000000000005,9,10,0.070281982421875
BPSK,0.0314,0.0628,0.08,32,0.2,0.005,1.0005,50.0,0.0125,5,10,0.07105159759521484
QPSK,0.0314,0.0832,0.1874,32,0.15,0.0,1.0,90.0,0.0025000000000000005,9,10,0.0683743953704834
BPSK,0.0314,0.2134,0.3176,32,0.0,0.0,1.0,40.0,0.3,4,10,0.05853676795959473
BPSK,0.0314,0.2134,0.3697,32,0.15,0.0,1.0,0.0,0.025,0,10,0.07145071029663086
QPSK,0.0314,0.0628,0.025,32,0.0,0.005,0.9998,90.0,0.0,9,10,0.06443667411804199
BPSK,0.0314,0.1,0.045,32,0.02,0.0,1.0,90.0,0.0025000000000000005,9,10,0.06314420700073242
QPSK,0.0314,0.2916,0.3176,32,0.0,0.0,1.0,0.0,0.5,0,10,0.07122492790222168
QPSK,0.0314,0.1353,0.1353,32,0.15,0.0,1.0,90.0,0.0025000000000000005,9,10,0.07872223854064941
BPSK,0.0314,0.0832,0.4218,32,0.15,0.0,1.0,0.0,0.025,0,10,0.08647012710571289
BPSK,0.0314,0.0628,0.025,16,0.2,0.005,1.0,90.0,0.0025000000000000005,9,10,0.0869443416595459
QPSK,0.0314,0.0628,0.045,16,0.1,0.005,0.9995,90.0,0.0025000000000000005,9,10,0.09197330474853516
BPSK,0.0314,0.4218,0.4479,32,0.0,0.0,1.0,0.0,0.5,0,10,0.0764012336730957
QPSK,0.0314,0.2134,0.0832,32,0.0,0.0,1.0,90.0,0.0,9,10,0.060460805892944336
BPSK,0.0314,0.0628,0.025,32,0.0,0.005,0.9998,90.0,0.0,9,10,0.057245731353759766
BPSK,0.0314,0.1874,0.2916,32,0.0,0.0,1.0,60.0,0.2,6,10,0.06607580184936523
QPSK,0.0314,0.2395,0.2655,32,0.15,0.0,1.0,90.0,0.0025000000000000005,9,10,0.07046127319335938
BPSK,0.0314,0.1353,0.1874,32,0.15,0.0,1.0,70.0,0.0075,7,10,0.06894040107727051
QPSK,0.0314,0.2655,0.0571,32,0.0,0.0,1.0,90.0,0.0,9,10,0.06533432006835938
BPSK,0.0314,0.0628,0.045,32,0.35,0.005,0.9995,90.0,0.0025000000000000005,9,10,0.08476114273071289
QPSK,0.0314,0.0628,0.08,64,0.1,0.005,1.0005,90.0,0.0025000000000000005,9,10,0.07621097564697266
QPSK,0.0314,0.1874,0.4218,32,0.15,0.0,1.0,60.0,0.010000000000000002,6,10,0.08871960639953613
BPSK,0.0314,0.2916,0.4218,32,0.0,0.0,1.0,0.0,0.5,0,10,0.1047675609588623
QPSK,0.0314,0.4739,0.4218,32,0.0,0.0,1.0,40.0,0.3,4,10,0.08655858039855957
BPSK,0.0314,0.0628,0.045,64,0.1,0.005,0.9998,50.0,0.0125,5,10,0.05744004249572754
QPSK,0.0314,0.005,0.4739,32,0.0,0.0,1.0,0.0,0.5,0,10,0.07235932350158691
QPSK,0.0314,0.005,0.1613,32,0.0,0.0,1.0,10.0,0.45,1,10,0.0550236701965332
QPSK,0.0314,0.0628,0.025,64,0.2,0.005,1.0005,90.0,0.0025000000000000005,9,10,0.06863546371459961
BPSK,0.0314,0.2916,0.4218,32,0.15,0.0,1.0,0.0,0.025,0,10,0.07178449630737305
QPSK,0.0314,0.5,0.0832,32,0.0,0.0,1.0,90.0,0.0,9,10,0.05955862998962402
BPSK,0.0314,0.005,0.3958,32,0.15,0.0,1.0,0.0,0.025,0,10,0.06391263008117676
BPSK,0.0314,0.0628,0.08,48,0.1,0.005,1.0005,40.0,0.015,4,10,0.09299993515014648
QPSK,0.0314,0.4739,0.2655,32,0.0,0.0,1.0,80.0,0.1,8,10,0.057619333267211914
QPSK,0.0314,0.0628,0.08,48,0.35,0.005,1.0005,90.0,0.0025000000000000005,9,10,0.07425713539123535
QPSK,0.0314,0.2395,0.3437,32,0.15,0.0,1.0,70.0,0.0075,7,10,0.07036757469177246
BPSK,0.0314,0.0628,0.025,64,0.05,0.005,0.9998,90.0,0.0025000000000000005,9,10,0.077301025390625
BPSK,0.0314,0.0628,0.08,16,0.05,0.005,1.0,90.0,0.0025000000000000005,9,10,0.06846237182617188
BPSK,0.0314,0.1613,0.1613,32,0.15,0.0,1.0,0.0,0.025,0,10,0.0688023567199707
QPSK,0.0314,0.0628,0.025,32,0.1,0.005,1.0,90.0,0.0025000000000000005,9,10,0.06177949905395508
QPSK,0.0314,0.1874,0.1092,32,0.15,0.0,1.0,90.0,0.0025000000000000005,9,10,0.07333207130432129
BPSK,0.0314,0.0628,0.08,16,0.35,0.005,1.0,90.0,0.0025000000000000005,9,10,0.06536054611206055
BPSK,0.05,0.0628,0.045,32,0.02,0.0,1.0,90.0,0.0025000000000000005,9,10,0.055142879486083984
BPSK,0.0314,0.0628,0.08,24,0.1,0.005,1.0005,80.0,0.005000000000000001,8,10,0.08612179756164551
QPSK,0.08,0.0628,0.045,32,0.02,0.0,1.0,90.0,0.0025000000000000005,9,10,0.07339096069335938
QPSK,0.0314,0.2395,0.4479,32,0.0,0.0,1.0,70.0,0.15,7,10,0.1209721565246582
BPSK,0.0314,0.1874,0.2395,32,0.15,0.0,1.0,80.0,0.005000000000000001,8,10,0.06037545204162598
QPSK,0.0314,0.0628,0.08,24,0.35,0.005,0.9995,90.0,0.0025000000000000005,9,10,0.06479549407958984
BPSK,0.0314,0.3958,0.3958,32,0.15,0.0,1.0,0.0,0.025,0,10,0.06057000160217285
QPSK,0.0314,0.0628,0.08,16,0.1,0.005,1.0005,90.0,0.0025000000000000005,9,10,0.06160473823547363
BPSK,0.0314,0.0628,0.08,16,0.05,0.005,0.9998,90.0,0.0025000000000000005,9,10,0.06769561767578125
BPSK,0.0314,0.2395,0.3437,32,0.15,0.0,1.0,0.0,0.025,0,10,0.06419515609741211
BPSK,0.0314,0.0628,0.025,48,0.2,0.005,1.0005,70.0,0.0075,7,10,0.05534172058105469
QPSK,0.0314,0.0628,0.025,24,0.0,0.005,0.9995,90.0,0.0,9,10,0.05391812324523926
QPSK,0.0314,0.2395,0.2395,32,0.15,0.0,1.0,90.0,0.0025000000000000005,9,10,0.05887126922607422
BPSK,0.0314,0.1613,0.2916,32,0.15,0.0,1.0,0.0,0.025,0,10,0.06216573715209961
BPSK,0.0314,0.2916,0.3437,32,0.15,0.0,1.0,0.0,0.025,0,10,0.07300519943237305
BPSK,0.0314,0.4218,0.3176,32,0.0,0.0,1.0,40.0,0.3,4,10,0.06587338447570801
BPSK,0.0314,0.3697,0.3697,32,0.15,0.0,1.0,0.0,0.025,0,10,0.08055543899536133
QPSK,0.0314,0.3437,0.0832,32,0.15,0.0,1.0,90.0,0.0025000000000000005,9,10,0.06792354583740234
QPSK,0.0314,0.2916,0.4479,32,0.15,0.0,1.0,0.0,0.025,0,10,0.07206034660339355
QPSK,0.0314,0.3697,0.1613,32,0.0,0.0,1.0,90.0,0.0,9,10,0.06606435775756836
BPSK,0.0314,0.2655,0.1874,32,0.15,0.0,1.0,70.0,0.0075,7,10,0.08175802230834961
QPSK,0.0314,0.0628,0.045,32,0.1,0.005,1.0005,90.0,0.0025000000000000005,9,10,0.061061859130859375
QPSK,0.01,0.03,0.045,32,0.02,-0.03,1.0,70.0,0.0075,7,10,0.08033061027526855
QPSK,0.0314,0.2916,0.2395,32,0.15,0.0,1.0,90.0,0.0025000000000000005,9,10,0.07535147666931152
QPSK,0.0314,0.0628,0.045,16,0.05,0.005,1.0,90.0,0.0025000000000000005,9,10,0.052490949630737305
BPSK,0.0314,0.1874,0.4739,32,0.15,0.0,1.0,0.0,0.025,0,10,0.06489753723144531
QPSK,0.0314,0.2655,0.2134,32,0.0,0.0,1.0,90.0,0.0,9,10,0.08914709091186523
QPSK,0.0314,0.0628,0.08,24,0.2,0.005,1.0002,90.0,0.0025000000000000005,9,10,0.06475639343261719
BPSK,0.0314,0.0628,0.045,24,0.0,0.005,0.9995,90.0,0.0,9,10,0.06666183471679688
BPSK,0.0314,0.4479,0.2395,32,0.0,0.0,1.0,80.0,0.1,8,10,0.06382894515991211
QPSK,0.0314,0.03,0.045,32,0.02,0.03,1.0,90.0,0.0025000000000000005,9,10,0.09324145317077637
QPSK,0.0314,0.0628,0.025,64,0.35,0.005,0.9995,80.0,0.005000000000000001,8,10,0.05798816680908203
QPSK,0.0314,0.2395,0.3697,32,0.15,0.0,1.0,80.0,0.005000000000000001,8,10,0.06407785415649414
QPSK,0.0314,0.0628,0.08,32,0.35,0.005,1.0002,90.0,0.0025000000000000005,9,10,0.07311463356018066
QPSK,0.0314,0.3958,0.2134,32,0.15,0.0,1.0,90.0,0.0025000000000000005,9,10,0.058762550354003906
QPSK,0.0314,0.0628,0.045,48,0.5,0.005,0.9998,80.0,0.005000000000000001,8,10,0.06461048126220703
QPSK,0.0314,0.4479,0.0311,32,0.15,0.0,1.0,80.0,0.005000000000000001,8,10,0.08645439147949219
BPSK,0.0314,0.005,0.4218,32,0.15,0.0,1.0,0.0,0.025,0,10,0.07169365882873535
QPSK,0.0314,0.3176,0.3176,32,0.0,0.0,1.0,0.0,0.5,0,10,0.05543041229248047
BPSK,0.0314,0.4479,0.2134,32,0.0,0.0,1.0,80.0,0.1,8,10,0.0447850227355957
QPSK,0.0314,0.3176,0.2916,32,0.15,0.0,1.0,90.0,0.0025000000000000005,9,10,0.05299258232116699
BPSK,0.0314,0.0628,0.045,16,0.1,0.005,1.0,90.0,0.0025000000000000005,9,10,0.07239294052124023
BPSK,0.0314,0.3697,0.3437,32,0.0,0.0,1.0,0.0,0.5,0,10,0.07585573196411133
BPSK,0.0314,0.4739,0.2916,32,0.15,0.0,1.0,0.0,0.025,0,10,0.0637962818145752
BPSK,0.0314,0.0628,0.08,48,0.2,0.005,0.9995,60.0,0.010000000000000002,6,10,0.06330370903015137
BPSK,0.0314,0.1353,0.3176,32,0.15,0.0,1.0,0.0,0.025,0,10,0.07422733306884766
QPSK,0.0314,0.0628,0.045,64,0.1,0.005,1.0,90.0,0.0025000000000000005,9,10,0.04831504821777344
BPSK,0.0314,0.0628,0.045,32,0.5,0.005,1.0,80.0,0.005000000000000001,8,10,0.062233924865722656
BPSK,0.05,0.0628,0.045,32,0.02,-0.015,1.0,90.0,0.0025000000000000005,9,10,0.07961058616638184
BPSK,0.0314,0.1613,0.2655,32,0.0,0.0,1.0,90.0,0.0,9,10,0.07117605209350586
QPSK,0.0314,0.5,0.4739,32,0.15,0.0,1.0,0.0,0.025,0,10,0.05820655822753906
QPSK,0.005,0.1,0.045,32,0.02,-0.015,1.0,90.0,0.0025000000000000005,9,10,0.07408738136291504
BPSK,0.0314,0.3176,0.3437,32,0.15,0.0,1.0,0.0,0.025,0,10,0.061708688735961914
BPSK,0.0314,0.2395,0.005,32,0.0,0.0,1.0,90.0,0.0,9,10,0.07325887680053711
QPSK,0.0314,0.2395,0.1613,32,0.0,0.0,1.0,90.0,0.0,9,10,0.07249855995178223
BPSK,0.0314,0.4739,0.1613,32,0.0,0.0,1.0,30.0,0.35,3,10,0.09084486961364746
QPSK,0.0314,0.3176,0.2395,32,0.0,0.0,1.0,90.0,0.0,9,10,0.04996180534362793
BPSK,0.0314,0.0628,0.045,48,0.0,0.005,0.9995,90.0,0.0,9,10,0.07788872718811035
BPSK,0.0314,0.3958,0.5,32,0.0,0.0,1.0,0.0,0.5,0,10,0.05978202819824219
QPSK,0.0314,0.0311,0.2134,32,0.0,0.0,1.0,90.0,0.0,9,10,0.07306599617004395
BPSK,0.0314,0.0628,0.045,64,0.05,0.005,1.0002,80.0,0.005000000000000001,8,10,0.07309079170227051
BPSK,0.0314,0.0628,0.08,16,0.1,0.005,1.0,90.0,0.0025000000000000005,9,10,0.06434011459350586
QPSK,0.0314,0.0628,0.045,32,0.02,-0.015,1.0,90.0,0.0025000000000000005,9,10,0.06396007537841797
BPSK,0.0314,0.0311,0.1613,32,0.15,0.0,1.0,0.0,0.025,0,10,0.08429384231567383
QPSK,0.0314,0.5,0.2395,32,0.0,0.0,1.0,90.0,0.0,9,10,0.08881354331970215
QPSK,0.0314,0.0628,0.08,24,0.5,0.005,1.0,90.0,0.0025000000000000005,9,10,0.10597991943359375
BPSK,0.0314,0.3697,0.0311,32,0.15,0.0,1.0,90.0,0.0025000000000000005,9,10,0.09671211242675781
BPSK,0.0314,0.005,0.1874,32,0.0,0.0,1.0,70.0,0.15,7,10,0.09251832962036133
QPSK,0.0314,0.0628,0.025,24,0.05,0.005,0.9995,90.0,0.0025000000000000005,9,10,0.0642092227935791
BPSK,0.0314,0.0628,0.08,24,0.0,0.005,0.9998,90.0,0.0,9,10,0.0643303394317627
QPSK,0.0314,0.3697,0.4739,32,0.0,0.0,1.0,0.0,0.5,0,10,0.07209300994873047
QPSK,0.0314,0.3958,0.1874,32,0.15,0.0,1.0,90.0,0.0025000000000000005,9,10,0.05835103988647461
BPSK,0.01,0.1,0.045,32,0.02,-0.015,1.0,90.0,0.0025000000000000005,9,10,0.07143831253051758
BPSK,0.0314,0.2134,0.4739,32,0.15,0.0,1.0,0.0,0.025,0,10,0.08212018013000488
QPSK,0.0314,0.0628,0.045,24,0.35,0.005,1.0005,90.0,0.0025000000000000005,9,10,0.06153583526611328
BPSK,0.0314,0.0571,0.4739,32,0.0,0.0,1.0,0.0,0.5,0,10,0.06031394004821777
BPSK,0.0314,0.1874,0.1092,32,0.15,0.0,1.0,70.0,0.0075,7,10,0.07549190521240234
QPSK,0.0314,0.2916,0.1874,32,0.15,0.0,1.0,90.0,0.0025000000000000005,9,10,0.06754207611083984
BPSK,0.0314,0.0832,0.4218,32,0.0,0.0,1.0,0.0,0.5,0,10,0.06837987899780273
BPSK,0.0314,0.1874,0.4218,32,0.15,0.0,1.0,0.0,0.025,0,10,0.06758260726928711
BPSK,0.0314,0.0628,0.045,16,0.35,0.005,0.9998,90.0,0.0025000000000000005,9,10,0.06363368034362793
QPSK,0.0314,0.0628,0.025,48,0.1,0.005,1.0,90.0,0.0025000000000000005,9,10,0.08460426330566406
QPSK,0.0314,0.3958,0.1353,32,0.15,0.0,1.0,90.0,0.0025000000000000005,9,10,0.07322311401367188
QPSK,0.0314,0.0628,0.08,48,0.1,0.005,1.0005,90.0,0.0025000000000000005,9,10,0.05565142631530762
QPSK,0.0314,0.2395,0.0311,32,0.15,0.0,1.0,90.0,0.0025000000000000005,9,10,0.0797278881072998
QPSK,0.0314,0.0628,0.025,64,0.5,0.005,1.0,80.0,0.005000000000000001,8,10,0.08767342567443848
BPSK,0.0314,0.0628,0.025,64,0.35,0.005,1.0,90.0,0.0025000000000000005,9,10,0.07139945030212402
QPSK,0.0314,0.2395,0.1092,32,0.15,0.0,1.0,90.0,0.0025000000000000005,9,10,0.06624007225036621
QPSK,0.0314,0.0628,0.08,24,0.1,0.005,0.9995,90.0,0.0025000000000000005,9,10,0.12908077239990234
BPSK,0.0314,0.2655,0.3176,32,0.0,0.0,1.0,40.0,0.3,4,10,0.06927037239074707
QPSK,0.0314,0.0628,0.08,48,0.0,0.005,1.0005,90.0,0.0,9,10,0.06004691123962402
BPSK,0.0314,0.3437,0.1874,32,0.15,0.0,1.0,70.0,0.0075,7,10,0.061699628829956055
BPSK,0.0314,0.0628,0.045,64,0.35,0.005,1.0002,80.0,0.005000000000000001,8,10,0.062497854232788086
QPSK,0.0314,0.0628,0.045,16,0.35,0.005,1.0005,90.0,0.0025000000000000005,9,10,0.07828783988952637
QPSK,0.0314,0.0628,0.08,32,0.2,0.005,0.9995,90.0,0.0025000000000000005,9,10,0.06522870063781738
QPSK,0.0314,0.0628,0.025,48,0.0,0.005,1.0002,90.0,0.0,9,10,0.0812675952911377
BPSK,0.0314,0.0628,0.025,32,0.1,0.005,1.0,90.0,0.0025000000000000005,9,10,0.07797980308532715
QPSK,0.0314,0.0571,0.1353,32,0.15,0.0,1.0,90.0,0.0025000000000000005,9,10,0.06543517112731934
BPSK,0.0314,0.5,0.0571,32,0.15,0.0,1.0,90.0,0.0025000000000000005,9,10,0.06681060791015625
BPSK,0.0314,0.0311,0.4739,32,0.15,0.0,1.0,0.0,0.025,0,10,0.061182260513305664
QPSK,0.0314,0.0628,0.08,64,0.35,0.005,1.0002,90.0,0.0025000000000000005,9,10,0.06850862503051758
BPSK,0.0314,0.0311,0.1353,32,0.15,0.0,1.0,60.0,0.010000000000000002,6,10,0.07146739959716797
BPSK,0.0314,0.0628,0.08,48,0.05,0.005,1.0002,40.0,0.015,4,10,0.08674979209899902
QPSK,0.0314,0.0628,0.025,64,0.0,0.005,1.0005,90.0,0.0,9,10,0.0661611557006836
QPSK,0.0314,0.1092,0.3697,32,0.0,0.0,1.0,90.0,0.0,9,10,0.07367777824401855
BPSK,0.0314,0.2395,0.2655,32,0.15,0.0,1.0,80.0,0.005000000000000001,8,10,0.07994771003723145
QPSK,0.0314,0.0628,0.045,64,0.2,0.005,1.0005,90.0,0.0025000000000000005,9,10,0.0632326602935791
BPSK,0.0314,0.1092,0.1092,32,0.0,0.0,1.0,70.0,0.15,7,10,0.05365324020385742
BPSK,0.0314,0.3697,0.4739,32,0.15,0.0,1.0,0.0,0.025,0,10,0.07307934761047363
BPSK,0.0314,0.4479,0.005,32,0.0,0.0,1.0,90.0,0.0,9,10,0.07593154907226562
QPSK,0.0314,0.0628,0.025,32,0.35,0.005,1.0002,90.0,0.0025000000000000005,9,10,0.06742238998413086
QPSK,0.0314,0.0628,0.025,48,0.35,0.005,1.0005,80.0,0.005000000000000001,8,10,0.07320618629455566
QPSK,0.0314,0.3958,0.4218,32,0.0,0.0,1.0,40.0,0.3,4,10,0.05859017372131348
QPSK,0.0314,0.2134,0.1613,32,0.15,0.0,1.0,90.0,0.0025000000000000005,9,10,0.06008148193359375
BPSK,0.0314,0.4218,0.3697,32,0.0,0.0,1.0,0.0,0.5,0,10,0.0743398666381836
QPSK,0.0314,0.2134,0.2134,32,0.0,0.0,1.0,90.0,0.0,9,10,0.07102751731872559
QPSK,0.0314,0.3176,0.0311,32,0.0,0.0,1.0,90.0,0.0,9,10,0.05742621421813965
QPSK,0.0314,0.0628,0.045,48,0.1,0.005,0.9998,90.0,0.0025000000000000005,9,10,0.06714034080505371
BPSK,0.0314,0.1613,0.1092,32,0.0,0.0,1.0,70.0,0.15,7,10,0.07416915893554688
BPSK,0.0314,0.0628,0.045,24,0.1,0.005,1.0005,80.0,0.005000000000000001,8,10,0.052875518798828125
BPSK,0.0314,0.3697,0.4479,32,0.0,0.0,1.0,0.0,0.5,0,10,0.06150984764099121
BPSK,0.01,0.1,0.045,32,0.02,-0.03,1.0,90.0,0.0025000000000000005,9,10,0.08191609382629395
QPSK,0.0314,0.3697,0.3958,32,0.15,0.0,1.0,70.0,0.0075,7,10,0.06155228614807129
BPSK,0.0314,0.0628,0.025,32,0.35,0.005,1.0002,90.0,0.0025000000000000005,9,10,0.06357240676879883
BPSK,0.0314,0.0311,0.1613,32,0.0,0.0,1.0,30.0,0.35,3,10,0.06134676933288574
BPSK,0.0314,0.1353,0.005,32,0.0,0.0,1.0,90.0,0.0,9,10,0.05704212188720703
QPSK,0.0314,0.2134,0.1353,32,0.0,0.0,1.0,90.0,0.0,9,10,0.07196545600891113
QPSK,0.0314,0.0628,0.08,32,0.0,0.005,1.0005,90.0,0.0,9,10,0.05846261978149414
QPSK,0.0314,0.0628,0.025,16,0.2,0.005,1.0002,90.0,0.0025000000000000005,9,10,0.06822538375854492
BPSK,0.0314,0.2916,0.3697,32,0.0,0.0,1.0,0.0,0.5,0,10,0.0687716007232666
BPSK,0.0314,0.5,0.2395,32,0.0,0.0,1.0,80.0,0.1,8,10,0.0667879581451416
QPSK,0.0314,0.1613,0.2916,32,0.0,0.0,1.0,90.0,0.0,9,10,0.056855201721191406
QPSK,0.0314,0.0628,0.08,48,0.05,0.005,1.0002,90.0,0.0025000000000000005,9,10,0.08276724815368652
QPSK,0.0314,0.2395,0.3176,32,0.15,0.0,1.0,80.0,0.005000000000000001,8,10,0.07003116607666016
QPSK,0.0314,0.2395,0.3958,32,0.0,0.0,1.0,70.0,0.15,7,10,0.06921172142028809
BPSK,0.0314,0.4739,0.0832,32,0.15,0.0,1.0,70.0,0.0075,7,10,0.07720208168029785
QPSK,0.0314,0.0628,0.08,16,0.05,0.005,1.0005,90.0,0.0025000000000000005,9,10,0.058371543884277344
BPSK,0.0314,0.2655,0.2395,32,0.0,0.0,1.0,80.0,0.1,8,10,0.07991290092468262
BPSK,0.0314,0.0628,0.08,32,0.2,0.005,0.9998,40.0,0.015,4,10,0.06486630439758301
QPSK,0.0314,0.5,0.4218,32,0.0,0.0,1.0,30.0,0.35,3,10,0.06938362121582031
QPSK,0.0314,0.0628,0.045,64,0.35,0.005,0.9995,90.0,0.0025000000000000005,9,10,0.09647917747497559
QPSK,0.0314,0.5,0.1092,32,0.0,0.0,1.0,90.0,0.0,9,10,0.07073020935058594
QPSK,0.0314,0.2916,0.4739,32,0.15,0.0,1.0,0.0,0.025,0,10,0.07304596900939941
QPSK,0.0314,0.1874,0.1353,32,0.0,0.0,1.0,90.0,0.0,9,10,0.08943867683410645
BPSK,0.0314,0.0628,0.045,32,0.05,0.005,0.9995,90.0,0.0025000000000000005,9,10,0.06546854972839355
QPSK,0.0314,0.3697,0.1874,32,0.0,0.0,1.0,90.0,0.0,9,10,0.09443259239196777
QPSK,0.0314,0.1092,0.1353,32,0.15,0.0,1.0,90.0,0.0025000000000000005,9,10,0.07628965377807617
QPSK,0.0314,0.0628,0.045,16,0.5,0.005,0.9995,40.0,0.015,4,10,0.07822299003601074
QPSK,0.0314,0.4479,0.2655,32,0.15,0.0,1.0,90.0,0.0025000000000000005,9,10,0.07234025001525879
QPSK,0.0314,0.0628,0.045,64,0.5,0.005,1.0002,70.0,0.0075,7,10,0.07606196403503418
BPSK,0.0314,0.0628,0.08,48,0.2,0.005,1.0,80.0,0.005000000000000001,8,10,0.11822962760925293
QPSK,0.005,0.03,0.045,32,0.02,0.015,1.0,70.0,0.0075,7,10,0.08409237861633301
BPSK,0.0314,0.1874,0.4218,32,0.0,0.0,1.0,0.0,0.5,0,10,0.061868906021118164
BPSK,0.0314,0.2655,0.005,32,0.0,0.0,1.0,90.0,0.0,9,10,0.0789034366607666
QPSK,0.0314,0.1874,0.3437,32,0.0,0.0,1.0,0.0,0.5,0,10,0.07207655906677246
QPSK,0.0314,0.5,0.4739,32,0.0,0.0,1.0,0.0,0.5,0,10,0.06519031524658203
BPSK,0.0314,0.0628,0.045,32,0.0,0.005,1.0005,80.0,0.1,8,10,0.07827210426330566
QPSK,0.0314,0.0628,0.025,32,0.5,0.005,1.0005,70.0,0.0075,7,10,0.07640433311462402
BPSK,0.0314,0.0832,0.2655,32,0.0,0.0,1.0,90.0,0.0,9,10,0.07962799072265625
BPSK,0.0314,0.0628,0.045,64,0.5,0.005,0.9998,50.0,0.0125,5,10,0.06911325454711914
QPSK,0.0314,0.1353,0.3176,32,0.0,0.0,1.0,0.0,0.5,0,10,0.0807943344116211
BPSK,0.0314,0.0628,0.045,32,0.35,0.005,1.0005,80.0,0.005000000000000001,8,10,0.06934571266174316
QPSK,0.0314,0.4739,0.4739,32,0.0,0.0,1.0,0.0,0.5,0,10,0.06398439407348633
QPSK,0.0314,0.5,0.3437,32,0.0,0.0,1.0,0.0,0.5,0,10,0.07321834564208984
BPSK,0.0314,0.0628,0.08,16,0.0,0.005,0.9998,90.0,0.0,9,10,0.07631421089172363
BPSK,0.0314,0.0628,0.08,64,0.1,0.005,0.9995,70.0,0.0075,7,10,0.06503176689147949
BPSK,0.0314,0.3958,0.0832,32,0.0,0.0,1.0,80.0,0.1,8,10,0.0673835277557373
BPSK,0.0314,0.4218,0.3958,32,0.0,0.0,1.0,0.0,0.5,0,10,0.08497428894042969
BPSK,0.0314,0.1613,0.3958,32,0.15,0.0,1.0,0.0,0.025,0,10,0.07997751235961914
QPSK,0.0314,0.4218,0.5,32,0.0,0.0,1.0,0.0,0.5,0,10,0.06830143928527832
QPSK,0.12,0.0628,0.045,32,0.02,-0.015,1.0,30.0,0.017499999999999998,3,10,0.07239603996276855
BPSK,0.0314,0.3958,0.1353,32,0.0,0.0,1.0,40.0,0.3,4,10,0.08669853210449219
BPSK,0.08,0.0628,0.045,32,0.02,-0.015,1.0,90.0,0.0025000000000000005,9,10,0.07127737998962402
QPSK,0.05,0.1,0.045,32,0.02,-0.03,1.0,90.0,0.0025000000000000005,9,10,0.10915446281433105
BPSK,0.0314,0.0628,0.08,64,0.5,0.005,1.0002,30.0,0.017499999999999998,3,10,0.06637954711914062
BPSK,0.0314,0.005,0.2916,32,0.15,0.0,1.0,0.0,0.025,0,10,0.06451010704040527
QPSK,0.0314,0.0628,0.025,16,0.35,0.005,0.9998,90.0,0.0025000000000000005,9,10,0.06531643867492676
QPSK,0.0314,0.0832,0.0832,32,0.0,0.0,1.0,90.0,0.0,9,10,0.06522560119628906
BPSK,0.0314,0.0628,0.045,48,0.5,0.005,1.0,70.0,0.0075,7,10,0.05533003807067871
QPSK,0.0314,0.3176,0.1874,32,0.15,0.0,1.0,90.0,0.0025000000000000005,9,10,0.05737662315368652
QPSK,0.0314,0.2134,0.3176,32,0.15,0.0,1.0,80.0,0.005000000000000001,8,10,0.08018779754638672
QPSK,0.0314,0.0628,0.025,16,0.2,0.005,1.0,90.0,0.0025000000000000005,9,10,0.055458784103393555
BPSK,0.0314,0.3697,0.3176,32,0.0,0.0,1.0,40.0,0.3,4,10,0.07395672798156738
BPSK,0.12,0.0628,0.045,32,0.02,0.0,1.0,90.0,0.0025000000000000005,9,10,0.06725382804870605
BPSK,0.0314,0.5,0.1092,32,0.15,0.0,1.0,70.0,0.0075,7,10,0.07342028617858887
QPSK,0.0314,0.0628,0.08,24,0.0,0.005,1.0,90.0,0.0,9,10,0.06432437896728516
BPSK,0.0314,0.3176,0.3176,32,0.15,0.0,1.0,0.0,0.025,0,10,0.07973837852478027
BPSK,0.0314,0.0571,0.2395,32,0.0,0.0,1.0,80.0,0.1,8,10,0.06774258613586426
BPSK,0.0314,0.4739,0.2134,32,0.15,0.0,1.0,60.0,0.010000000000000002,6,10,0.06368160247802734
BPSK,0.0314,0.4739,0.3437,32,0.15,0.0,1.0,0.0,0.025,0,10,0.06365633010864258
QPSK,0.0314,0.1353,0.3437,32,0.0,0.0,1.0,0.0,0.5,0,10,0.06664347648620605
BPSK,0.0314,0.4218,0.1092,32,0.0,0.0,1.0,70.0,0.15,7,10,0.08167910575866699
QPSK,0.0314,0.0628,0.025,64,0.35,0.005,1.0005,90.0,0.0025000000000000005,9,10,0.07937335968017578
BPSK,0.0314,0.4739,0.1874,32,0.15,0.0,1.0,70.0,0.0075,7,10,0.07312488555908203
BPSK,0.0314,0.1353,0.1353,32,0.0,0.0,1.0,40.0,0.3,4,10,0.06023597717285156
QPSK,0.0314,0.0628,0.025,32,0.1,0.005,1.0002,90.0,0.0025000000000000005,9,10,0.052611351013183594
QPSK,0.0314,0.1353,0.1874,32,0.0,0.0,1.0,90.0,0.0,9,10,0.05945086479187012
QPSK,0.005,0.03,0.045,32,0.02,0.0,1.0,90.0,0.0025000000000000005,9,10,0.067901611328125
BPSK,0.0314,0.0832,0.2395,32,0.0,0.0,1.0,80.0,0.1,8,10,0.08194923400878906
BPSK,0.0314,0.4739,0.4218,32,0.15,0.0,1.0,0.0,0.025,0,10,0.07131409645080566
QPSK,0.0314,0.5,0.3176,32,0.15,0.0,1.0,80.0,0.005000000000000001,8,10,0.05419564247131348
BPSK,0.0314,0.0628,0.045,48,0.0,0.005,1.0005,60.0,0.2,6,10,0.07822799682617188
BPSK,0.0314,0.0571,0.1092,32,0.15,0.0,1.0,70.0,0.0075,7,10,0.06648445129394531
QPSK,0.0314,0.2134,0.2655,32,0.15,0.0,1.0,90.0,0.0025000000000000005,9,10,0.06026935577392578
BPSK,0.0314,0.3437,0.005,32,0.15,0.0,1.0,90.0,0.0025000000000000005,9,10,0.06777048110961914
QPSK,0.0314,0.3697,0.2395,32,0.0,0.0,1.0,90.0,0.0,9,10,0.06064486503601074
BPSK,0.0314,0.0628,0.08,16,0.35,0.005,1.0002,90.0,0.0025000000000000005,9,10,0.07313203811645508
QPSK,0.0314,0.0628,0.025,24,0.35,0.005,1.0,90.0,0.0025000000000000005,9,10,0.053995370864868164
BPSK,0.0314,0.0628,0.045,16,0.5,0.005,0.9995,90.0,0.0025000000000000005,9,10,0.04727315902709961
BPSK,0.0314,0.2655,0.3958,32,0.15,0.0,1.0,0.0,0.025,0,10,0.07367229461669922
BPSK,0.0314,0.3176,0.2916,32,0.15,0.0,1.0,0.0,0.025,0,10,0.04080939292907715
BPSK,0.0314,0.1353,0.4218,32,0.15,0.0,1.0,0.0,0.025,0,10,0.06839251518249512
QPSK,0.01,0.1,0.045,32,0.02,-0.03,1.0,0.0,0.025,0,10,0.06830072402954102
BPSK,0.0314,0.0628,0.045,16,0.05,0.005,1.0005,90.0,0.0025000000000000005,9,10,0.07573366165161133
QPSK,0.0314,0.0628,0.025,24,0.05,0.005,1.0005,90.0,0.0025000000000000005,9,10,0.055866241455078125
BPSK,0.0314,0.5,0.3437,32,0.0,0.0,1.0,0.0,0.5,0,10,0.06771326065063477
QPSK,0.0314,0.1353,0.1092,32,0.15,0.0,1.0,90.0,0.0025000000000000005,9,10,0.06892228126525879
BPSK,0.0314,0.0628,0.025,24,0.05,0.005,0.9995,90.0,0.0025000000000000005,9,10,0.09422874450683594
BPSK,0.0314,0.3437,0.5,32,0.15,0.0,1.0,0.0,0.025,0,10,0.06560230255126953
QPSK,0.0314,0.1353,0.005,32,0.0,0.0,1.0,90.0,0.0,9,10,0.05739188194274902
BPSK,0.0314,0.0628,0.025,16,0.1,0.005,1.0002,90.0,0.0025000000000000005,9,10,0.07334589958190918
QPSK,0.0314,0.2395,0.4218,32,0.15,0.0,1.0,60.0,0.010000000000000002,6,10,0.05543875694274902
QPSK,0.0314,0.005,0.1353,32,0.0,0.0,1.0,10.0,0.45,1,10,0.08071064949035645
BPSK,0.0314,0.4218,0.3437,32,0.15,0.0,1.0,0.0,0.025,0,10,0.06589794158935547
BPSK,0.0314,0.0628,0.08,16,0.5,0.005,0.9995,90.0,0.0025000000000000005,9,10,0.08799457550048828
QPSK,0.0314,0.0628,0.025,48,0.2,0.005,1.0,90.0,0.0025000000000000005,9,10,0.10213828086853027
BPSK,0.12,0.0628,0.045,32,0.02,-0.015,1.0,90.0,0.0025000000000000005,9,10,0.06934165954589844
QPSK,0.0314,0.2916,0.0571,32,0.15,0.0,1.0,90.0,0.0025000000000000005,9,10,0.09259176254272461
QPSK,0.0314,0.1353,0.1613,32,0.15,0.0,1.0,90.0,0.0025000000000000005,9,10,0.05694150924682617
QPSK,0.0314,0.4739,0.2916,32,0.0,0.0,1.0,90.0,0.0,9,10,0.0744776725769043
QPSK,0.0314,0.0571,0.3958,32,0.15,0.0,1.0,70.0,0.0075,7,10,0.06269311904907227
BPSK,0.0314,0.03,0.045,32,0.02,-0.03,1.0,90.0,0.0025000000000000005,9,10,0.07861971855163574
QPSK,0.0314,0.3176,0.1092,32,0.0,0.0,1.0,90.0,0.0,9,10,0.11374831199645996
BPSK,0.0314,0.2395,0.1092,32,0.15,0.0,1.0,70.0,0.0075,7,10,0.0787801742553711
BPSK,0.0314,0.0571,0.2134,32,0.15,0.0,1.0,60.0,0.010000000000000002,6,10,0.12480640411376953
BPSK,0.0314,0.0628,0.025,24,0.5,0.005,1.0,90.0,0.0025000000000000005,9,10,0.06717181205749512
BPSK,0.0314,0.0628,0.08,64,0.05,0.005,1.0,30.0,0.017499999999999998,3,10,0.07985234260559082
QPSK,0.0314,0.0628,0.045,24,0.35,0.005,0.9998,90.0,0.0025000000000000005,9,10,0.05478072166442871
QPSK,0.0314,0.0628,0.025,16,0.0,0.005,1.0002,90.0,0.0,9,10,0.06609702110290527
BPSK,0.0314,0.2655,0.3437,32,0.0,0.0,1.0,0.0,0.5,0,10,0.08008646965026855
QPSK,0.0314,0.2395,0.2134,32,0.0,0.0,1.0,90.0,0.0,9,10,0.0787661075592041
BPSK,0.0314,0.4739,0.3958,32,0.0,0.0,1.0,0.0,0.5,0,10,0.0902252197265625
BPSK,0.0314,0.2916,0.2916,32,0.0,0.0,1.0,60.0,0.2,6,10,0.0535120964050293
BPSK,0.0314,0.3176,0.4739,32,0.0,0.0,1.0,0.0,0.5,0,10,0.07728695869445801
QPSK,0.0314,0.0628,0.025,48,0.5,0.005,0.9995,90.0,0.0025000000000000005,9,10,0.0889737606048584
BPSK,0.0314,0.3697,0.2134,32,0.0,0.0,1.0,80.0,0.1,8,10,0.07429218292236328
QPSK,0.12,0.03,0.045,32,0.02,0.0,1.0,0.0,0.025,0,10,0.06753301620483398
BPSK,0.0314,0.0832,0.3437,32,0.15,0.0,1.0,0.0,0.025,0,10,0.06650042533874512
QPSK,0.0314,0.005,0.0571,32,0.15,0.0,1.0,0.0,0.025,0,10,0.06570792198181152
BPSK,0.0314,0.1092,0.4479,32,0.0,0.0,1.0,0.0,0.5,0,10,0.09923434257507324
QPSK,0.0314,0.0628,0.045,24,0.5,0.005,1.0005,70.0,0.0075,7,10,0.07040905952453613
QPSK,0.0314,0.0628,0.08,48,0.05,0.005,0.9998,90.0,0.0025000000000000005,9,10,0.06902885437011719
QPSK,0.0314,0.3697,0.0311,32,0.15,0.0,1.0,90.0,0.0025000000000000005,9,10,0.05290389060974121
BPSK,0.0314,0.1353,0.2134,32,0.0,0.0,1.0,80.0,0.1,8,10,0.08308935165405273
QPSK,0.0314,0.3176,0.3697,32,0.15,0.0,1.0,80.0,0.005000000000000001,8,10,0.06699943542480469
QPSK,0.0314,0.4739,0.2395,32,0.0,0.0,1.0,90.0,0.0,9,10,0.06516480445861816
BPSK,0.0314,0.0628,0.025,64,0.1,0.005,1.0002,70.0,0.0075,7,10,0.08359575271606445
BPSK,0.0314,0.3176,0.4479,32,0.15,0.0,1.0,0.0,0.025,0,10,0.07637977600097656
BPSK,0.0314,0.0628,0.08,48,0.1,0.005,0.9998,50.0,0.0125,5,10,0.11550498008728027
QPSK,0.0314,0.0628,0.08,64,0.2,0.005,1.0002,90.0,0.0025000000000000005,9,10,0.062496185302734375
QPSK,0.0314,0.3697,0.0571,32,0.0,0.0,1.0,90.0,0.0,9,10,0.061775922775268555
BPSK,0.0314,0.4739,0.1353,32,0.0,0.0,1.0,40.0,0.3,4,10,0.08295369148254395
QPSK,0.0314,0.0832,0.4739,32,0.15,0.0,1.0,0.0,0.025,0,10,0.07139039039611816
BPSK,0.02,0.03,0.045,32,0.02,0.015,1.0,90.0,0.0025000000000000005,9,10,0.08424639701843262
BPSK,0.0314,0.0628,0.045,48,0.05,0.005,1.0005,60.0,0.010000000000000002,6,10,0.06304502487182617
BPSK,0.0314,0.0628,0.025,32,0.5,0.005,0.9995,90.0,0.0025000000000000005,9,10,0.08102703094482422
QPSK,0.05,0.03,0.045,32,0.02,0.015,1.0,40.0,0.015,4,10,0.07091569900512695
BPSK,0.0314,0.4218,0.5,32,0.0,0.0,1.0,0.0,0.5,0,10,0.08080792427062988
QPSK,0.0314,0.0628,0.08,48,0.5,0.005,1.0002,70.0,0.0075,7,10,0.06580972671508789
QPSK,0.0314,0.3697,0.5,32,0.15,0.0,1.0,0.0,0.025,0,10,0.07962417602539062
QPSK,0.0314,0.0311,0.2916,32,0.0,0.0,1.0,90.0,0.0,9,10,0.0573267936706543
BPSK,0.0314,0.4479,0.0832,32,0.15,0.0,1.0,70.0,0.0075,7,10,0.06521916389465332
QPSK,0.0314,0.005,0.3176,32,0.15,0.0,1.0,0.0,0.025,0,10,0.06842780113220215
QPSK,0.0314,0.1092,0.0832,32,0.0,0.0,1.0,90.0,0.0,9,10,0.06357359886169434
BPSK,0.0314,0.0311,0.0311,32,0.0,0.0,1.0,90.0,0.0,9,10,0.07734394073486328
QPSK,0.0314,0.0628,0.045,32,0.1,0.005,0.9998,90.0,0.0025000000000000005,9,10,0.08707547187805176
BPSK,0.0314,0.1092,0.3958,32,0.0,0.0,1.0,0.0,0.5,0,10,0.05219674110412598
QPSK,0.0314,0.1613,0.005,32,0.0,0.0,1.0,90.0,0.0,9,10,0.0595240592956543
QPSK,0.01,0.1,0.045,32,0.02,0.03,1.0,0.0,0.025,0,10,0.08007955551147461
QPSK,0.0314,0.0628,0.045,32,0.5,0.005,1.0005,60.0,0.010000000000000002,6,10,0.07909631729125977
QPSK,0.0314,0.0628,0.08,32,0.05,0.005,1.0002,90.0,0.0025000000000000005,9,10,0.06514191627502441
QPSK,0.0314,0.0628,0.025,32,0.0,0.005,1.0005,90.0,0.0,9,10,0.06305909156799316
BPSK,0.0314,0.2655,0.5,32,0.0,0.0,1.0,0.0,0.5,0,10,0.05936074256896973
QPSK,0.0314,0.0571,0.3958,32,0.0,0.0,1.0,70.0,0.15,7,10,0.07474994659423828
BPSK,0.0314,0.4739,0.2134,32,0.0,0.0,1.0,80.0,0.1,8,10,0.09254145622253418
BPSK,0.0314,0.0628,0.025,24,0.2,0.005,0.9998,90.0,0.0025000000000000005,9,10,0.08808708190917969
QPSK,0.0314,0.0628,0.08,32,0.35,0.005,0.9995,90.0,0.0025000000000000005,9,10,0.059467315673828125
BPSK,0.0314,0.0628,0.025,48,0.05,0.005,0.9998,90.0,0.0025000000000000005,9,10,0.06085014343261719
BPSK,0.0314,0.2916,0.0832,32,0.0,0.0,1.0,80.0,0.1,8,10,0.05836915969848633
QPSK,0.12,0.03,0.045,32,0.02,-0.015,1.0,0.0,0.025,0,10,0.06765246391296387
QPSK,0.0314,0.1613,0.2655,32,0.0,0.0,1.0,80.0,0.1,8,10,0.06214618682861328
QPSK,0.0314,0.0628,0.045,32,0.5,0.005,0.9998,80.0,0.005000000000000001,8,10,0.11641716957092285
QPSK,0.0314,0.0628,0.08,16,0.2,0.005,0.9998,90.0,0.0025000000000000005,9,10,0.03543281555175781
BPSK,0.0314,0.2395,0.3176,32,0.0,0.0,1.0,40.0,0.3,4,10,0.04163312911987305
QPSK,0.0314,0.1092,0.1874,32,0.15,0.0,1.0,90.0,0.0025000000000000005,9,10,0.03791046142578125
QPSK,0.01,0.03,0.045,32,0.02,0.015,1.0,80.0,0.005000000000000001,8,10,0.02941751480102539
QPSK,0.0314,0.0311,0.2655,32,0.15,0.0,1.0,90.0,0.0025000000000000005,9,10,0.07222414016723633
QPSK,0.0314,0.2134,0.0311,32,0.15,0.0,1.0,90.0,0.0025000000000000005,9,10,0.058746337890625
BPSK,0.0314,0.2134,0.4479,32,0.0,0.0,1.0,0.0,0.5,0,10,0.06579828262329102
BPSK,0.0314,0.4479,0.0571,32,0.0,0.0,1.0,90.0,0.0,9,10,0.06297731399536133
QPSK,0.0314,0.0311,0.1613,32,0.0,0.0,1.0,90.0,0.0,9,10,0.08069348335266113
BPSK,0.0314,0.3176,0.2395,32,0.15,0.0,1.0,80.0,0.005000000000000001,8,10,0.0691840648651123
BPSK,0.0314,0.0628,0.08,32,0.05,0.005,1.0005,80.0,0.005000000000000001,8,10,0.0724484920501709
BPSK,0.0314,0.0628,0.025,64,0.5,0.005,0.9995,80.0,0.005000000000000001,8,10,0.06813907623291016
BPSK,0.0314,0.0628,0.08,32,0.2,0.005,0.9995,70.0,0.0075,7,10,0.06223106384277344
BPSK,0.0314,0.4739,0.005,32,0.15,0.0,1.0,90.0,0.0025000000000000005,9,10,0.07908272743225098
QPSK,0.0314,0.0628,0.08,24,0.2,0.005,0.9995,90.0,0.0025000000000000005,9,10,0.06031966209411621
BPSK,0.0314,0.0628,0.045,16,0.5,0.005,1.0,90.0,0.0025000000000000005,9,10,0.06892681121826172
BPSK,0.0314,0.2916,0.2134,32,0.15,0.0,1.0,60.0,0.010000000000000002,6,10,0.06739306449890137
BPSK,0.0314,0.1613,0.005,32,0.0,0.0,1.0,90.0,0.0,9,10,0.08183145523071289
BPSK,0.0314,0.3958,0.2134,32,0.15,0.0,1.0,60.0,0.010000000000000002,6,10,0.1066741943359375
QPSK,0.0314,0.0628,0.08,64,0.0,0.005,0.9998,90.0,0.0,9,10,0.08403468132019043
BPSK,0.0314,0.1092,0.3176,32,0.15,0.0,1.0,0.0,0.025,0,10,0.0705561637878418
BPSK,0.0314,0.5,0.1353,32,0.15,0.0,1.0,60.0,0.010000000000000002,6,10,0.07542967796325684
BPSK,0.0314,0.0628,0.08,32,0.0,0.005,0.9995,90.0,0.0,9,10,0.06317281723022461
QPSK,0.0314,0.4479,0.4479,32,0.0,0.0,1.0,60.0,0.2,6,10,0.07859683036804199
QPSK,0.0314,0.0628,0.025,24,0.0,0.005,1.0002,90.0,0.0,9,10,0.0737466812133789
QPSK,0.0314,0.0628,0.08,64,0.1,0.005,0.9995,90.0,0.0025000000000000005,9,10,0.11725735664367676
QPSK,0.0314,0.3437,0.3437,32,0.15,0.0,1.0,70.0,0.0075,7,10,0.0956573486328125
BPSK,0.0314,0.0628,0.08,16,0.5,0.005,1.0,50.0,0.0125,5,10,0.06947016716003418
QPSK,0.0314,0.1613,0.1353,32,0.0,0.0,1.0,90.0,0.0,9,10,0.06470513343811035
BPSK,0.01,0.03,0.045,32,0.02,-0.015,1.0,80.0,0.005000000000000001,8,10,0.06792831420898438
QPSK,0.0314,0.0311,0.0571,32,0.15,0.0,1.0,90.0,0.0025000000000000005,9,10,0.062494516372680664
QPSK,0.0314,0.0571,0.5,32,0.15,0.0,1.0,0.0,0.025,0,10,0.07143282890319824
QPSK,0.0314,0.4218,0.3958,32,0.15,0.0,1.0,70.0,0.0075,7,10,0.05261802673339844
BPSK,0.0314,0.2916,0.2655,32,0.15,0.0,1.0,80.0,0.005000000000000001,8,10,0.0705575942993164
BPSK,0.0314,0.005,0.4479,32,0.0,0.0,1.0,0.0,0.5,0,10,0.06917905807495117
QPSK,0.0314,0.0628,0.025,64,0.05,0.005,0.9998,90.0,0.0025000000000000005,9,10,0.05255270004272461
QPSK,0.0314,0.0628,0.08,16,0.0,0.005,0.9998,90.0,0.0,9,10,0.07226300239562988
BPSK,0.0314,0.0628,0.08,64,0.1,0.005,1.0005,50.0,0.0125,5,10,0.06488966941833496
BPSK,0.0314,0.2134,0.1353,32,0.0,0.0,1.0,40.0,0.3,4,10,0.07032060623168945
BPSK,0.0314,0.0628,0.025,48,0.1,0.005,0.9998,90.0,0.0025000000000000005,9,10,0.06460165977478027
BPSK,0.0314,0.5,0.0311,32,0.15,0.0,1.0,90.0,0.0025000000000000005,9,10,0.07644510269165039
QPSK,0.0314,0.0628,0.025,24,0.1,0.005,0.9998,90.0,0.0025000000000000005,9,10,0.07164216041564941
BPSK,0.0314,0.005,0.1353,32,0.0,0.0,1.0,40.0,0.3,4,10,0.07126879692077637
QPSK,0.0314,0.0628,0.025,64,0.2,0.005,1.0,90.0,0.0025000000000000005,9,10,0.06565999984741211
QPSK,0.0314,0.0628,0.025,24,0.0,0.005,1.0005,90.0,0.0,9,10,0.060768842697143555
BPSK,0.0314,0.0628,0.045,64,0.2,0.005,1.0002,60.0,0.010000000000000002,6,10,0.09068489074707031
QPSK,0.0314,0.1874,0.3958,32,0.0,0.0,1.0,70.0,0.15,7,10,0.08564949035644531
QPSK,0.0314,0.2916,0.1092,32,0.15,0.0,1.0,90.0,0.0025000000000000005,9,10,0.07594180107116699
BPSK,0.0314,0.0628,0.025,48,0.2,0.005,0.9995,90.0,0.0025000000000000005,9,10,0.05328869819641113
QPSK,0.0314,0.0628,0.025,48,0.5,0.005,1.0,80.0,0.005000000000000001,8,10,0.06374001502990723
QPSK,0.0314,0.5,0.2655,32,0.0,0.0,1.0,80.0,0.1,8,10,0.06470775604248047
QPSK,0.0314,0.2134,0.3437,32,0.15,0.0,1.0,70.0,0.0075,7,10,0.12793588638305664
QPSK,0.0314,0.3176,0.4739,32,0.15,0.0,1.0,0.0,0.025,0,10,0.08156085014343262
BPSK,0.08,0.1,0.045,32,0.02,-0.03,1.0,90.0,0.0025000000000000005,9,10,0.06519651412963867
QPSK,0.0314,0.2655,0.3958,32,0.0,0.0,1.0,70.0,0.15,7,10,0.0736534595489502
BPSK,0.08,0.03,0.045,32,0.02,0.015,1.0,90.0,0.0025000000000000005,9,10,0.06407904624938965
BPSK,0.0314,0.2655,0.2916,32,0.15,0.0,1.0,0.0,0.025,0,10,0.06692242622375488
BPSK,0.0314,0.0628,0.045,64,0.35,0.005,0.9995,50.0,0.0125,5,10,0.08381271362304688
BPSK,0.0314,0.3176,0.2395,32,0.0,0.0,1.0,80.0,0.1,8,10,0.06104755401611328
QPSK,0.0314,0.0628,0.08,64,0.05,0.005,1.0002,90.0,0.0025000000000000005,9,10,0.07144451141357422
QPSK,0.0314,0.1092,0.1874,32,0.0,0.0,1.0,90.0,0.0,9,10,0.06180882453918457
QPSK,0.0314,0.0628,0.045,48,0.5,0.005,0.9995,80.0,0.005000000000000001,8,10,0.06530117988586426
BPSK,0.0314,0.005,0.4479,32,0.15,0.0,1.0,0.0,0.025,0,10,0.06966829299926758
BPSK,0.0314,0.4218,0.0571,32,0.15,0.0,1.0,90.0,0.0025000000000000005,9,10,0.08022022247314453
BPSK,0.0314,0.0628,0.025,48,0.0,0.005,0.9995,90.0,0.0,9,10,0.07180404663085938
QPSK,0.0314,0.0628,0.08,32,0.2,0.005,1.0005,90.0,0.0025000000000000005,9,10,0.0656435489654541
QPSK,0.0314,0.2916,0.0311,32,0.0,0.0,1.0,90.0,0.0,9,10,0.062401771545410156
QPSK,0.0314,0.3697,0.4218,32,0.0,0.0,1.0,40.0,0.3,4,10,0.06100797653198242
QPSK,0.01,0.0628,0.045,32,0.02,-0.03,1.0,0.0,0.025,0,10,0.0757148265838623
QPSK,0.0314,0.0628,0.045,16,0.5,0.005,1.0002,70.0,0.0075,7,10,0.07832956314086914
BPSK,0.0314,0.0628,0.025,32,0.5,0.005,1.0,90.0,0.0025000000000000005,9,10,0.07431411743164062
BPSK,0.0314,0.0628,0.045,48,0.35,0.005,0.9995,80.0,0.005000000000000001,8,10,0.057604312896728516
BPSK,0.0314,0.0832,0.005,32,0.15,0.0,1.0,90.0,0.0025000000000000005,9,10,0.10216355323791504
QPSK,0.0314,0.0628,0.025,24,0.2,0.005,0.9998,90.0,0.0025000000000000005,9,10,0.08147907257080078
BPSK,0.0314,0.0628,0.08,48,0.05,0.005,0.9995,60.0,0.010000000000000002,6,10,0.06325864791870117
QPSK,0.0314,0.0628,0.025,32,0.05,0.005,0.9995,90.0,0.0025000000000000005,9,10,0.06808280944824219
BPSK,0.12,0.0628,0.045,32,0.02,-0.03,1.0,90.0,0.0025000000000000005,9,10,0.06300854682922363
QPSK,0.0314,0.005,0.1613,32,0.15,0.0,1.0,0.0,0.025,0,10,0.07731437683105469
BPSK,0.0314,0.4739,0.0571,32,0.15,0.0,1.0,90.0,0.0025000000000000005,9,10,0.07489562034606934
