Modulation,FLL_BW,Costas_BW,SymSync_BW,PreambleSize,NoiseVolt,FreqOffset,TimeOffset,PDR,BER,MatchedPkts,TotalPkts,ElapsedSec
BPSK,0.01,0.03,0.025,16,0.0,-0.015,0.9998,80.0,0.1,8,10,0.04053616523742676
BPSK,0.01,0.03,0.025,16,0.0,-0.015,1.0002,80.0,0.1,8,10,0.04875659942626953
BPSK,0.01,0.03,0.025,16,0.0,0.0,0.9998,90.0,0.0,9,10,0.0458836555480957
BPSK,0.01,0.03,0.025,16,0.0,0.0,1.0002,90.0,0.0,9,10,0.03470969200134277
BPSK,0.01,0.03,0.025,16,0.0,0.015,0.9998,80.0,0.1,8,10,0.03951621055603027
BPSK,0.01,0.03,0.025,16,0.0,0.015,1.0002,80.0,0.1,8,10,0.03029942512512207
BPSK,0.01,0.03,0.025,16,0.2,-0.015,0.9998,80.0,0.010000000000000002,8,10,0.040671348571777344
BPSK,0.01,0.03,0.025,16,0.2,-0.015,1.0002,80.0,0.010000000000000002,8,10,0.04473567008972168
BPSK,0.01,0.03,0.025,16,0.2,0.0,0.9998,90.0,0.005000000000000001,9,10,0.04053497314453125
BPSK,0.01,0.03,0.025,16,0.2,0.0,1.0002,90.0,0.005000000000000001,9,10,0.04008793830871582
BPSK,0.01,0.03,0.025,16,0.2,0.015,0.9998,80.0,0.010000000000000002,8,10,0.04230499267578125
BPSK,0.01,0.03,0.025,16,0.2,0.015,1.0002,80.0,0.010000000000000002,8,10,0.044217824935913086
BPSK,0.01,0.03,0.025,16,0.45,-0.015,0.9998,80.0,0.010000000000000002,8,10,0.04502582550048828
BPSK,0.01,0.03,0.025,16,0.45,-0.015,1.0002,80.0,0.010000000000000002,8,10,0.03670358657836914
BPSK,0.01,0.03,0.025,16,0.45,0.0,0.9998,90.0,0.005000000000000001,9,10,0.039971351623535156
BPSK,0.01,0.03,0.025,16,0.45,0.0,1.0002,90.0,0.005000000000000001,9,10,0.0387728214263916
BPSK,0.01,0.03,0.025,16,0.45,0.015,0.9998,80.0,0.010000000000000002,8,10,0.04135942459106445
BPSK,0.01,0.03,0.025,16,0.45,0.015,1.0002,80.0,0.010000000000000002,8,10,0.04035305976867676
BPSK,0.01,0.03,0.025,32,0.0,-0.015,0.9998,80.0,0.1,8,10,0.041745662689208984
BPSK,0.01,0.03,0.025,32,0.0,-0.015,1.0002,80.0,0.1,8,10,0.05771064758300781
BPSK,0.01,0.03,0.025,32,0.0,0.0,0.9998,90.0,0.0,9,10,0.04094648361206055
BPSK,0.01,0.03,0.025,32,0.0,0.0,1.0002,90.0,0.0,9,10,0.04543304443359375
BPSK,0.01,0.03,0.025,32,0.0,0.015,0.9998,80.0,0.1,8,10,0.061510562896728516
BPSK,0.01,0.03,0.025,32,0.0,0.015,1.0002,80.0,0.1,8,10,0.04581046104431152
BPSK,0.01,0.03,0.025,32,0.2,-0.015,0.9998,80.0,0.010000000000000002,8,10,0.061307668685913086
BPSK,0.01,0.03,0.025,32,0.2,-0.015,1.0002,80.0,0.010000000000000002,8,10,0.04985475540161133
BPSK,0.01,0.03,0.025,32,0.2,0.0,0.9998,90.0,0.005000000000000001,9,10,0.04355359077453613
BPSK,0.01,0.03,0.025,32,0.2,0.0,1.0002,90.0,0.005000000000000001,9,10,0.04742574691772461
BPSK,0.01,0.03,0.025,32,0.2,0.015,0.9998,80.0,0.010000000000000002,8,10,0.040636301040649414
BPSK,0.01,0.03,0.025,32,0.2,0.015,1.0002,80.0,0.010000000000000002,8,10,0.043415069580078125
BPSK,0.01,0.03,0.025,32,0.45,-0.015,0.9998,80.0,0.010000000000000002,8,10,0.05279350280761719
BPSK,0.01,0.03,0.025,32,0.45,-0.015,1.0002,80.0,0.010000000000000002,8,10,0.04077005386352539
BPSK,0.01,0.03,0.025,32,0.45,0.0,0.9998,90.0,0.005000000000000001,9,10,0.03734612464904785
BPSK,0.01,0.03,0.025,32,0.45,0.0,1.0002,90.0,0.005000000000000001,9,10,0.05174827575683594
BPSK,0.01,0.03,0.025,32,0.45,0.015,0.9998,70.0,0.015,7,10,0.04688596725463867
BPSK,0.01,0.03,0.025,32,0.45,0.015,1.0002,80.0,0.010000000000000002,8,10,0.04466366767883301
BPSK,0.01,0.03,0.025,48,0.0,-0.015,0.9998,80.0,0.1,8,10,0.04763936996459961
BPSK,0.01,0.03,0.025,48,0.0,-0.015,1.0002,80.0,0.1,8,10,0.04460287094116211
BPSK,0.01,0.03,0.025,48,0.0,0.0,0.9998,90.0,0.0,9,10,0.049164533615112305
BPSK,0.01,0.03,0.025,48,0.0,0.0,1.0002,90.0,0.0,9,10,0.0446629524230957
BPSK,0.01,0.03,0.025,48,0.0,0.015,0.9998,80.0,0.1,8,10,0.047064781188964844
BPSK,0.01,0.03,0.025,48,0.0,0.015,1.0002,80.0,0.1,8,10,0.04565882682800293
BPSK,0.01,0.03,0.025,48,0.2,-0.015,0.9998,80.0,0.010000000000000002,8,10,0.052668094635009766
BPSK,0.01,0.03,0.025,48,0.2,-0.015,1.0002,80.0,0.010000000000000002,8,10,0.049237966537475586
BPSK,0.01,0.03,0.025,48,0.2,0.0,0.9998,90.0,0.005000000000000001,9,10,0.051648616790771484
BPSK,0.01,0.03,0.025,48,0.2,0.0,1.0002,90.0,0.005000000000000001,9,10,0.041113853454589844
BPSK,0.01,0.03,0.025,48,0.2,0.015,0.9998,80.0,0.010000000000000002,8,10,0.05611681938171387
BPSK,0.01,0.03,0.025,48,0.2,0.015,1.0002,80.0,0.010000000000000002,8,10,0.047565460205078125
BPSK,0.01,0.03,0.025,48,0.45,-0.015,0.9998,80.0,0.010000000000000002,8,10,0.05292105674743652
BPSK,0.01,0.03,0.025,48,0.45,-0.015,1.0002,80.0,0.010000000000000002,8,10,0.04559636116027832
BPSK,0.01,0.03,0.025,48,0.45,0.0,0.9998,90.0,0.005000000000000001,9,10,0.055945634841918945
BPSK,0.01,0.03,0.025,48,0.45,0.0,1.0002,90.0,0.005000000000000001,9,10,0.04788041114807129
BPSK,0.01,0.03,0.025,48,0.45,0.015,0.9998,80.0,0.010000000000000002,8,10,0.057021379470825195
BPSK,0.01,0.03,0.025,48,0.45,0.015,1.0002,80.0,0.010000000000000002,8,10,0.046109676361083984
BPSK,0.01,0.03,0.045,16,0.0,-0.015,0.9998,80.0,0.1,8,10,0.04683709144592285
BPSK,0.01,0.03,0.045,16,0.0,-0.015,1.0002,80.0,0.1,8,10,0.04139518737792969
BPSK,0.01,0.03,0.045,16,0.0,0.0,0.9998,90.0,0.0,9,10,0.05249190330505371
BPSK,0.01,0.03,0.045,16,0.0,0.0,1.0002,90.0,0.0,9,10,0.07404088973999023
BPSK,0.01,0.03,0.045,16,0.0,0.015,0.9998,80.0,0.1,8,10,0.037920475006103516
BPSK,0.01,0.03,0.045,16,0.0,0.015,1.0002,80.0,0.1,8,10,0.04723381996154785
BPSK,0.01,0.03,0.045,16,0.2,-0.015,0.9998,80.0,0.010000000000000002,8,10,0.04950881004333496
BPSK,0.01,0.03,0.045,16,0.2,-0.015,1.0002,80.0,0.010000000000000002,8,10,0.03873872756958008
BPSK,0.01,0.03,0.045,16,0.2,0.0,0.9998,90.0,0.005000000000000001,9,10,0.053522586822509766
BPSK,0.01,0.03,0.045,16,0.2,0.0,1.0002,90.0,0.005000000000000001,9,10,0.03898906707763672
BPSK,0.01,0.03,0.045,16,0.2,0.015,0.9998,80.0,0.010000000000000002,8,10,0.03983569145202637
BPSK,0.01,0.03,0.045,16,0.2,0.015,1.0002,80.0,0.010000000000000002,8,10,0.055130720138549805
BPSK,0.01,0.03,0.045,16,0.45,-0.015,0.9998,80.0,0.010000000000000002,8,10,0.0508575439453125
BPSK,0.01,0.03,0.045,16,0.45,-0.015,1.0002,80.0,0.010000000000000002,8,10,0.048125505447387695
BPSK,0.01,0.03,0.045,16,0.45,0.0,0.9998,80.0,0.010000000000000002,8,10,0.04935097694396973
BPSK,0.01,0.03,0.045,16,0.45,0.0,1.0002,80.0,0.010000000000000002,8,10,0.04665803909301758
BPSK,0.01,0.03,0.045,16,0.45,0.015,0.9998,70.0,0.015,7,10,0.03865814208984375
BPSK,0.01,0.03,0.045,16,0.45,0.015,1.0002,70.0,0.015,7,10,0.040297508239746094
BPSK,0.01,0.03,0.045,32,0.0,-0.015,0.9998,80.0,0.1,8,10,0.04151511192321777
BPSK,0.01,0.03,0.045,32,0.0,-0.015,1.0002,80.0,0.1,8,10,0.052263736724853516
BPSK,0.01,0.03,0.045,32,0.0,0.0,0.9998,90.0,0.0,9,10,0.03875088691711426
BPSK,0.01,0.03,0.045,32,0.0,0.0,1.0002,90.0,0.0,9,10,0.046697139739990234
BPSK,0.01,0.03,0.045,32,0.0,0.015,0.9998,80.0,0.1,8,10,0.04705691337585449
BPSK,0.01,0.03,0.045,32,0.0,0.015,1.0002,80.0,0.1,8,10,0.03682732582092285
BPSK,0.01,0.03,0.045,32,0.2,-0.015,0.9998,80.0,0.010000000000000002,8,10,0.05053091049194336
BPSK,0.01,0.03,0.045,32,0.2,-0.015,1.0002,80.0,0.010000000000000002,8,10,0.07446694374084473
BPSK,0.01,0.03,0.045,32,0.2,0.0,0.9998,80.0,0.010000000000000002,8,10,0.0751032829284668
BPSK,0.01,0.03,0.045,32,0.2,0.0,1.0002,90.0,0.005000000000000001,9,10,0.04678964614868164
BPSK,0.01,0.03,0.045,32,0.2,0.015,0.9998,80.0,0.010000000000000002,8,10,0.04730677604675293
BPSK,0.01,0.03,0.045,32,0.2,0.015,1.0002,80.0,0.010000000000000002,8,10,0.04055500030517578
BPSK,0.01,0.03,0.045,32,0.45,-0.015,0.9998,80.0,0.010000000000000002,8,10,0.05451321601867676
BPSK,0.01,0.03,0.045,32,0.45,-0.015,1.0002,80.0,0.010000000000000002,8,10,0.055214643478393555
BPSK,0.01,0.03,0.045,32,0.45,0.0,0.9998,90.0,0.005000000000000001,9,10,0.04555368423461914
BPSK,0.01,0.03,0.045,32,0.45,0.0,1.0002,90.0,0.005000000000000001,9,10,0.04610395431518555
BPSK,0.01,0.03,0.045,32,0.45,0.015,0.9998,70.0,0.015,7,10,0.04594993591308594
BPSK,0.01,0.03,0.045,32,0.45,0.015,1.0002,80.0,0.010000000000000002,8,10,0.06203198432922363
BPSK,0.01,0.03,0.045,48,0.0,-0.015,0.9998,80.0,0.1,8,10,0.0690767765045166
BPSK,0.01,0.03,0.045,48,0.0,-0.015,1.0002,80.0,0.1,8,10,0.05048513412475586
BPSK,0.01,0.03,0.045,48,0.0,0.0,0.9998,90.0,0.0,9,10,0.05207633972167969
BPSK,0.01,0.03,0.045,48,0.0,0.0,1.0002,90.0,0.0,9,10,0.04880499839782715
BPSK,0.01,0.03,0.045,48,0.0,0.015,0.9998,80.0,0.1,8,10,0.050388336181640625
BPSK,0.01,0.03,0.045,48,0.0,0.015,1.0002,80.0,0.1,8,10,0.05564236640930176
BPSK,0.01,0.03,0.045,48,0.2,-0.015,0.9998,80.0,0.010000000000000002,8,10,0.04244732856750488
BPSK,0.01,0.03,0.045,48,0.2,-0.015,1.0002,80.0,0.010000000000000002,8,10,0.04911947250366211
BPSK,0.01,0.03,0.045,48,0.2,0.0,0.9998,90.0,0.005000000000000001,9,10,0.04557919502258301
BPSK,0.01,0.03,0.045,48,0.2,0.0,1.0002,90.0,0.005000000000000001,9,10,0.042580604553222656
BPSK,0.01,0.03,0.045,48,0.2,0.015,0.9998,80.0,0.010000000000000002,8,10,0.04825234413146973
BPSK,0.01,0.03,0.045,48,0.2,0.015,1.0002,80.0,0.010000000000000002,8,10,0.053551673889160156
BPSK,0.01,0.03,0.045,48,0.45,-0.015,0.9998,80.0,0.010000000000000002,8,10,0.05574774742126465
BPSK,0.01,0.03,0.045,48,0.45,-0.015,1.0002,80.0,0.010000000000000002,8,10,0.05185890197753906
BPSK,0.01,0.03,0.045,48,0.45,0.0,0.9998,90.0,0.005000000000000001,9,10,0.04511523246765137
BPSK,0.01,0.03,0.045,48,0.45,0.0,1.0002,90.0,0.005000000000000001,9,10,0.04813885688781738
BPSK,0.01,0.03,0.045,48,0.45,0.015,0.9998,80.0,0.010000000000000002,8,10,0.05515599250793457
BPSK,0.01,0.03,0.045,48,0.45,0.015,1.0002,80.0,0.010000000000000002,8,10,0.05058646202087402
BPSK,0.01,0.03,0.08,16,0.0,-0.015,0.9998,80.0,0.1,8,10,0.04063606262207031
BPSK,0.01,0.03,0.08,16,0.0,-0.015,1.0002,80.0,0.1,8,10,0.053473472595214844
BPSK,0.01,0.03,0.08,16,0.0,0.0,0.9998,90.0,0.0,9,10,0.04338693618774414
BPSK,0.01,0.03,0.08,16,0.0,0.0,1.0002,90.0,0.0,9,10,0.04506850242614746
BPSK,0.01,0.03,0.08,16,0.0,0.015,0.9998,80.0,0.1,8,10,0.05021405220031738
BPSK,0.01,0.03,0.08,16,0.0,0.015,1.0002,80.0,0.1,8,10,0.06668996810913086
BPSK,0.01,0.03,0.08,16,0.2,-0.015,0.9998,80.0,0.010000000000000002,8,10,0.05754828453063965
BPSK,0.01,0.03,0.08,16,0.2,-0.015,1.0002,80.0,0.010000000000000002,8,10,0.05364704132080078
BPSK,0.01,0.03,0.08,16,0.2,0.0,0.9998,90.0,0.005000000000000001,9,10,0.04216361045837402
BPSK,0.01,0.03,0.08,16,0.2,0.0,1.0002,80.0,0.010000000000000002,8,10,0.05877995491027832
BPSK,0.01,0.03,0.08,16,0.2,0.015,0.9998,80.0,0.010000000000000002,8,10,0.043827056884765625
BPSK,0.01,0.03,0.08,16,0.2,0.015,1.0002,80.0,0.010000000000000002,8,10,0.04133343696594238
BPSK,0.01,0.03,0.08,16,0.45,-0.015,0.9998,80.0,0.010000000000000002,8,10,0.05509376525878906
BPSK,0.01,0.03,0.08,16,0.45,-0.015,1.0002,70.0,0.015,7,10,0.04510140419006348
BPSK,0.01,0.03,0.08,16,0.45,0.0,0.9998,80.0,0.010000000000000002,8,10,0.0489497184753418
BPSK,0.01,0.03,0.08,16,0.45,0.0,1.0002,60.0,0.020000000000000004,6,10,0.055548906326293945
BPSK,0.01,0.03,0.08,16,0.45,0.015,0.9998,60.0,0.020000000000000004,6,10,0.03836321830749512
BPSK,0.01,0.03,0.08,16,0.45,0.015,1.0002,70.0,0.015,7,10,0.04695558547973633
BPSK,0.01,0.03,0.08,32,0.0,-0.015,0.9998,80.0,0.1,8,10,0.04617452621459961
BPSK,0.01,0.03,0.08,32,0.0,-0.015,1.0002,80.0,0.1,8,10,0.04480862617492676
BPSK,0.01,0.03,0.08,32,0.0,0.0,0.9998,90.0,0.0,9,10,0.04416799545288086
BPSK,0.01,0.03,0.08,32,0.0,0.0,1.0002,90.0,0.0,9,10,0.046938180923461914
BPSK,0.01,0.03,0.08,32,0.0,0.015,0.9998,80.0,0.1,8,10,0.04375863075256348
BPSK,0.01,0.03,0.08,32,0.0,0.015,1.0002,80.0,0.1,8,10,0.04861140251159668
BPSK,0.01,0.03,0.08,32,0.2,-0.015,0.9998,70.0,0.015,7,10,0.04075336456298828
BPSK,0.01,0.03,0.08,32,0.2,-0.015,1.0002,80.0,0.010000000000000002,8,10,0.04947924613952637
BPSK,0.01,0.03,0.08,32,0.2,0.0,0.9998,90.0,0.005000000000000001,9,10,0.05525684356689453
BPSK,0.01,0.03,0.08,32,0.2,0.0,1.0002,90.0,0.005000000000000001,9,10,0.050595998764038086
BPSK,0.01,0.03,0.08,32,0.2,0.015,0.9998,80.0,0.010000000000000002,8,10,0.0411534309387207
BPSK,0.01,0.03,0.08,32,0.2,0.015,1.0002,80.0,0.010000000000000002,8,10,0.05236172676086426
BPSK,0.01,0.03,0.08,32,0.45,-0.015,0.9998,80.0,0.010000000000000002,8,10,0.045168161392211914
BPSK,0.01,0.03,0.08,32,0.45,-0.015,1.0002,80.0,0.010000000000000002,8,10,0.04591679573059082
BPSK,0.01,0.03,0.08,32,0.45,0.0,0.9998,80.0,0.010000000000000002,8,10,0.04588580131530762
BPSK,0.01,0.03,0.08,32,0.45,0.0,1.0002,80.0,0.010000000000000002,8,10,0.05337691307067871
BPSK,0.01,0.03,0.08,32,0.45,0.015,0.9998,70.0,0.015,7,10,0.04749941825866699
BPSK,0.01,0.03,0.08,32,0.45,0.015,1.0002,80.0,0.010000000000000002,8,10,0.051326751708984375
BPSK,0.01,0.03,0.08,48,0.0,-0.015,0.9998,80.0,0.1,8,10,0.03964638710021973
BPSK,0.01,0.03,0.08,48,0.0,-0.015,1.0002,80.0,0.1,8,10,0.044496774673461914
BPSK,0.01,0.03,0.08,48,0.0,0.0,0.9998,90.0,0.0,9,10,0.05173325538635254
BPSK,0.01,0.03,0.08,48,0.0,0.0,1.0002,90.0,0.0,9,10,0.055216073989868164
BPSK,0.01,0.03,0.08,48,0.0,0.015,0.9998,80.0,0.1,8,10,0.050256967544555664
BPSK,0.01,0.03,0.08,48,0.0,0.015,1.0002,80.0,0.1,8,10,0.06641173362731934
BPSK,0.01,0.03,0.08,48,0.2,-0.015,0.9998,80.0,0.010000000000000002,8,10,0.07561612129211426
BPSK,0.01,0.03,0.08,48,0.2,-0.015,1.0002,80.0,0.010000000000000002,8,10,0.04881691932678223
BPSK,0.01,0.03,0.08,48,0.2,0.0,0.9998,90.0,0.005000000000000001,9,10,0.05989789962768555
BPSK,0.01,0.03,0.08,48,0.2,0.0,1.0002,90.0,0.005000000000000001,9,10,0.047605276107788086
BPSK,0.01,0.03,0.08,48,0.2,0.015,0.9998,80.0,0.010000000000000002,8,10,0.05236506462097168
BPSK,0.01,0.03,0.08,48,0.2,0.015,1.0002,80.0,0.010000000000000002,8,10,0.04457449913024902
BPSK,0.01,0.03,0.08,48,0.45,-0.015,0.9998,70.0,0.015,7,10,0.04732656478881836
BPSK,0.01,0.03,0.08,48,0.45,-0.015,1.0002,70.0,0.015,7,10,0.051657915115356445
BPSK,0.01,0.03,0.08,48,0.45,0.0,0.9998,70.0,0.015,7,10,0.05474066734313965
BPSK,0.01,0.03,0.08,48,0.45,0.0,1.0002,70.0,0.015,7,10,0.041347503662109375
BPSK,0.01,0.03,0.08,48,0.45,0.015,0.9998,80.0,0.010000000000000002,8,10,0.05907726287841797
BPSK,0.01,0.03,0.08,48,0.45,0.015,1.0002,80.0,0.010000000000000002,8,10,0.0496525764465332
BPSK,0.01,0.0628,0.025,16,0.0,-0.015,0.9998,90.0,0.0,9,10,0.05150794982910156
BPSK,0.01,0.0628,0.025,16,0.0,-0.015,1.0002,90.0,0.0,9,10,0.04487800598144531
BPSK,0.01,0.0628,0.025,16,0.0,0.0,0.9998,90.0,0.0,9,10,0.04243111610412598
BPSK,0.01,0.0628,0.025,16,0.0,0.0,1.0002,90.0,0.0,9,10,0.0443880558013916
BPSK,0.01,0.0628,0.025,16,0.0,0.015,0.9998,90.0,0.0,9,10,0.05174994468688965
BPSK,0.01,0.0628,0.025,16,0.0,0.015,1.0002,90.0,0.0,9,10,0.05047345161437988
BPSK,0.01,0.0628,0.025,16,0.2,-0.015,0.9998,90.0,0.005000000000000001,9,10,0.048020124435424805
BPSK,0.01,0.0628,0.025,16,0.2,-0.015,1.0002,90.0,0.005000000000000001,9,10,0.04253029823303223
BPSK,0.01,0.0628,0.025,16,0.2,0.0,0.9998,90.0,0.005000000000000001,9,10,0.03593301773071289
BPSK,0.01,0.0628,0.025,16,0.2,0.0,1.0002,90.0,0.005000000000000001,9,10,0.0458681583404541
BPSK,0.01,0.0628,0.025,16,0.2,0.015,0.9998,90.0,0.005000000000000001,9,10,0.04136490821838379
BPSK,0.01,0.0628,0.025,16,0.2,0.015,1.0002,90.0,0.005000000000000001,9,10,0.053748130798339844
BPSK,0.01,0.0628,0.025,16,0.45,-0.015,0.9998,90.0,0.005000000000000001,9,10,0.04628920555114746
BPSK,0.01,0.0628,0.025,16,0.45,-0.015,1.0002,90.0,0.005000000000000001,9,10,0.05066871643066406
BPSK,0.01,0.0628,0.025,16,0.45,0.0,0.9998,90.0,0.005000000000000001,9,10,0.042348623275756836
BPSK,0.01,0.0628,0.025,16,0.45,0.0,1.0002,90.0,0.005000000000000001,9,10,0.0543668270111084
BPSK,0.01,0.0628,0.025,16,0.45,0.015,0.9998,90.0,0.005000000000000001,9,10,0.0536346435546875
BPSK,0.01,0.0628,0.025,16,0.45,0.015,1.0002,90.0,0.005000000000000001,9,10,0.04778933525085449
BPSK,0.01,0.0628,0.025,32,0.0,-0.015,0.9998,90.0,0.0,9,10,0.04581570625305176
BPSK,0.01,0.0628,0.025,32,0.0,-0.015,1.0002,90.0,0.0,9,10,0.06994819641113281
BPSK,0.01,0.0628,0.025,32,0.0,0.0,0.9998,90.0,0.0,9,10,0.057734012603759766
BPSK,0.01,0.0628,0.025,32,0.0,0.0,1.0002,90.0,0.0,9,10,0.06228780746459961
BPSK,0.01,0.0628,0.025,32,0.0,0.015,0.9998,90.0,0.0,9,10,0.044237613677978516
BPSK,0.01,0.0628,0.025,32,0.0,0.015,1.0002,90.0,0.0,9,10,0.04227876663208008
BPSK,0.01,0.0628,0.025,32,0.2,-0.015,0.9998,90.0,0.005000000000000001,9,10,0.04006338119506836
BPSK,0.01,0.0628,0.025,32,0.2,-0.015,1.0002,90.0,0.005000000000000001,9,10,0.04300189018249512
BPSK,0.01,0.0628,0.025,32,0.2,0.0,0.9998,90.0,0.005000000000000001,9,10,0.06406474113464355
BPSK,0.01,0.0628,0.025,32,0.2,0.0,1.0002,90.0,0.005000000000000001,9,10,0.038852691650390625
BPSK,0.01,0.0628,0.025,32,0.2,0.015,0.9998,90.0,0.005000000000000001,9,10,0.039617300033569336
BPSK,0.01,0.0628,0.025,32,0.2,0.015,1.0002,90.0,0.005000000000000001,9,10,0.04475569725036621
BPSK,0.01,0.0628,0.025,32,0.45,-0.015,0.9998,90.0,0.005000000000000001,9,10,0.04824471473693848
BPSK,0.01,0.0628,0.025,32,0.45,-0.015,1.0002,90.0,0.005000000000000001,9,10,0.04029345512390137
BPSK,0.01,0.0628,0.025,32,0.45,0.0,0.9998,90.0,0.005000000000000001,9,10,0.046133995056152344
BPSK,0.01,0.0628,0.025,32,0.45,0.0,1.0002,90.0,0.005000000000000001,9,10,0.04796743392944336
BPSK,0.01,0.0628,0.025,32,0.45,0.015,0.9998,80.0,0.010000000000000002,8,10,0.03577280044555664
BPSK,0.01,0.0628,0.025,32,0.45,0.015,1.0002,90.0,0.005000000000000001,9,10,0.04724740982055664
BPSK,0.01,0.0628,0.025,48,0.0,-0.015,0.9998,90.0,0.0,9,10,0.05700373649597168
BPSK,0.01,0.0628,0.025,48,0.0,-0.015,1.0002,90.0,0.0,9,10,0.053766727447509766
BPSK,0.01,0.0628,0.025,48,0.0,0.0,0.9998,90.0,0.0,9,10,0.05512261390686035
BPSK,0.01,0.0628,0.025,48,0.0,0.0,1.0002,90.0,0.0,9,10,0.0459599494934082
BPSK,0.01,0.0628,0.025,48,0.0,0.015,0.9998,90.0,0.0,9,10,0.05375027656555176
BPSK,0.01,0.0628,0.025,48,0.0,0.015,1.0002,90.0,0.0,9,10,0.06241941452026367
BPSK,0.01,0.0628,0.025,48,0.2,-0.015,0.9998,90.0,0.005000000000000001,9,10,0.04801511764526367
BPSK,0.01,0.0628,0.025,48,0.2,-0.015,1.0002,90.0,0.005000000000000001,9,10,0.05007600784301758
BPSK,0.01,0.0628,0.025,48,0.2,0.0,0.9998,90.0,0.005000000000000001,9,10,0.04586648941040039
BPSK,0.01,0.0628,0.025,48,0.2,0.0,1.0002,90.0,0.005000000000000001,9,10,0.049732208251953125
BPSK,0.01,0.0628,0.025,48,0.2,0.015,0.9998,90.0,0.005000000000000001,9,10,0.05089306831359863
BPSK,0.01,0.0628,0.025,48,0.2,0.015,1.0002,90.0,0.005000000000000001,9,10,0.06642866134643555
BPSK,0.01,0.0628,0.025,48,0.45,-0.015,0.9998,90.0,0.005000000000000001,9,10,0.04061007499694824
BPSK,0.01,0.0628,0.025,48,0.45,-0.015,1.0002,90.0,0.005000000000000001,9,10,0.056290626525878906
BPSK,0.01,0.0628,0.025,48,0.45,0.0,0.9998,90.0,0.005000000000000001,9,10,0.0476839542388916
BPSK,0.01,0.0628,0.025,48,0.45,0.0,1.0002,90.0,0.005000000000000001,9,10,0.043637752532958984
BPSK,0.01,0.0628,0.025,48,0.45,0.015,0.9998,90.0,0.005000000000000001,9,10,0.04646801948547363
BPSK,0.01,0.0628,0.025,48,0.45,0.015,1.0002,90.0,0.005000000000000001,9,10,0.047045230865478516
BPSK,0.01,0.0628,0.045,16,0.0,-0.015,0.9998,90.0,0.0,9,10,0.05063056945800781
BPSK,0.01,0.0628,0.045,16,0.0,-0.015,1.0002,90.0,0.0,9,10,0.05109667778015137
BPSK,0.01,0.0628,0.045,16,0.0,0.0,0.9998,90.0,0.0,9,10,0.04055309295654297
BPSK,0.01,0.0628,0.045,16,0.0,0.0,1.0002,90.0,0.0,9,10,0.04570960998535156
BPSK,0.01,0.0628,0.045,16,0.0,0.015,0.9998,90.0,0.0,9,10,0.051319122314453125
BPSK,0.01,0.0628,0.045,16,0.0,0.015,1.0002,90.0,0.0,9,10,0.04378390312194824
BPSK,0.01,0.0628,0.045,16,0.2,-0.015,0.9998,90.0,0.005000000000000001,9,10,0.0401155948638916
BPSK,0.01,0.0628,0.045,16,0.2,-0.015,1.0002,90.0,0.005000000000000001,9,10,0.04941749572753906
BPSK,0.01,0.0628,0.045,16,0.2,0.0,0.9998,90.0,0.005000000000000001,9,10,0.051740169525146484
BPSK,0.01,0.0628,0.045,16,0.2,0.0,1.0002,90.0,0.005000000000000001,9,10,0.04636359214782715
BPSK,0.01,0.0628,0.045,16,0.2,0.015,0.9998,90.0,0.005000000000000001,9,10,0.03821206092834473
BPSK,0.01,0.0628,0.045,16,0.2,0.015,1.0002,90.0,0.005000000000000001,9,10,0.04494738578796387
BPSK,0.01,0.0628,0.045,16,0.45,-0.015,0.9998,90.0,0.005000000000000001,9,10,0.057582855224609375
BPSK,0.01,0.0628,0.045,16,0.45,-0.015,1.0002,90.0,0.005000000000000001,9,10,0.0457766056060791
BPSK,0.01,0.0628,0.045,16,0.45,0.0,0.9998,80.0,0.010000000000000002,8,10,0.04069185256958008
BPSK,0.01,0.0628,0.045,16,0.45,0.0,1.0002,80.0,0.010000000000000002,8,10,0.05019855499267578
BPSK,0.01,0.0628,0.045,16,0.45,0.015,0.9998,80.0,0.010000000000000002,8,10,0.03992104530334473
BPSK,0.01,0.0628,0.045,16,0.45,0.015,1.0002,80.0,0.010000000000000002,8,10,0.04888200759887695
BPSK,0.01,0.0628,0.045,32,0.0,-0.015,0.9998,90.0,0.0,9,10,0.039665937423706055
BPSK,0.01,0.0628,0.045,32,0.0,-0.015,1.0002,90.0,0.0,9,10,0.06976771354675293
BPSK,0.01,0.0628,0.045,32,0.0,0.0,0.9998,90.0,0.0,9,10,0.06252598762512207
BPSK,0.01,0.0628,0.045,32,0.0,0.0,1.0002,90.0,0.0,9,10,0.04652690887451172
BPSK,0.01,0.0628,0.045,32,0.0,0.015,0.9998,90.0,0.0,9,10,0.0567781925201416
BPSK,0.01,0.0628,0.045,32,0.0,0.015,1.0002,90.0,0.0,9,10,0.04681587219238281
BPSK,0.01,0.0628,0.045,32,0.2,-0.015,0.9998,90.0,0.005000000000000001,9,10,0.058220624923706055
BPSK,0.01,0.0628,0.045,32,0.2,-0.015,1.0002,90.0,0.005000000000000001,9,10,0.044298410415649414
BPSK,0.01,0.0628,0.045,32,0.2,0.0,0.9998,80.0,0.010000000000000002,8,10,0.0790700912475586
BPSK,0.01,0.0628,0.045,32,0.2,0.0,1.0002,90.0,0.005000000000000001,9,10,0.05030679702758789
BPSK,0.01,0.0628,0.045,32,0.2,0.015,0.9998,90.0,0.005000000000000001,9,10,0.046590566635131836
BPSK,0.01,0.0628,0.045,32,0.2,0.015,1.0002,90.0,0.005000000000000001,9,10,0.03922581672668457
BPSK,0.01,0.0628,0.045,32,0.45,-0.015,0.9998,90.0,0.005000000000000001,9,10,0.0472104549407959
BPSK,0.01,0.0628,0.045,32,0.45,-0.015,1.0002,90.0,0.005000000000000001,9,10,0.04915595054626465
BPSK,0.01,0.0628,0.045,32,0.45,0.0,0.9998,90.0,0.005000000000000001,9,10,0.0431370735168457
BPSK,0.01,0.0628,0.045,32,0.45,0.0,1.0002,90.0,0.005000000000000001,9,10,0.04094552993774414
BPSK,0.01,0.0628,0.045,32,0.45,0.015,0.9998,80.0,0.010000000000000002,8,10,0.05408501625061035
BPSK,0.01,0.0628,0.045,32,0.45,0.015,1.0002,90.0,0.005000000000000001,9,10,0.04942584037780762
BPSK,0.01,0.0628,0.045,48,0.0,-0.015,0.9998,90.0,0.0,9,10,0.044011831283569336
BPSK,0.01,0.0628,0.045,48,0.0,-0.015,1.0002,90.0,0.0,9,10,0.052445411682128906
BPSK,0.01,0.0628,0.045,48,0.0,0.0,0.9998,90.0,0.0,9,10,0.041937828063964844
BPSK,0.01,0.0628,0.045,48,0.0,0.0,1.0002,90.0,0.0,9,10,0.0513300895690918
BPSK,0.01,0.0628,0.045,48,0.0,0.015,0.9998,90.0,0.0,9,10,0.05097794532775879
BPSK,0.01,0.0628,0.045,48,0.0,0.015,1.0002,90.0,0.0,9,10,0.045493125915527344
BPSK,0.01,0.0628,0.045,48,0.2,-0.015,0.9998,90.0,0.005000000000000001,9,10,0.043434858322143555
BPSK,0.01,0.0628,0.045,48,0.2,-0.015,1.0002,90.0,0.005000000000000001,9,10,0.05356621742248535
BPSK,0.01,0.0628,0.045,48,0.2,0.0,0.9998,90.0,0.005000000000000001,9,10,0.07030010223388672
BPSK,0.01,0.0628,0.045,48,0.2,0.0,1.0002,90.0,0.005000000000000001,9,10,0.047178030014038086
BPSK,0.01,0.0628,0.045,48,0.2,0.015,0.9998,90.0,0.005000000000000001,9,10,0.04858827590942383
BPSK,0.01,0.0628,0.045,48,0.2,0.015,1.0002,90.0,0.005000000000000001,9,10,0.056946754455566406
BPSK,0.01,0.0628,0.045,48,0.45,-0.015,0.9998,90.0,0.005000000000000001,9,10,0.04719829559326172
BPSK,0.01,0.0628,0.045,48,0.45,-0.015,1.0002,90.0,0.005000000000000001,9,10,0.054859161376953125
BPSK,0.01,0.0628,0.045,48,0.45,0.0,0.9998,90.0,0.005000000000000001,9,10,0.052271366119384766
BPSK,0.01,0.0628,0.045,48,0.45,0.0,1.0002,90.0,0.005000000000000001,9,10,0.05108523368835449
BPSK,0.01,0.0628,0.045,48,0.45,0.015,0.9998,90.0,0.005000000000000001,9,10,0.05046677589416504
BPSK,0.01,0.0628,0.045,48,0.45,0.015,1.0002,90.0,0.005000000000000001,9,10,0.053526878356933594
BPSK,0.01,0.0628,0.08,16,0.0,-0.015,0.9998,90.0,0.0,9,10,0.03496718406677246
BPSK,0.01,0.0628,0.08,16,0.0,-0.015,1.0002,90.0,0.0,9,10,0.04511690139770508
BPSK,0.01,0.0628,0.08,16,0.0,0.0,0.9998,90.0,0.0,9,10,0.045763254165649414
BPSK,0.01,0.0628,0.08,16,0.0,0.0,1.0002,90.0,0.0,9,10,0.041938066482543945
BPSK,0.01,0.0628,0.08,16,0.0,0.015,0.9998,90.0,0.0,9,10,0.07247090339660645
BPSK,0.01,0.0628,0.08,16,0.0,0.015,1.0002,90.0,0.0,9,10,0.09256148338317871
BPSK,0.01,0.0628,0.08,16,0.2,-0.015,0.9998,90.0,0.005000000000000001,9,10,0.052167415618896484
BPSK,0.01,0.0628,0.08,16,0.2,-0.015,1.0002,90.0,0.005000000000000001,9,10,0.03527522087097168
BPSK,0.01,0.0628,0.08,16,0.2,0.0,0.9998,90.0,0.005000000000000001,9,10,0.0440821647644043
BPSK,0.01,0.0628,0.08,16,0.2,0.0,1.0002,80.0,0.010000000000000002,8,10,0.03869032859802246
BPSK,0.01,0.0628,0.08,16,0.2,0.015,0.9998,90.0,0.005000000000000001,9,10,0.03672289848327637
BPSK,0.01,0.0628,0.08,16,0.2,0.015,1.0002,90.0,0.005000000000000001,9,10,0.07352495193481445
BPSK,0.01,0.0628,0.08,16,0.45,-0.015,0.9998,90.0,0.005000000000000001,9,10,0.04632067680358887
BPSK,0.01,0.0628,0.08,16,0.45,-0.015,1.0002,80.0,0.010000000000000002,8,10,0.04667186737060547
BPSK,0.01,0.0628,0.08,16,0.45,0.0,0.9998,80.0,0.010000000000000002,8,10,0.039037466049194336
BPSK,0.01,0.0628,0.08,16,0.45,0.0,1.0002,60.0,0.020000000000000004,6,10,0.051397085189819336
BPSK,0.01,0.0628,0.08,16,0.45,0.015,0.9998,70.0,0.015,7,10,0.05309009552001953
BPSK,0.01,0.0628,0.08,16,0.45,0.015,1.0002,80.0,0.010000000000000002,8,10,0.048387765884399414
BPSK,0.01,0.0628,0.08,32,0.0,-0.015,0.9998,90.0,0.0,9,10,0.05168747901916504
BPSK,0.01,0.0628,0.08,32,0.0,-0.015,1.0002,90.0,0.0,9,10,0.048985958099365234
BPSK,0.01,0.0628,0.08,32,0.0,0.0,0.9998,90.0,0.0,9,10,0.04088306427001953
BPSK,0.01,0.0628,0.08,32,0.0,0.0,1.0002,90.0,0.0,9,10,0.04926490783691406
BPSK,0.01,0.0628,0.08,32,0.0,0.015,0.9998,90.0,0.0,9,10,0.03846001625061035
BPSK,0.01,0.0628,0.08,32,0.0,0.015,1.0002,90.0,0.0,9,10,0.04592132568359375
BPSK,0.01,0.0628,0.08,32,0.2,-0.015,0.9998,80.0,0.010000000000000002,8,10,0.05235719680786133
BPSK,0.01,0.0628,0.08,32,0.2,-0.015,1.0002,90.0,0.005000000000000001,9,10,0.04311394691467285
BPSK,0.01,0.0628,0.08,32,0.2,0.0,0.9998,90.0,0.005000000000000001,9,10,0.03144264221191406
BPSK,0.01,0.0628,0.08,32,0.2,0.0,1.0002,90.0,0.005000000000000001,9,10,0.05701398849487305
BPSK,0.01,0.0628,0.08,32,0.2,0.015,0.9998,90.0,0.005000000000000001,9,10,0.0593876838684082
BPSK,0.01,0.0628,0.08,32,0.2,0.015,1.0002,90.0,0.005000000000000001,9,10,0.04695010185241699
BPSK,0.01,0.0628,0.08,32,0.45,-0.015,0.9998,90.0,0.005000000000000001,9,10,0.061138153076171875
BPSK,0.01,0.0628,0.08,32,0.45,-0.015,1.0002,90.0,0.005000000000000001,9,10,0.04286670684814453
BPSK,0.01,0.0628,0.08,32,0.45,0.0,0.9998,80.0,0.010000000000000002,8,10,0.04343748092651367
BPSK,0.01,0.0628,0.08,32,0.45,0.0,1.0002,80.0,0.010000000000000002,8,10,0.04648137092590332
BPSK,0.01,0.0628,0.08,32,0.45,0.015,0.9998,80.0,0.010000000000000002,8,10,0.04846930503845215
BPSK,0.01,0.0628,0.08,32,0.45,0.015,1.0002,90.0,0.005000000000000001,9,10,0.03898215293884277
BPSK,0.01,0.0628,0.08,48,0.0,-0.015,0.9998,90.0,0.0,9,10,0.05018496513366699
BPSK,0.01,0.0628,0.08,48,0.0,-0.015,1.0002,90.0,0.0,9,10,0.05317282676696777
BPSK,0.01,0.0628,0.08,48,0.0,0.0,0.9998,90.0,0.0,9,10,0.03921222686767578
BPSK,0.01,0.0628,0.08,48,0.0,0.0,1.0002,90.0,0.0,9,10,0.044381141662597656
BPSK,0.01,0.0628,0.08,48,0.0,0.015,0.9998,90.0,0.0,9,10,0.0409083366394043
BPSK,0.01,0.0628,0.08,48,0.0,0.015,1.0002,90.0,0.0,9,10,0.049689292907714844
BPSK,0.01,0.0628,0.08,48,0.2,-0.015,0.9998,90.0,0.005000000000000001,9,10,0.04295039176940918
BPSK,0.01,0.0628,0.08,48,0.2,-0.015,1.0002,90.0,0.005000000000000001,9,10,0.052765846252441406
BPSK,0.01,0.0628,0.08,48,0.2,0.0,0.9998,90.0,0.005000000000000001,9,10,0.04596686363220215
BPSK,0.01,0.0628,0.08,48,0.2,0.0,1.0002,90.0,0.005000000000000001,9,10,0.04806184768676758
BPSK,0.01,0.0628,0.08,48,0.2,0.015,0.9998,90.0,0.005000000000000001,9,10,0.053546905517578125
BPSK,0.01,0.0628,0.08,48,0.2,0.015,1.0002,90.0,0.005000000000000001,9,10,0.044626474380493164
BPSK,0.01,0.0628,0.08,48,0.45,-0.015,0.9998,90.0,0.005000000000000001,9,10,0.04420208930969238
BPSK,0.01,0.0628,0.08,48,0.45,-0.015,1.0002,80.0,0.010000000000000002,8,10,0.04749727249145508
BPSK,0.01,0.0628,0.08,48,0.45,0.0,0.9998,70.0,0.015,7,10,0.04533052444458008
BPSK,0.01,0.0628,0.08,48,0.45,0.0,1.0002,70.0,0.015,7,10,0.03436923027038574
BPSK,0.01,0.0628,0.08,48,0.45,0.015,0.9998,90.0,0.005000000000000001,9,10,0.05645895004272461
BPSK,0.01,0.0628,0.08,48,0.45,0.015,1.0002,90.0,0.005000000000000001,9,10,0.05306077003479004
BPSK,0.01,0.1,0.025,16,0.0,-0.015,0.9998,90.0,0.0,9,10,0.03686094284057617
BPSK,0.01,0.1,0.025,16,0.0,-0.015,1.0002,90.0,0.0,9,10,0.053733110427856445
BPSK,0.01,0.1,0.025,16,0.0,0.0,0.9998,90.0,0.0,9,10,0.05209684371948242
BPSK,0.01,0.1,0.025,16,0.0,0.0,1.0002,90.0,0.0,9,10,0.04143357276916504
BPSK,0.01,0.1,0.025,16,0.0,0.015,0.9998,90.0,0.0,9,10,0.046094655990600586
BPSK,0.01,0.1,0.025,16,0.0,0.015,1.0002,90.0,0.0,9,10,0.037287235260009766
BPSK,0.01,0.1,0.025,16,0.2,-0.015,0.9998,90.0,0.005000000000000001,9,10,0.04889535903930664
BPSK,0.01,0.1,0.025,16,0.2,-0.015,1.0002,90.0,0.005000000000000001,9,10,0.053673505783081055
BPSK,0.01,0.1,0.025,16,0.2,0.0,0.9998,90.0,0.005000000000000001,9,10,0.044765472412109375
BPSK,0.01,0.1,0.025,16,0.2,0.0,1.0002,90.0,0.005000000000000001,9,10,0.07854008674621582
BPSK,0.01,0.1,0.025,16,0.2,0.015,0.9998,90.0,0.005000000000000001,9,10,0.04633831977844238
BPSK,0.01,0.1,0.025,16,0.2,0.015,1.0002,90.0,0.005000000000000001,9,10,0.05670619010925293
BPSK,0.01,0.1,0.025,16,0.45,-0.015,0.9998,90.0,0.005000000000000001,9,10,0.03853297233581543
BPSK,0.01,0.1,0.025,16,0.45,-0.015,1.0002,90.0,0.005000000000000001,9,10,0.04465317726135254
BPSK,0.01,0.1,0.025,16,0.45,0.0,0.9998,90.0,0.005000000000000001,9,10,0.045798540115356445
BPSK,0.01,0.1,0.025,16,0.45,0.0,1.0002,90.0,0.005000000000000001,9,10,0.049106597900390625
BPSK,0.01,0.1,0.025,16,0.45,0.015,0.9998,90.0,0.005000000000000001,9,10,0.04473519325256348
BPSK,0.01,0.1,0.025,16,0.45,0.015,1.0002,90.0,0.005000000000000001,9,10,0.04505181312561035
BPSK,0.01,0.1,0.025,32,0.0,-0.015,0.9998,90.0,0.0,9,10,0.04688119888305664
BPSK,0.01,0.1,0.025,32,0.0,-0.015,1.0002,90.0,0.0,9,10,0.04684090614318848
BPSK,0.01,0.1,0.025,32,0.0,0.0,0.9998,90.0,0.0,9,10,0.0532526969909668
BPSK,0.01,0.1,0.025,32,0.0,0.0,1.0002,90.0,0.0,9,10,0.03763127326965332
BPSK,0.01,0.1,0.025,32,0.0,0.015,0.9998,90.0,0.0,9,10,0.06116771697998047
BPSK,0.01,0.1,0.025,32,0.0,0.015,1.0002,90.0,0.0,9,10,0.03829383850097656
BPSK,0.01,0.1,0.025,32,0.2,-0.015,0.9998,90.0,0.005000000000000001,9,10,0.04342961311340332
BPSK,0.01,0.1,0.025,32,0.2,-0.015,1.0002,90.0,0.005000000000000001,9,10,0.03644824028015137
BPSK,0.01,0.1,0.025,32,0.2,0.0,0.9998,90.0,0.005000000000000001,9,10,0.04179191589355469
BPSK,0.01,0.1,0.025,32,0.2,0.0,1.0002,90.0,0.005000000000000001,9,10,0.03677630424499512
BPSK,0.01,0.1,0.025,32,0.2,0.015,0.9998,90.0,0.005000000000000001,9,10,0.05912208557128906
BPSK,0.01,0.1,0.025,32,0.2,0.015,1.0002,90.0,0.005000000000000001,9,10,0.06484651565551758
BPSK,0.01,0.1,0.025,32,0.45,-0.015,0.9998,90.0,0.005000000000000001,9,10,0.06874418258666992
BPSK,0.01,0.1,0.025,32,0.45,-0.015,1.0002,90.0,0.005000000000000001,9,10,0.05319976806640625
BPSK,0.01,0.1,0.025,32,0.45,0.0,0.9998,90.0,0.005000000000000001,9,10,0.04832720756530762
BPSK,0.01,0.1,0.025,32,0.45,0.0,1.0002,90.0,0.005000000000000001,9,10,0.05344343185424805
BPSK,0.01,0.1,0.025,32,0.45,0.015,0.9998,90.0,0.005000000000000001,9,10,0.053574323654174805
BPSK,0.01,0.1,0.025,32,0.45,0.015,1.0002,90.0,0.005000000000000001,9,10,0.04802060127258301
BPSK,0.01,0.1,0.025,48,0.0,-0.015,0.9998,90.0,0.0,9,10,0.058014869689941406
BPSK,0.01,0.1,0.025,48,0.0,-0.015,1.0002,90.0,0.0,9,10,0.05746054649353027
BPSK,0.01,0.1,0.025,48,0.0,0.0,0.9998,90.0,0.0,9,10,0.0555112361907959
BPSK,0.01,0.1,0.025,48,0.0,0.0,1.0002,90.0,0.0,9,10,0.04365968704223633
BPSK,0.01,0.1,0.025,48,0.0,0.015,0.9998,90.0,0.0,9,10,0.05302071571350098
BPSK,0.01,0.1,0.025,48,0.0,0.015,1.0002,90.0,0.0,9,10,0.061615943908691406
BPSK,0.01,0.1,0.025,48,0.2,-0.015,0.9998,90.0,0.005000000000000001,9,10,0.06767559051513672
BPSK,0.01,0.1,0.025,48,0.2,-0.015,1.0002,90.0,0.005000000000000001,9,10,0.05159926414489746
BPSK,0.01,0.1,0.025,48,0.2,0.0,0.9998,90.0,0.005000000000000001,9,10,0.045844078063964844
BPSK,0.01,0.1,0.025,48,0.2,0.0,1.0002,90.0,0.005000000000000001,9,10,0.043169498443603516
BPSK,0.01,0.1,0.025,48,0.2,0.015,0.9998,90.0,0.005000000000000001,9,10,0.04763174057006836
BPSK,0.01,0.1,0.025,48,0.2,0.015,1.0002,90.0,0.005000000000000001,9,10,0.04477548599243164
BPSK,0.01,0.1,0.025,48,0.45,-0.015,0.9998,90.0,0.005000000000000001,9,10,0.051878929138183594
BPSK,0.01,0.1,0.025,48,0.45,-0.015,1.0002,90.0,0.005000000000000001,9,10,0.04239630699157715
BPSK,0.01,0.1,0.025,48,0.45,0.0,0.9998,90.0,0.005000000000000001,9,10,0.05336904525756836
BPSK,0.01,0.1,0.025,48,0.45,0.0,1.0002,90.0,0.005000000000000001,9,10,0.046102046966552734
BPSK,0.01,0.1,0.025,48,0.45,0.015,0.9998,90.0,0.005000000000000001,9,10,0.05116391181945801
BPSK,0.01,0.1,0.025,48,0.45,0.015,1.0002,90.0,0.005000000000000001,9,10,0.05141425132751465
BPSK,0.01,0.1,0.045,16,0.0,-0.015,0.9998,90.0,0.0,9,10,0.04639172554016113
BPSK,0.01,0.1,0.045,16,0.0,-0.015,1.0002,90.0,0.0,9,10,0.04865074157714844
BPSK,0.01,0.1,0.045,16,0.0,0.0,0.9998,90.0,0.0,9,10,0.04915022850036621
BPSK,0.01,0.1,0.045,16,0.0,0.0,1.0002,90.0,0.0,9,10,0.040325164794921875
BPSK,0.01,0.1,0.045,16,0.0,0.015,0.9998,90.0,0.0,9,10,0.052186012268066406
BPSK,0.01,0.1,0.045,16,0.0,0.015,1.0002,90.0,0.0,9,10,0.043134450912475586
BPSK,0.01,0.1,0.045,16,0.2,-0.015,0.9998,90.0,0.005000000000000001,9,10,0.04493355751037598
BPSK,0.01,0.1,0.045,16,0.2,-0.015,1.0002,90.0,0.005000000000000001,9,10,0.04125499725341797
BPSK,0.01,0.1,0.045,16,0.2,0.0,0.9998,90.0,0.005000000000000001,9,10,0.03878378868103027
BPSK,0.01,0.1,0.045,16,0.2,0.0,1.0002,90.0,0.005000000000000001,9,10,0.043534040451049805
BPSK,0.01,0.1,0.045,16,0.2,0.015,0.9998,90.0,0.005000000000000001,9,10,0.05399513244628906
BPSK,0.01,0.1,0.045,16,0.2,0.015,1.0002,90.0,0.005000000000000001,9,10,0.04356551170349121
BPSK,0.01,0.1,0.045,16,0.45,-0.015,0.9998,90.0,0.005000000000000001,9,10,0.04270434379577637
BPSK,0.01,0.1,0.045,16,0.45,-0.015,1.0002,90.0,0.005000000000000001,9,10,0.056240081787109375
BPSK,0.01,0.1,0.045,16,0.45,0.0,0.9998,80.0,0.010000000000000002,8,10,0.06257939338684082
BPSK,0.01,0.1,0.045,16,0.45,0.0,1.0002,80.0,0.010000000000000002,8,10,0.041391611099243164
BPSK,0.01,0.1,0.045,16,0.45,0.015,0.9998,80.0,0.010000000000000002,8,10,0.0401918888092041
BPSK,0.01,0.1,0.045,16,0.45,0.015,1.0002,80.0,0.010000000000000002,8,10,0.05699610710144043
BPSK,0.01,0.1,0.045,32,0.0,-0.015,0.9998,90.0,0.0,9,10,0.03374767303466797
BPSK,0.01,0.1,0.045,32,0.0,-0.015,1.0002,90.0,0.0,9,10,0.052114248275756836
BPSK,0.01,0.1,0.045,32,0.0,0.0,0.9998,90.0,0.0,9,10,0.04434609413146973
BPSK,0.01,0.1,0.045,32,0.0,0.0,1.0002,90.0,0.0,9,10,0.046381473541259766
BPSK,0.01,0.1,0.045,32,0.0,0.015,0.9998,90.0,0.0,9,10,0.042815446853637695
BPSK,0.01,0.1,0.045,32,0.0,0.015,1.0002,90.0,0.0,9,10,0.04640674591064453
BPSK,0.01,0.1,0.045,32,0.2,-0.015,0.9998,90.0,0.005000000000000001,9,10,0.050540924072265625
BPSK,0.01,0.1,0.045,32,0.2,-0.015,1.0002,90.0,0.005000000000000001,9,10,0.049577951431274414
BPSK,0.01,0.1,0.045,32,0.2,0.0,0.9998,80.0,0.010000000000000002,8,10,0.04860281944274902
BPSK,0.01,0.1,0.045,32,0.2,0.0,1.0002,90.0,0.005000000000000001,9,10,0.04034090042114258
BPSK,0.01,0.1,0.045,32,0.2,0.015,0.9998,90.0,0.005000000000000001,9,10,0.04832887649536133
BPSK,0.01,0.1,0.045,32,0.2,0.015,1.0002,90.0,0.005000000000000001,9,10,0.052841901779174805
BPSK,0.01,0.1,0.045,32,0.45,-0.015,0.9998,90.0,0.005000000000000001,9,10,0.04024696350097656
BPSK,0.01,0.1,0.045,32,0.45,-0.015,1.0002,90.0,0.005000000000000001,9,10,0.047027587890625
BPSK,0.01,0.1,0.045,32,0.45,0.0,0.9998,90.0,0.005000000000000001,9,10,0.04553985595703125
BPSK,0.01,0.1,0.045,32,0.45,0.0,1.0002,90.0,0.005000000000000001,9,10,0.0440673828125
BPSK,0.01,0.1,0.045,32,0.45,0.015,0.9998,80.0,0.010000000000000002,8,10,0.04522395133972168
BPSK,0.01,0.1,0.045,32,0.45,0.015,1.0002,90.0,0.005000000000000001,9,10,0.047454118728637695
BPSK,0.01,0.1,0.045,48,0.0,-0.015,0.9998,90.0,0.0,9,10,0.03863382339477539
BPSK,0.01,0.1,0.045,48,0.0,-0.015,1.0002,90.0,0.0,9,10,0.06302952766418457
BPSK,0.01,0.1,0.045,48,0.0,0.0,0.9998,90.0,0.0,9,10,0.05211496353149414
BPSK,0.01,0.1,0.045,48,0.0,0.0,1.0002,90.0,0.0,9,10,0.0581357479095459
BPSK,0.01,0.1,0.045,48,0.0,0.015,0.9998,90.0,0.0,9,10,0.048267364501953125
BPSK,0.01,0.1,0.045,48,0.0,0.015,1.0002,90.0,0.0,9,10,0.04366755485534668
BPSK,0.01,0.1,0.045,48,0.2,-0.015,0.9998,90.0,0.005000000000000001,9,10,0.04144287109375
BPSK,0.01,0.1,0.045,48,0.2,-0.015,1.0002,90.0,0.005000000000000001,9,10,0.05543327331542969
BPSK,0.01,0.1,0.045,48,0.2,0.0,0.9998,90.0,0.005000000000000001,9,10,0.05061602592468262
BPSK,0.01,0.1,0.045,48,0.2,0.0,1.0002,90.0,0.005000000000000001,9,10,0.04108715057373047
BPSK,0.01,0.1,0.045,48,0.2,0.015,0.9998,90.0,0.005000000000000001,9,10,0.05499696731567383
BPSK,0.01,0.1,0.045,48,0.2,0.015,1.0002,90.0,0.005000000000000001,9,10,0.07487177848815918
BPSK,0.01,0.1,0.045,48,0.45,-0.015,0.9998,90.0,0.005000000000000001,9,10,0.064910888671875
BPSK,0.01,0.1,0.045,48,0.45,-0.015,1.0002,90.0,0.005000000000000001,9,10,0.0519871711730957
BPSK,0.01,0.1,0.045,48,0.45,0.0,0.9998,90.0,0.005000000000000001,9,10,0.060588836669921875
BPSK,0.01,0.1,0.045,48,0.45,0.0,1.0002,90.0,0.005000000000000001,9,10,0.05457735061645508
BPSK,0.01,0.1,0.045,48,0.45,0.015,0.9998,90.0,0.005000000000000001,9,10,0.03724074363708496
BPSK,0.01,0.1,0.045,48,0.45,0.015,1.0002,90.0,0.005000000000000001,9,10,0.04569673538208008
BPSK,0.01,0.1,0.08,16,0.0,-0.015,0.9998,90.0,0.0,9,10,0.03862261772155762
BPSK,0.01,0.1,0.08,16,0.0,-0.015,1.0002,90.0,0.0,9,10,0.04496288299560547
BPSK,0.01,0.1,0.08,16,0.0,0.0,0.9998,90.0,0.0,9,10,0.04424238204956055
BPSK,0.01,0.1,0.08,16,0.0,0.0,1.0002,90.0,0.0,9,10,0.038697242736816406
BPSK,0.01,0.1,0.08,16,0.0,0.015,0.9998,90.0,0.0,9,10,0.05194401741027832
BPSK,0.01,0.1,0.08,16,0.0,0.015,1.0002,90.0,0.0,9,10,0.0505068302154541
BPSK,0.01,0.1,0.08,16,0.2,-0.015,0.9998,90.0,0.005000000000000001,9,10,0.036473751068115234
BPSK,0.01,0.1,0.08,16,0.2,-0.015,1.0002,90.0,0.005000000000000001,9,10,0.05591630935668945
BPSK,0.01,0.1,0.08,16,0.2,0.0,0.9998,90.0,0.005000000000000001,9,10,0.054724693298339844
BPSK,0.01,0.1,0.08,16,0.2,0.0,1.0002,80.0,0.010000000000000002,8,10,0.04564046859741211
BPSK,0.01,0.1,0.08,16,0.2,0.015,0.9998,90.0,0.005000000000000001,9,10,0.042107343673706055
BPSK,0.01,0.1,0.08,16,0.2,0.015,1.0002,90.0,0.005000000000000001,9,10,0.045510053634643555
BPSK,0.01,0.1,0.08,16,0.45,-0.015,0.9998,90.0,0.005000000000000001,9,10,0.0774226188659668
BPSK,0.01,0.1,0.08,16,0.45,-0.015,1.0002,80.0,0.010000000000000002,8,10,0.05093955993652344
BPSK,0.01,0.1,0.08,16,0.45,0.0,0.9998,80.0,0.010000000000000002,8,10,0.04564619064331055
BPSK,0.01,0.1,0.08,16,0.45,0.0,1.0002,60.0,0.020000000000000004,6,10,0.04244375228881836
BPSK,0.01,0.1,0.08,16,0.45,0.015,0.9998,70.0,0.015,7,10,0.046352386474609375
BPSK,0.01,0.1,0.08,16,0.45,0.015,1.0002,80.0,0.010000000000000002,8,10,0.05865621566772461
BPSK,0.01,0.1,0.08,32,0.0,-0.015,0.9998,90.0,0.0,9,10,0.05301308631896973
BPSK,0.01,0.1,0.08,32,0.0,-0.015,1.0002,90.0,0.0,9,10,0.053014516830444336
BPSK,0.01,0.1,0.08,32,0.0,0.0,0.9998,90.0,0.0,9,10,0.045374155044555664
BPSK,0.01,0.1,0.08,32,0.0,0.0,1.0002,90.0,0.0,9,10,0.04344344139099121
BPSK,0.01,0.1,0.08,32,0.0,0.015,0.9998,90.0,0.0,9,10,0.036534786224365234
BPSK,0.01,0.1,0.08,32,0.0,0.015,1.0002,90.0,0.0,9,10,0.0497438907623291
BPSK,0.01,0.1,0.08,32,0.2,-0.015,0.9998,80.0,0.010000000000000002,8,10,0.05317831039428711
BPSK,0.01,0.1,0.08,32,0.2,-0.015,1.0002,90.0,0.005000000000000001,9,10,0.052576303482055664
BPSK,0.01,0.1,0.08,32,0.2,0.0,0.9998,90.0,0.005000000000000001,9,10,0.0715174674987793
BPSK,0.01,0.1,0.08,32,0.2,0.0,1.0002,90.0,0.005000000000000001,9,10,0.052755117416381836
BPSK,0.01,0.1,0.08,32,0.2,0.015,0.9998,90.0,0.005000000000000001,9,10,0.05067920684814453
BPSK,0.01,0.1,0.08,32,0.2,0.015,1.0002,90.0,0.005000000000000001,9,10,0.042675018310546875
BPSK,0.01,0.1,0.08,32,0.45,-0.015,0.9998,90.0,0.005000000000000001,9,10,0.03731727600097656
BPSK,0.01,0.1,0.08,32,0.45,-0.015,1.0002,90.0,0.005000000000000001,9,10,0.04541277885437012
BPSK,0.01,0.1,0.08,32,0.45,0.0,0.9998,80.0,0.010000000000000002,8,10,0.0451664924621582
BPSK,0.01,0.1,0.08,32,0.45,0.0,1.0002,80.0,0.010000000000000002,8,10,0.05190706253051758
BPSK,0.01,0.1,0.08,32,0.45,0.015,0.9998,80.0,0.010000000000000002,8,10,0.04439115524291992
BPSK,0.01,0.1,0.08,32,0.45,0.015,1.0002,90.0,0.005000000000000001,9,10,0.04487252235412598
BPSK,0.01,0.1,0.08,48,0.0,-0.015,0.9998,90.0,0.0,9,10,0.0482633113861084
BPSK,0.01,0.1,0.08,48,0.0,-0.015,1.0002,90.0,0.0,9,10,0.05374264717102051
BPSK,0.01,0.1,0.08,48,0.0,0.0,0.9998,90.0,0.0,9,10,0.03676939010620117
BPSK,0.01,0.1,0.08,48,0.0,0.0,1.0002,90.0,0.0,9,10,0.04188394546508789
BPSK,0.01,0.1,0.08,48,0.0,0.015,0.9998,90.0,0.0,9,10,0.06473326683044434
BPSK,0.01,0.1,0.08,48,0.0,0.015,1.0002,90.0,0.0,9,10,0.051583051681518555
BPSK,0.01,0.1,0.08,48,0.2,-0.015,0.9998,90.0,0.005000000000000001,9,10,0.04678010940551758
BPSK,0.01,0.1,0.08,48,0.2,-0.015,1.0002,90.0,0.005000000000000001,9,10,0.05920743942260742
BPSK,0.01,0.1,0.08,48,0.2,0.0,0.9998,90.0,0.005000000000000001,9,10,0.04930520057678223
BPSK,0.01,0.1,0.08,48,0.2,0.0,1.0002,90.0,0.005000000000000001,9,10,0.04551863670349121
BPSK,0.01,0.1,0.08,48,0.2,0.015,0.9998,90.0,0.005000000000000001,9,10,0.04473304748535156
BPSK,0.01,0.1,0.08,48,0.2,0.015,1.0002,90.0,0.005000000000000001,9,10,0.04515194892883301
BPSK,0.01,0.1,0.08,48,0.45,-0.015,0.9998,90.0,0.005000000000000001,9,10,0.054109811782836914
BPSK,0.01,0.1,0.08,48,0.45,-0.015,1.0002,80.0,0.010000000000000002,8,10,0.04620933532714844
BPSK,0.01,0.1,0.08,48,0.45,0.0,0.9998,70.0,0.015,7,10,0.05041837692260742
BPSK,0.01,0.1,0.08,48,0.45,0.0,1.0002,70.0,0.015,7,10,0.03409242630004883
BPSK,0.01,0.1,0.08,48,0.45,0.015,0.9998,90.0,0.005000000000000001,9,10,0.04956769943237305
BPSK,0.01,0.1,0.08,48,0.45,0.015,1.0002,90.0,0.005000000000000001,9,10,0.06725835800170898
BPSK,0.0314,0.03,0.025,16,0.0,-0.015,0.9998,90.0,0.0,9,10,0.0524141788482666
BPSK,0.0314,0.03,0.025,16,0.0,-0.015,1.0002,90.0,0.0,9,10,0.03632092475891113
BPSK,0.0314,0.03,0.025,16,0.0,0.0,0.9998,90.0,0.0,9,10,0.04525136947631836
BPSK,0.0314,0.03,0.025,16,0.0,0.0,1.0002,90.0,0.0,9,10,0.04328012466430664
BPSK,0.0314,0.03,0.025,16,0.0,0.015,0.9998,90.0,0.0,9,10,0.05510425567626953
BPSK,0.0314,0.03,0.025,16,0.0,0.015,1.0002,90.0,0.0,9,10,0.0510866641998291
BPSK,0.0314,0.03,0.025,16,0.2,-0.015,0.9998,90.0,0.005000000000000001,9,10,0.04356884956359863
BPSK,0.0314,0.03,0.025,16,0.2,-0.015,1.0002,90.0,0.005000000000000001,9,10,0.046633005142211914
BPSK,0.0314,0.03,0.025,16,0.2,0.0,0.9998,90.0,0.005000000000000001,9,10,0.03691720962524414
BPSK,0.0314,0.03,0.025,16,0.2,0.0,1.0002,90.0,0.005000000000000001,9,10,0.05862307548522949
BPSK,0.0314,0.03,0.025,16,0.2,0.015,0.9998,90.0,0.005000000000000001,9,10,0.03822827339172363
BPSK,0.0314,0.03,0.025,16,0.2,0.015,1.0002,90.0,0.005000000000000001,9,10,0.03864264488220215
BPSK,0.0314,0.03,0.025,16,0.45,-0.015,0.9998,90.0,0.005000000000000001,9,10,0.03772115707397461
BPSK,0.0314,0.03,0.025,16,0.45,-0.015,1.0002,80.0,0.010000000000000002,8,10,0.03699946403503418
BPSK,0.0314,0.03,0.025,16,0.45,0.0,0.9998,90.0,0.005000000000000001,9,10,0.04833984375
BPSK,0.0314,0.03,0.025,16,0.45,0.0,1.0002,90.0,0.005000000000000001,9,10,0.04305267333984375
BPSK,0.0314,0.03,0.025,16,0.45,0.015,0.9998,90.0,0.005000000000000001,9,10,0.041268348693847656
BPSK,0.0314,0.03,0.025,16,0.45,0.015,1.0002,90.0,0.005000000000000001,9,10,0.0551149845123291
BPSK,0.0314,0.03,0.025,32,0.0,-0.015,0.9998,90.0,0.0,9,10,0.04398393630981445
BPSK,0.0314,0.03,0.025,32,0.0,-0.015,1.0002,90.0,0.0,9,10,0.04317498207092285
BPSK,0.0314,0.03,0.025,32,0.0,0.0,0.9998,90.0,0.0,9,10,0.04854249954223633
BPSK,0.0314,0.03,0.025,32,0.0,0.0,1.0002,90.0,0.0,9,10,0.04975008964538574
BPSK,0.0314,0.03,0.025,32,0.0,0.015,0.9998,90.0,0.0,9,10,0.03685355186462402
BPSK,0.0314,0.03,0.025,32,0.0,0.015,1.0002,90.0,0.0,9,10,0.051183462142944336
BPSK,0.0314,0.03,0.025,32,0.2,-0.015,0.9998,90.0,0.005000000000000001,9,10,0.04215550422668457
BPSK,0.0314,0.03,0.025,32,0.2,-0.015,1.0002,90.0,0.005000000000000001,9,10,0.04746246337890625
BPSK,0.0314,0.03,0.025,32,0.2,0.0,0.9998,90.0,0.005000000000000001,9,10,0.0469365119934082
BPSK,0.0314,0.03,0.025,32,0.2,0.0,1.0002,90.0,0.005000000000000001,9,10,0.05595755577087402
BPSK,0.0314,0.03,0.025,32,0.2,0.015,0.9998,90.0,0.005000000000000001,9,10,0.0571286678314209
BPSK,0.0314,0.03,0.025,32,0.2,0.015,1.0002,90.0,0.005000000000000001,9,10,0.051393747329711914
BPSK,0.0314,0.03,0.025,32,0.45,-0.015,0.9998,90.0,0.005000000000000001,9,10,0.05525994300842285
BPSK,0.0314,0.03,0.025,32,0.45,-0.015,1.0002,80.0,0.010000000000000002,8,10,0.04983186721801758
BPSK,0.0314,0.03,0.025,32,0.45,0.0,0.9998,90.0,0.005000000000000001,9,10,0.06369495391845703
BPSK,0.0314,0.03,0.025,32,0.45,0.0,1.0002,80.0,0.010000000000000002,8,10,0.037740230560302734
BPSK,0.0314,0.03,0.025,32,0.45,0.015,0.9998,90.0,0.005000000000000001,9,10,0.03822207450866699
BPSK,0.0314,0.03,0.025,32,0.45,0.015,1.0002,90.0,0.005000000000000001,9,10,0.04377388954162598
BPSK,0.0314,0.03,0.025,48,0.0,-0.015,0.9998,90.0,0.0,9,10,0.03766441345214844
BPSK,0.0314,0.03,0.025,48,0.0,-0.015,1.0002,90.0,0.0,9,10,0.04475831985473633
BPSK,0.0314,0.03,0.025,48,0.0,0.0,0.9998,90.0,0.0,9,10,0.04556608200073242
BPSK,0.0314,0.03,0.025,48,0.0,0.0,1.0002,90.0,0.0,9,10,0.045299530029296875
BPSK,0.0314,0.03,0.025,48,0.0,0.015,0.9998,90.0,0.0,9,10,0.0475156307220459
BPSK,0.0314,0.03,0.025,48,0.0,0.015,1.0002,90.0,0.0,9,10,0.04336071014404297
BPSK,0.0314,0.03,0.025,48,0.2,-0.015,0.9998,90.0,0.005000000000000001,9,10,0.04414010047912598
BPSK,0.0314,0.03,0.025,48,0.2,-0.015,1.0002,90.0,0.005000000000000001,9,10,0.043085575103759766
BPSK,0.0314,0.03,0.025,48,0.2,0.0,0.9998,90.0,0.005000000000000001,9,10,0.04505467414855957
BPSK,0.0314,0.03,0.025,48,0.2,0.0,1.0002,90.0,0.005000000000000001,9,10,0.05198955535888672
BPSK,0.0314,0.03,0.025,48,0.2,0.015,0.9998,90.0,0.005000000000000001,9,10,0.059520721435546875
BPSK,0.0314,0.03,0.025,48,0.2,0.015,1.0002,90.0,0.005000000000000001,9,10,0.04823470115661621
BPSK,0.0314,0.03,0.025,48,0.45,-0.015,0.9998,90.0,0.005000000000000001,9,10,0.06153106689453125
BPSK,0.0314,0.03,0.025,48,0.45,-0.015,1.0002,90.0,0.005000000000000001,9,10,0.04567384719848633
BPSK,0.0314,0.03,0.025,48,0.45,0.0,0.9998,90.0,0.005000000000000001,9,10,0.04729938507080078
BPSK,0.0314,0.03,0.025,48,0.45,0.0,1.0002,90.0,0.005000000000000001,9,10,0.05795788764953613
BPSK,0.0314,0.03,0.025,48,0.45,0.015,0.9998,90.0,0.005000000000000001,9,10,0.04982924461364746
BPSK,0.0314,0.03,0.025,48,0.45,0.015,1.0002,90.0,0.005000000000000001,9,10,0.05004477500915527
BPSK,0.0314,0.03,0.045,16,0.0,-0.015,0.9998,90.0,0.0,9,10,0.05194354057312012
BPSK,0.0314,0.03,0.045,16,0.0,-0.015,1.0002,90.0,0.0,9,10,0.0518040657043457
BPSK,0.0314,0.03,0.045,16,0.0,0.0,0.9998,90.0,0.0,9,10,0.03707551956176758
BPSK,0.0314,0.03,0.045,16,0.0,0.0,1.0002,90.0,0.0,9,10,0.036438703536987305
BPSK,0.0314,0.03,0.045,16,0.0,0.015,0.9998,90.0,0.0,9,10,0.04577970504760742
BPSK,0.0314,0.03,0.045,16,0.0,0.015,1.0002,90.0,0.0,9,10,0.04752516746520996
BPSK,0.0314,0.03,0.045,16,0.2,-0.015,0.9998,90.0,0.005000000000000001,9,10,0.03360772132873535
BPSK,0.0314,0.03,0.045,16,0.2,-0.015,1.0002,90.0,0.005000000000000001,9,10,0.0410761833190918
BPSK,0.0314,0.03,0.045,16,0.2,0.0,0.9998,90.0,0.005000000000000001,9,10,0.04086637496948242
BPSK,0.0314,0.03,0.045,16,0.2,0.0,1.0002,90.0,0.005000000000000001,9,10,0.04403829574584961
BPSK,0.0314,0.03,0.045,16,0.2,0.015,0.9998,90.0,0.005000000000000001,9,10,0.04461193084716797
BPSK,0.0314,0.03,0.045,16,0.2,0.015,1.0002,90.0,0.005000000000000001,9,10,0.07444262504577637
BPSK,0.0314,0.03,0.045,16,0.45,-0.015,0.9998,90.0,0.005000000000000001,9,10,0.04822063446044922
BPSK,0.0314,0.03,0.045,16,0.45,-0.015,1.0002,80.0,0.010000000000000002,8,10,0.03603696823120117
BPSK,0.0314,0.03,0.045,16,0.45,0.0,0.9998,90.0,0.005000000000000001,9,10,0.046181440353393555
BPSK,0.0314,0.03,0.045,16,0.45,0.0,1.0002,90.0,0.005000000000000001,9,10,0.05993819236755371
BPSK,0.0314,0.03,0.045,16,0.45,0.015,0.9998,90.0,0.005000000000000001,9,10,0.042996883392333984
BPSK,0.0314,0.03,0.045,16,0.45,0.015,1.0002,90.0,0.005000000000000001,9,10,0.04464554786682129
BPSK,0.0314,0.03,0.045,32,0.0,-0.015,0.9998,90.0,0.0,9,10,0.04512953758239746
BPSK,0.0314,0.03,0.045,32,0.0,-0.015,1.0002,90.0,0.0,9,10,0.06519293785095215
BPSK,0.0314,0.03,0.045,32,0.0,0.0,0.9998,90.0,0.0,9,10,0.040180206298828125
BPSK,0.0314,0.03,0.045,32,0.0,0.0,1.0002,90.0,0.0,9,10,0.0537714958190918
BPSK,0.0314,0.03,0.045,32,0.0,0.015,0.9998,90.0,0.0,9,10,0.041823625564575195
BPSK,0.0314,0.03,0.045,32,0.0,0.015,1.0002,90.0,0.0,9,10,0.04801774024963379
BPSK,0.0314,0.03,0.045,32,0.2,-0.015,0.9998,90.0,0.005000000000000001,9,10,0.045889854431152344
BPSK,0.0314,0.03,0.045,32,0.2,-0.015,1.0002,90.0,0.005000000000000001,9,10,0.05578756332397461
BPSK,0.0314,0.03,0.045,32,0.2,0.0,0.9998,90.0,0.005000000000000001,9,10,0.044214487075805664
BPSK,0.0314,0.03,0.045,32,0.2,0.0,1.0002,90.0,0.005000000000000001,9,10,0.05466890335083008
BPSK,0.0314,0.03,0.045,32,0.2,0.015,0.9998,90.0,0.005000000000000001,9,10,0.05510449409484863
BPSK,0.0314,0.03,0.045,32,0.2,0.015,1.0002,90.0,0.005000000000000001,9,10,0.04718327522277832
BPSK,0.0314,0.03,0.045,32,0.45,-0.015,0.9998,90.0,0.005000000000000001,9,10,0.04199790954589844
BPSK,0.0314,0.03,0.045,32,0.45,-0.015,1.0002,90.0,0.005000000000000001,9,10,0.0446314811706543
BPSK,0.0314,0.03,0.045,32,0.45,0.0,0.9998,80.0,0.010000000000000002,8,10,0.049721479415893555
BPSK,0.0314,0.03,0.045,32,0.45,0.0,1.0002,80.0,0.010000000000000002,8,10,0.06056070327758789
BPSK,0.0314,0.03,0.045,32,0.45,0.015,0.9998,90.0,0.005000000000000001,9,10,0.04904460906982422
BPSK,0.0314,0.03,0.045,32,0.45,0.015,1.0002,90.0,0.005000000000000001,9,10,0.048195838928222656
BPSK,0.0314,0.03,0.045,48,0.0,-0.015,0.9998,90.0,0.0,9,10,0.05563521385192871
BPSK,0.0314,0.03,0.045,48,0.0,-0.015,1.0002,90.0,0.0,9,10,0.0657954216003418
BPSK,0.0314,0.03,0.045,48,0.0,0.0,0.9998,90.0,0.0,9,10,0.04522824287414551
BPSK,0.0314,0.03,0.045,48,0.0,0.0,1.0002,90.0,0.0,9,10,0.045467376708984375
BPSK,0.0314,0.03,0.045,48,0.0,0.015,0.9998,90.0,0.0,9,10,0.04867219924926758
BPSK,0.0314,0.03,0.045,48,0.0,0.015,1.0002,90.0,0.0,9,10,0.03474903106689453
BPSK,0.0314,0.03,0.045,48,0.2,-0.015,0.9998,90.0,0.005000000000000001,9,10,0.04486083984375
BPSK,0.0314,0.03,0.045,48,0.2,-0.015,1.0002,90.0,0.005000000000000001,9,10,0.04600954055786133
BPSK,0.0314,0.03,0.045,48,0.2,0.0,0.9998,90.0,0.005000000000000001,9,10,0.03753328323364258
BPSK,0.0314,0.03,0.045,48,0.2,0.0,1.0002,90.0,0.005000000000000001,9,10,0.042829036712646484
BPSK,0.0314,0.03,0.045,48,0.2,0.015,0.9998,90.0,0.005000000000000001,9,10,0.0455019474029541
BPSK,0.0314,0.03,0.045,48,0.2,0.015,1.0002,90.0,0.005000000000000001,9,10,0.042465925216674805
BPSK,0.0314,0.03,0.045,48,0.45,-0.015,0.9998,90.0,0.005000000000000001,9,10,0.03935694694519043
BPSK,0.0314,0.03,0.045,48,0.45,-0.015,1.0002,90.0,0.005000000000000001,9,10,0.05169105529785156
BPSK,0.0314,0.03,0.045,48,0.45,0.0,0.9998,80.0,0.010000000000000002,8,10,0.05110526084899902
BPSK,0.0314,0.03,0.045,48,0.45,0.0,1.0002,90.0,0.005000000000000001,9,10,0.049483299255371094
BPSK,0.0314,0.03,0.045,48,0.45,0.015,0.9998,90.0,0.005000000000000001,9,10,0.04583024978637695
BPSK,0.0314,0.03,0.045,48,0.45,0.015,1.0002,90.0,0.005000000000000001,9,10,0.04239368438720703
BPSK,0.0314,0.03,0.08,16,0.0,-0.015,0.9998,90.0,0.0,9,10,0.04683661460876465
BPSK,0.0314,0.03,0.08,16,0.0,-0.015,1.0002,90.0,0.0,9,10,0.04134702682495117
BPSK,0.0314,0.03,0.08,16,0.0,0.0,0.9998,90.0,0.0,9,10,0.045754194259643555
BPSK,0.0314,0.03,0.08,16,0.0,0.0,1.0002,90.0,0.0,9,10,0.032636165618896484
BPSK,0.0314,0.03,0.08,16,0.0,0.015,0.9998,90.0,0.0,9,10,0.047023773193359375
BPSK,0.0314,0.03,0.08,16,0.0,0.015,1.0002,90.0,0.0,9,10,0.03749537467956543
BPSK,0.0314,0.03,0.08,16,0.2,-0.015,0.9998,90.0,0.005000000000000001,9,10,0.039888620376586914
BPSK,0.0314,0.03,0.08,16,0.2,-0.015,1.0002,90.0,0.005000000000000001,9,10,0.03828835487365723
BPSK,0.0314,0.03,0.08,16,0.2,0.0,0.9998,90.0,0.005000000000000001,9,10,0.04833674430847168
BPSK,0.0314,0.03,0.08,16,0.2,0.0,1.0002,90.0,0.005000000000000001,9,10,0.05086159706115723
BPSK,0.0314,0.03,0.08,16,0.2,0.015,0.9998,90.0,0.005000000000000001,9,10,0.044830322265625
BPSK,0.0314,0.03,0.08,16,0.2,0.015,1.0002,90.0,0.005000000000000001,9,10,0.04416179656982422
BPSK,0.0314,0.03,0.08,16,0.45,-0.015,0.9998,60.0,0.020000000000000004,6,10,0.050890207290649414
BPSK,0.0314,0.03,0.08,16,0.45,-0.015,1.0002,80.0,0.010000000000000002,8,10,0.05854344367980957
BPSK,0.0314,0.03,0.08,16,0.45,0.0,0.9998,80.0,0.010000000000000002,8,10,0.04544997215270996
BPSK,0.0314,0.03,0.08,16,0.45,0.0,1.0002,80.0,0.010000000000000002,8,10,0.0426478385925293
BPSK,0.0314,0.03,0.08,16,0.45,0.015,0.9998,90.0,0.005000000000000001,9,10,0.06772232055664062
BPSK,0.0314,0.03,0.08,16,0.45,0.015,1.0002,90.0,0.005000000000000001,9,10,0.04128408432006836
BPSK,0.0314,0.03,0.08,32,0.0,-0.015,0.9998,90.0,0.0,9,10,0.05366921424865723
BPSK,0.0314,0.03,0.08,32,0.0,-0.015,1.0002,90.0,0.0,9,10,0.03996920585632324
BPSK,0.0314,0.03,0.08,32,0.0,0.0,0.9998,90.0,0.0,9,10,0.042879581451416016
BPSK,0.0314,0.03,0.08,32,0.0,0.0,1.0002,90.0,0.0,9,10,0.046973228454589844
BPSK,0.0314,0.03,0.08,32,0.0,0.015,0.9998,90.0,0.0,9,10,0.05313992500305176
BPSK,0.0314,0.03,0.08,32,0.0,0.015,1.0002,90.0,0.0,9,10,0.04852771759033203
BPSK,0.0314,0.03,0.08,32,0.2,-0.015,0.9998,90.0,0.005000000000000001,9,10,0.056186676025390625
BPSK,0.0314,0.03,0.08,32,0.2,-0.015,1.0002,90.0,0.005000000000000001,9,10,0.04092073440551758
BPSK,0.0314,0.03,0.08,32,0.2,0.0,0.9998,80.0,0.010000000000000002,8,10,0.046235084533691406
BPSK,0.0314,0.03,0.08,32,0.2,0.0,1.0002,90.0,0.005000000000000001,9,10,0.04575610160827637
BPSK,0.0314,0.03,0.08,32,0.2,0.015,0.9998,90.0,0.005000000000000001,9,10,0.04079437255859375
BPSK,0.0314,0.03,0.08,32,0.2,0.015,1.0002,90.0,0.005000000000000001,9,10,0.04118919372558594
BPSK,0.0314,0.03,0.08,32,0.45,-0.015,0.9998,90.0,0.005000000000000001,9,10,0.041773319244384766
BPSK,0.0314,0.03,0.08,32,0.45,-0.015,1.0002,70.0,0.015,7,10,0.04573798179626465
BPSK,0.0314,0.03,0.08,32,0.45,0.0,0.9998,70.0,0.015,7,10,0.04383039474487305
BPSK,0.0314,0.03,0.08,32,0.45,0.0,1.0002,80.0,0.010000000000000002,8,10,0.046964168548583984
BPSK,0.0314,0.03,0.08,32,0.45,0.015,0.9998,80.0,0.010000000000000002,8,10,0.046286582946777344
BPSK,0.0314,0.03,0.08,32,0.45,0.015,1.0002,90.0,0.005000000000000001,9,10,0.03889322280883789
BPSK,0.0314,0.03,0.08,48,0.0,-0.015,0.9998,90.0,0.0,9,10,0.06380867958068848
BPSK,0.0314,0.03,0.08,48,0.0,-0.015,1.0002,90.0,0.0,9,10,0.04969668388366699
BPSK,0.0314,0.03,0.08,48,0.0,0.0,0.9998,90.0,0.0,9,10,0.04501843452453613
BPSK,0.0314,0.03,0.08,48,0.0,0.0,1.0002,90.0,0.0,9,10,0.03901505470275879
BPSK,0.0314,0.03,0.08,48,0.0,0.015,0.9998,90.0,0.0,9,10,0.052413225173950195
BPSK,0.0314,0.03,0.08,48,0.0,0.015,1.0002,90.0,0.0,9,10,0.04488515853881836
BPSK,0.0314,0.03,0.08,48,0.2,-0.015,0.9998,90.0,0.005000000000000001,9,10,0.048624515533447266
BPSK,0.0314,0.03,0.08,48,0.2,-0.015,1.0002,90.0,0.005000000000000001,9,10,0.046514272689819336
BPSK,0.0314,0.03,0.08,48,0.2,0.0,0.9998,90.0,0.005000000000000001,9,10,0.036769866943359375
BPSK,0.0314,0.03,0.08,48,0.2,0.0,1.0002,90.0,0.005000000000000001,9,10,0.03743267059326172
BPSK,0.0314,0.03,0.08,48,0.2,0.015,0.9998,90.0,0.005000000000000001,9,10,0.04963874816894531
BPSK,0.0314,0.03,0.08,48,0.2,0.015,1.0002,90.0,0.005000000000000001,9,10,0.05269956588745117
BPSK,0.0314,0.03,0.08,48,0.45,-0.015,0.9998,90.0,0.005000000000000001,9,10,0.05078434944152832
BPSK,0.0314,0.03,0.08,48,0.45,-0.015,1.0002,80.0,0.010000000000000002,8,10,0.07048416137695312
BPSK,0.0314,0.03,0.08,48,0.45,0.0,0.9998,80.0,0.010000000000000002,8,10,0.052335500717163086
BPSK,0.0314,0.03,0.08,48,0.45,0.0,1.0002,80.0,0.010000000000000002,8,10,0.04858040809631348
BPSK,0.0314,0.03,0.08,48,0.45,0.015,0.9998,80.0,0.010000000000000002,8,10,0.03720903396606445
BPSK,0.0314,0.03,0.08,48,0.45,0.015,1.0002,70.0,0.015,7,10,0.03730010986328125
BPSK,0.0314,0.0628,0.025,16,0.0,-0.015,0.9998,90.0,0.0,9,10,0.0369112491607666
BPSK,0.0314,0.0628,0.025,16,0.0,-0.015,1.0002,90.0,0.0,9,10,0.053434133529663086
BPSK,0.0314,0.0628,0.025,16,0.0,0.0,0.9998,90.0,0.0,9,10,0.037513017654418945
BPSK,0.0314,0.0628,0.025,16,0.0,0.0,1.0002,90.0,0.0,9,10,0.028074979782104492
BPSK,0.0314,0.0628,0.025,16,0.0,0.015,0.9998,90.0,0.0,9,10,0.03894615173339844
BPSK,0.0314,0.0628,0.025,16,0.0,0.015,1.0002,90.0,0.0,9,10,0.042324066162109375
BPSK,0.0314,0.0628,0.025,16,0.2,-0.015,0.9998,90.0,0.005000000000000001,9,10,0.04195094108581543
BPSK,0.0314,0.0628,0.025,16,0.2,-0.015,1.0002,90.0,0.005000000000000001,9,10,0.03904390335083008
BPSK,0.0314,0.0628,0.025,16,0.2,0.0,0.9998,90.0,0.005000000000000001,9,10,0.05050849914550781
BPSK,0.0314,0.0628,0.025,16,0.2,0.0,1.0002,90.0,0.005000000000000001,9,10,0.040461063385009766
BPSK,0.0314,0.0628,0.025,16,0.2,0.015,0.9998,90.0,0.005000000000000001,9,10,0.04481148719787598
BPSK,0.0314,0.0628,0.025,16,0.2,0.015,1.0002,90.0,0.005000000000000001,9,10,0.049863338470458984
BPSK,0.0314,0.0628,0.025,16,0.45,-0.015,0.9998,90.0,0.005000000000000001,9,10,0.047156572341918945
BPSK,0.0314,0.0628,0.025,16,0.45,-0.015,1.0002,90.0,0.005000000000000001,9,10,0.05155444145202637
BPSK,0.0314,0.0628,0.025,16,0.45,0.0,0.9998,90.0,0.005000000000000001,9,10,0.0408167839050293
BPSK,0.0314,0.0628,0.025,16,0.45,0.0,1.0002,90.0,0.005000000000000001,9,10,0.05869770050048828
BPSK,0.0314,0.0628,0.025,16,0.45,0.015,0.9998,90.0,0.005000000000000001,9,10,0.05829000473022461
BPSK,0.0314,0.0628,0.025,16,0.45,0.015,1.0002,90.0,0.005000000000000001,9,10,0.04587817192077637
BPSK,0.0314,0.0628,0.025,32,0.0,-0.015,0.9998,90.0,0.0,9,10,0.047872304916381836
BPSK,0.0314,0.0628,0.025,32,0.0,-0.015,1.0002,90.0,0.0,9,10,0.055985212326049805
BPSK,0.0314,0.0628,0.025,32,0.0,0.0,0.9998,90.0,0.0,9,10,0.05528855323791504
BPSK,0.0314,0.0628,0.025,32,0.0,0.0,1.0002,90.0,0.0,9,10,0.0718231201171875
BPSK,0.0314,0.0628,0.025,32,0.0,0.015,0.9998,90.0,0.0,9,10,0.04737091064453125
BPSK,0.0314,0.0628,0.025,32,0.0,0.015,1.0002,90.0,0.0,9,10,0.03981828689575195
BPSK,0.0314,0.0628,0.025,32,0.2,-0.015,0.9998,90.0,0.005000000000000001,9,10,0.048569440841674805
BPSK,0.0314,0.0628,0.025,32,0.2,-0.015,1.0002,90.0,0.005000000000000001,9,10,0.0416719913482666
BPSK,0.0314,0.0628,0.025,32,0.2,0.0,0.9998,90.0,0.005000000000000001,9,10,0.042847394943237305
BPSK,0.0314,0.0628,0.025,32,0.2,0.0,1.0002,90.0,0.005000000000000001,9,10,0.04319262504577637
BPSK,0.0314,0.0628,0.025,32,0.2,0.015,0.9998,90.0,0.005000000000000001,9,10,0.041971683502197266
BPSK,0.0314,0.0628,0.025,32,0.2,0.015,1.0002,90.0,0.005000000000000001,9,10,0.04466128349304199
BPSK,0.0314,0.0628,0.025,32,0.45,-0.015,0.9998,90.0,0.005000000000000001,9,10,0.047918081283569336
BPSK,0.0314,0.0628,0.025,32,0.45,-0.015,1.0002,90.0,0.005000000000000001,9,10,0.050515174865722656
BPSK,0.0314,0.0628,0.025,32,0.45,0.0,0.9998,90.0,0.005000000000000001,9,10,0.04060006141662598
BPSK,0.0314,0.0628,0.025,32,0.45,0.0,1.0002,90.0,0.005000000000000001,9,10,0.043949127197265625
BPSK,0.0314,0.0628,0.025,32,0.45,0.015,0.9998,90.0,0.005000000000000001,9,10,0.061670780181884766
BPSK,0.0314,0.0628,0.025,32,0.45,0.015,1.0002,90.0,0.005000000000000001,9,10,0.0432741641998291
BPSK,0.0314,0.0628,0.025,48,0.0,-0.015,0.9998,90.0,0.0,9,10,0.041481971740722656
BPSK,0.0314,0.0628,0.025,48,0.0,-0.015,1.0002,90.0,0.0,9,10,0.05588793754577637
BPSK,0.0314,0.0628,0.025,48,0.0,0.0,0.9998,90.0,0.0,9,10,0.057756662368774414
BPSK,0.0314,0.0628,0.025,48,0.0,0.0,1.0002,90.0,0.0,9,10,0.05242609977722168
BPSK,0.0314,0.0628,0.025,48,0.0,0.015,0.9998,90.0,0.0,9,10,0.05059170722961426
BPSK,0.0314,0.0628,0.025,48,0.0,0.015,1.0002,90.0,0.0,9,10,0.04610443115234375
BPSK,0.0314,0.0628,0.025,48,0.2,-0.015,0.9998,90.0,0.005000000000000001,9,10,0.04766654968261719
BPSK,0.0314,0.0628,0.025,48,0.2,-0.015,1.0002,90.0,0.005000000000000001,9,10,0.05563950538635254
BPSK,0.0314,0.0628,0.025,48,0.2,0.0,0.9998,90.0,0.005000000000000001,9,10,0.0482785701751709
BPSK,0.0314,0.0628,0.025,48,0.2,0.0,1.0002,90.0,0.005000000000000001,9,10,0.05030035972595215
BPSK,0.0314,0.0628,0.025,48,0.2,0.015,0.9998,90.0,0.005000000000000001,9,10,0.05097389221191406
BPSK,0.0314,0.0628,0.025,48,0.2,0.015,1.0002,90.0,0.005000000000000001,9,10,0.04598522186279297
BPSK,0.0314,0.0628,0.025,48,0.45,-0.015,0.9998,90.0,0.005000000000000001,9,10,0.0491330623626709
BPSK,0.0314,0.0628,0.025,48,0.45,-0.015,1.0002,90.0,0.005000000000000001,9,10,0.05300331115722656
BPSK,0.0314,0.0628,0.025,48,0.45,0.0,0.9998,90.0,0.005000000000000001,9,10,0.05236220359802246
BPSK,0.0314,0.0628,0.025,48,0.45,0.0,1.0002,90.0,0.005000000000000001,9,10,0.05237174034118652
BPSK,0.0314,0.0628,0.025,48,0.45,0.015,0.9998,90.0,0.005000000000000001,9,10,0.045701026916503906
BPSK,0.0314,0.0628,0.025,48,0.45,0.015,1.0002,90.0,0.005000000000000001,9,10,0.05272936820983887
BPSK,0.0314,0.0628,0.045,16,0.0,-0.015,0.9998,90.0,0.0,9,10,0.07411766052246094
BPSK,0.0314,0.0628,0.045,16,0.0,-0.015,1.0002,90.0,0.0,9,10,0.03608894348144531
BPSK,0.0314,0.0628,0.045,16,0.0,0.0,0.9998,90.0,0.0,9,10,0.058746337890625
BPSK,0.0314,0.0628,0.045,16,0.0,0.0,1.0002,90.0,0.0,9,10,0.042034149169921875
BPSK,0.0314,0.0628,0.045,16,0.0,0.015,0.9998,90.0,0.0,9,10,0.044295310974121094
BPSK,0.0314,0.0628,0.045,16,0.0,0.015,1.0002,90.0,0.0,9,10,0.05719637870788574
BPSK,0.0314,0.0628,0.045,16,0.2,-0.015,0.9998,90.0,0.005000000000000001,9,10,0.04206657409667969
BPSK,0.0314,0.0628,0.045,16,0.2,-0.015,1.0002,90.0,0.005000000000000001,9,10,0.040802955627441406
BPSK,0.0314,0.0628,0.045,16,0.2,0.0,0.9998,90.0,0.005000000000000001,9,10,0.04336738586425781
BPSK,0.0314,0.0628,0.045,16,0.2,0.0,1.0002,90.0,0.005000000000000001,9,10,0.04411935806274414
BPSK,0.0314,0.0628,0.045,16,0.2,0.015,0.9998,90.0,0.005000000000000001,9,10,0.044561147689819336
BPSK,0.0314,0.0628,0.045,16,0.2,0.015,1.0002,90.0,0.005000000000000001,9,10,0.04439687728881836
BPSK,0.0314,0.0628,0.045,16,0.45,-0.015,0.9998,90.0,0.005000000000000001,9,10,0.048065185546875
BPSK,0.0314,0.0628,0.045,16,0.45,-0.015,1.0002,90.0,0.005000000000000001,9,10,0.054350852966308594
BPSK,0.0314,0.0628,0.045,16,0.45,0.0,0.9998,90.0,0.005000000000000001,9,10,0.05186200141906738
BPSK,0.0314,0.0628,0.045,16,0.45,0.0,1.0002,90.0,0.005000000000000001,9,10,0.041351318359375
BPSK,0.0314,0.0628,0.045,16,0.45,0.015,0.9998,90.0,0.005000000000000001,9,10,0.061940670013427734
BPSK,0.0314,0.0628,0.045,16,0.45,0.015,1.0002,90.0,0.005000000000000001,9,10,0.036960601806640625
BPSK,0.0314,0.0628,0.045,32,0.0,-0.015,0.9998,90.0,0.0,9,10,0.06210756301879883
BPSK,0.0314,0.0628,0.045,32,0.0,-0.015,1.0002,90.0,0.0,9,10,0.07488298416137695
BPSK,0.0314,0.0628,0.045,32,0.0,0.0,0.9998,90.0,0.0,9,10,0.04855680465698242
BPSK,0.0314,0.0628,0.045,32,0.0,0.0,1.0002,90.0,0.0,9,10,0.05411696434020996
BPSK,0.0314,0.0628,0.045,32,0.0,0.015,0.9998,90.0,0.0,9,10,0.04693198204040527
BPSK,0.0314,0.0628,0.045,32,0.0,0.015,1.0002,90.0,0.0,9,10,0.03969573974609375
BPSK,0.0314,0.0628,0.045,32,0.2,-0.015,0.9998,90.0,0.005000000000000001,9,10,0.055123329162597656
BPSK,0.0314,0.0628,0.045,32,0.2,-0.015,1.0002,90.0,0.005000000000000001,9,10,0.04518294334411621
BPSK,0.0314,0.0628,0.045,32,0.2,0.0,0.9998,90.0,0.005000000000000001,9,10,0.053629398345947266
BPSK,0.0314,0.0628,0.045,32,0.2,0.0,1.0002,90.0,0.005000000000000001,9,10,0.06317520141601562
BPSK,0.0314,0.0628,0.045,32,0.2,0.015,0.9998,90.0,0.005000000000000001,9,10,0.04805564880371094
BPSK,0.0314,0.0628,0.045,32,0.2,0.015,1.0002,90.0,0.005000000000000001,9,10,0.05098557472229004
BPSK,0.0314,0.0628,0.045,32,0.45,-0.015,0.9998,90.0,0.005000000000000001,9,10,0.058417320251464844
BPSK,0.0314,0.0628,0.045,32,0.45,-0.015,1.0002,90.0,0.005000000000000001,9,10,0.041690826416015625
BPSK,0.0314,0.0628,0.045,32,0.45,0.0,0.9998,80.0,0.010000000000000002,8,10,0.05386924743652344
BPSK,0.0314,0.0628,0.045,32,0.45,0.0,1.0002,90.0,0.005000000000000001,9,10,0.0730433464050293
BPSK,0.0314,0.0628,0.045,32,0.45,0.015,0.9998,90.0,0.005000000000000001,9,10,0.05163168907165527
BPSK,0.0314,0.0628,0.045,32,0.45,0.015,1.0002,90.0,0.005000000000000001,9,10,0.06963491439819336
BPSK,0.0314,0.0628,0.045,48,0.0,-0.015,0.9998,90.0,0.0,9,10,0.0498964786529541
BPSK,0.0314,0.0628,0.045,48,0.0,-0.015,1.0002,90.0,0.0,9,10,0.0618898868560791
BPSK,0.0314,0.0628,0.045,48,0.0,0.0,0.9998,90.0,0.0,9,10,0.06437873840332031
BPSK,0.0314,0.0628,0.045,48,0.0,0.0,1.0002,90.0,0.0,9,10,0.049077749252319336
BPSK,0.0314,0.0628,0.045,48,0.0,0.015,0.9998,90.0,0.0,9,10,0.05479836463928223
BPSK,0.0314,0.0628,0.045,48,0.0,0.015,1.0002,90.0,0.0,9,10,0.05528545379638672
BPSK,0.0314,0.0628,0.045,48,0.2,-0.015,0.9998,90.0,0.005000000000000001,9,10,0.045111656188964844
BPSK,0.0314,0.0628,0.045,48,0.2,-0.015,1.0002,90.0,0.005000000000000001,9,10,0.05107283592224121
BPSK,0.0314,0.0628,0.045,48,0.2,0.0,0.9998,90.0,0.005000000000000001,9,10,0.05178642272949219
BPSK,0.0314,0.0628,0.045,48,0.2,0.0,1.0002,90.0,0.005000000000000001,9,10,0.056174278259277344
BPSK,0.0314,0.0628,0.045,48,0.2,0.015,0.9998,90.0,0.005000000000000001,9,10,0.04614567756652832
BPSK,0.0314,0.0628,0.045,48,0.2,0.015,1.0002,90.0,0.005000000000000001,9,10,0.04265594482421875
BPSK,0.0314,0.0628,0.045,48,0.45,-0.015,0.9998,90.0,0.005000000000000001,9,10,0.06693005561828613
BPSK,0.0314,0.0628,0.045,48,0.45,-0.015,1.0002,90.0,0.005000000000000001,9,10,0.05491280555725098
BPSK,0.0314,0.0628,0.045,48,0.45,0.0,0.9998,80.0,0.010000000000000002,8,10,0.04245424270629883
BPSK,0.0314,0.0628,0.045,48,0.45,0.0,1.0002,90.0,0.005000000000000001,9,10,0.04081106185913086
BPSK,0.0314,0.0628,0.045,48,0.45,0.015,0.9998,90.0,0.005000000000000001,9,10,0.050469398498535156
BPSK,0.0314,0.0628,0.045,48,0.45,0.015,1.0002,90.0,0.005000000000000001,9,10,0.04105806350708008
BPSK,0.0314,0.0628,0.08,16,0.0,-0.015,0.9998,90.0,0.0,9,10,0.05814170837402344
BPSK,0.0314,0.0628,0.08,16,0.0,-0.015,1.0002,90.0,0.0,9,10,0.053588151931762695
BPSK,0.0314,0.0628,0.08,16,0.0,0.0,0.9998,90.0,0.0,9,10,0.056238412857055664
BPSK,0.0314,0.0628,0.08,16,0.0,0.0,1.0002,90.0,0.0,9,10,0.04476165771484375
BPSK,0.0314,0.0628,0.08,16,0.0,0.015,0.9998,90.0,0.0,9,10,0.04666638374328613
BPSK,0.0314,0.0628,0.08,16,0.0,0.015,1.0002,90.0,0.0,9,10,0.047043561935424805
BPSK,0.0314,0.0628,0.08,16,0.2,-0.015,0.9998,90.0,0.005000000000000001,9,10,0.04948759078979492
BPSK,0.0314,0.0628,0.08,16,0.2,-0.015,1.0002,90.0,0.005000000000000001,9,10,0.059197187423706055
BPSK,0.0314,0.0628,0.08,16,0.2,0.0,0.9998,90.0,0.005000000000000001,9,10,0.0500638484954834
BPSK,0.0314,0.0628,0.08,16,0.2,0.0,1.0002,90.0,0.005000000000000001,9,10,0.05219888687133789
BPSK,0.0314,0.0628,0.08,16,0.2,0.015,0.9998,90.0,0.005000000000000001,9,10,0.0482783317565918
BPSK,0.0314,0.0628,0.08,16,0.2,0.015,1.0002,90.0,0.005000000000000001,9,10,0.05557894706726074
BPSK,0.0314,0.0628,0.08,16,0.45,-0.015,0.9998,70.0,0.015,7,10,0.07329678535461426
BPSK,0.0314,0.0628,0.08,16,0.45,-0.015,1.0002,90.0,0.005000000000000001,9,10,0.046180009841918945
BPSK,0.0314,0.0628,0.08,16,0.45,0.0,0.9998,80.0,0.010000000000000002,8,10,0.04309701919555664
BPSK,0.0314,0.0628,0.08,16,0.45,0.0,1.0002,80.0,0.010000000000000002,8,10,0.04066777229309082
BPSK,0.0314,0.0628,0.08,16,0.45,0.015,0.9998,90.0,0.005000000000000001,9,10,0.05231881141662598
BPSK,0.0314,0.0628,0.08,16,0.45,0.015,1.0002,80.0,0.010000000000000002,8,10,0.041588544845581055
BPSK,0.0314,0.0628,0.08,32,0.0,-0.015,0.9998,90.0,0.0,9,10,0.05682229995727539
BPSK,0.0314,0.0628,0.08,32,0.0,-0.015,1.0002,90.0,0.0,9,10,0.05157613754272461
BPSK,0.0314,0.0628,0.08,32,0.0,0.0,0.9998,90.0,0.0,9,10,0.0571742057800293
BPSK,0.0314,0.0628,0.08,32,0.0,0.0,1.0002,90.0,0.0,9,10,0.05734729766845703
BPSK,0.0314,0.0628,0.08,32,0.0,0.015,0.9998,90.0,0.0,9,10,0.0389103889465332
BPSK,0.0314,0.0628,0.08,32,0.0,0.015,1.0002,90.0,0.0,9,10,0.05145907402038574
BPSK,0.0314,0.0628,0.08,32,0.2,-0.015,0.9998,90.0,0.005000000000000001,9,10,0.05171823501586914
BPSK,0.0314,0.0628,0.08,32,0.2,-0.015,1.0002,90.0,0.005000000000000001,9,10,0.04415726661682129
BPSK,0.0314,0.0628,0.08,32,0.2,0.0,0.9998,80.0,0.010000000000000002,8,10,0.04870724678039551
BPSK,0.0314,0.0628,0.08,32,0.2,0.0,1.0002,90.0,0.005000000000000001,9,10,0.05199766159057617
BPSK,0.0314,0.0628,0.08,32,0.2,0.015,0.9998,90.0,0.005000000000000001,9,10,0.046935081481933594
BPSK,0.0314,0.0628,0.08,32,0.2,0.015,1.0002,90.0,0.005000000000000001,9,10,0.05414223670959473
BPSK,0.0314,0.0628,0.08,32,0.45,-0.015,0.9998,90.0,0.005000000000000001,9,10,0.04482269287109375
BPSK,0.0314,0.0628,0.08,32,0.45,-0.015,1.0002,80.0,0.010000000000000002,8,10,0.04422187805175781
BPSK,0.0314,0.0628,0.08,32,0.45,0.0,0.9998,70.0,0.015,7,10,0.04665541648864746
BPSK,0.0314,0.0628,0.08,32,0.45,0.0,1.0002,90.0,0.005000000000000001,9,10,0.04549574851989746
BPSK,0.0314,0.0628,0.08,32,0.45,0.015,0.9998,80.0,0.010000000000000002,8,10,0.04839134216308594
BPSK,0.0314,0.0628,0.08,32,0.45,0.015,1.0002,90.0,0.005000000000000001,9,10,0.05283808708190918
BPSK,0.0314,0.0628,0.08,48,0.0,-0.015,0.9998,90.0,0.0,9,10,0.04704928398132324
BPSK,0.0314,0.0628,0.08,48,0.0,-0.015,1.0002,90.0,0.0,9,10,0.048705101013183594
BPSK,0.0314,0.0628,0.08,48,0.0,0.0,0.9998,90.0,0.0,9,10,0.046964406967163086
BPSK,0.0314,0.0628,0.08,48,0.0,0.0,1.0002,90.0,0.0,9,10,0.05873680114746094
BPSK,0.0314,0.0628,0.08,48,0.0,0.015,0.9998,90.0,0.0,9,10,0.05774855613708496
BPSK,0.0314,0.0628,0.08,48,0.0,0.015,1.0002,90.0,0.0,9,10,0.04740738868713379
BPSK,0.0314,0.0628,0.08,48,0.2,-0.015,0.9998,90.0,0.005000000000000001,9,10,0.047979116439819336
BPSK,0.0314,0.0628,0.08,48,0.2,-0.015,1.0002,90.0,0.005000000000000001,9,10,0.054717063903808594
BPSK,0.0314,0.0628,0.08,48,0.2,0.0,0.9998,90.0,0.005000000000000001,9,10,0.05182814598083496
BPSK,0.0314,0.0628,0.08,48,0.2,0.0,1.0002,90.0,0.005000000000000001,9,10,0.0655660629272461
BPSK,0.0314,0.0628,0.08,48,0.2,0.015,0.9998,90.0,0.005000000000000001,9,10,0.061933279037475586
BPSK,0.0314,0.0628,0.08,48,0.2,0.015,1.0002,90.0,0.005000000000000001,9,10,0.06972002983093262
BPSK,0.0314,0.0628,0.08,48,0.45,-0.015,0.9998,90.0,0.005000000000000001,9,10,0.04893016815185547
BPSK,0.0314,0.0628,0.08,48,0.45,-0.015,1.0002,80.0,0.010000000000000002,8,10,0.05098557472229004
BPSK,0.0314,0.0628,0.08,48,0.45,0.0,0.9998,80.0,0.010000000000000002,8,10,0.05889892578125
BPSK,0.0314,0.0628,0.08,48,0.45,0.0,1.0002,80.0,0.010000000000000002,8,10,0.04302644729614258
BPSK,0.0314,0.0628,0.08,48,0.45,0.015,0.9998,80.0,0.010000000000000002,8,10,0.05155491828918457
BPSK,0.0314,0.0628,0.08,48,0.45,0.015,1.0002,70.0,0.015,7,10,0.08696389198303223
BPSK,0.0314,0.1,0.025,16,0.0,-0.015,0.9998,90.0,0.0,9,10,0.05817532539367676
BPSK,0.0314,0.1,0.025,16,0.0,-0.015,1.0002,90.0,0.0,9,10,0.08739900588989258
BPSK,0.0314,0.1,0.025,16,0.0,0.0,0.9998,90.0,0.0,9,10,0.07448554039001465
BPSK,0.0314,0.1,0.025,16,0.0,0.0,1.0002,90.0,0.0,9,10,0.048279762268066406
BPSK,0.0314,0.1,0.025,16,0.0,0.015,0.9998,90.0,0.0,9,10,0.04670381546020508
BPSK,0.0314,0.1,0.025,16,0.0,0.015,1.0002,90.0,0.0,9,10,0.04013967514038086
BPSK,0.0314,0.1,0.025,16,0.2,-0.015,0.9998,90.0,0.005000000000000001,9,10,0.05140209197998047
BPSK,0.0314,0.1,0.025,16,0.2,-0.015,1.0002,90.0,0.005000000000000001,9,10,0.06012701988220215
BPSK,0.0314,0.1,0.025,16,0.2,0.0,0.9998,90.0,0.005000000000000001,9,10,0.048491477966308594
BPSK,0.0314,0.1,0.025,16,0.2,0.0,1.0002,90.0,0.005000000000000001,9,10,0.04825162887573242
BPSK,0.0314,0.1,0.025,16,0.2,0.015,0.9998,90.0,0.005000000000000001,9,10,0.04634904861450195
BPSK,0.0314,0.1,0.025,16,0.2,0.015,1.0002,90.0,0.005000000000000001,9,10,0.03873848915100098
BPSK,0.0314,0.1,0.025,16,0.45,-0.015,0.9998,90.0,0.005000000000000001,9,10,0.043927907943725586
BPSK,0.0314,0.1,0.025,16,0.45,-0.015,1.0002,90.0,0.005000000000000001,9,10,0.05320024490356445
BPSK,0.0314,0.1,0.025,16,0.45,0.0,0.9998,90.0,0.005000000000000001,9,10,0.0452425479888916
BPSK,0.0314,0.1,0.025,16,0.45,0.0,1.0002,90.0,0.005000000000000001,9,10,0.04122662544250488
BPSK,0.0314,0.1,0.025,16,0.45,0.015,0.9998,90.0,0.005000000000000001,9,10,0.04653525352478027
BPSK,0.0314,0.1,0.025,16,0.45,0.015,1.0002,90.0,0.005000000000000001,9,10,0.042101144790649414
BPSK,0.0314,0.1,0.025,32,0.0,-0.015,0.9998,90.0,0.0,9,10,0.05563950538635254
BPSK,0.0314,0.1,0.025,32,0.0,-0.015,1.0002,90.0,0.0,9,10,0.046949148178100586
BPSK,0.0314,0.1,0.025,32,0.0,0.0,0.9998,90.0,0.0,9,10,0.05226325988769531
BPSK,0.0314,0.1,0.025,32,0.0,0.0,1.0002,90.0,0.0,9,10,0.05498933792114258
BPSK,0.0314,0.1,0.025,32,0.0,0.015,0.9998,90.0,0.0,9,10,0.06191849708557129
BPSK,0.0314,0.1,0.025,32,0.0,0.015,1.0002,90.0,0.0,9,10,0.0769200325012207
BPSK,0.0314,0.1,0.025,32,0.2,-0.015,0.9998,90.0,0.005000000000000001,9,10,0.05539584159851074
BPSK,0.0314,0.1,0.025,32,0.2,-0.015,1.0002,90.0,0.005000000000000001,9,10,0.05077862739562988
BPSK,0.0314,0.1,0.025,32,0.2,0.0,0.9998,90.0,0.005000000000000001,9,10,0.05464053153991699
BPSK,0.0314,0.1,0.025,32,0.2,0.0,1.0002,90.0,0.005000000000000001,9,10,0.04472994804382324
BPSK,0.0314,0.1,0.025,32,0.2,0.015,0.9998,90.0,0.005000000000000001,9,10,0.045142173767089844
BPSK,0.0314,0.1,0.025,32,0.2,0.015,1.0002,90.0,0.005000000000000001,9,10,0.044554710388183594
BPSK,0.0314,0.1,0.025,32,0.45,-0.015,0.9998,90.0,0.005000000000000001,9,10,0.048021554946899414
BPSK,0.0314,0.1,0.025,32,0.45,-0.015,1.0002,90.0,0.005000000000000001,9,10,0.050553083419799805
BPSK,0.0314,0.1,0.025,32,0.45,0.0,0.9998,90.0,0.005000000000000001,9,10,0.05626797676086426
BPSK,0.0314,0.1,0.025,32,0.45,0.0,1.0002,90.0,0.005000000000000001,9,10,0.06374073028564453
BPSK,0.0314,0.1,0.025,32,0.45,0.015,0.9998,90.0,0.005000000000000001,9,10,0.05221223831176758
BPSK,0.0314,0.1,0.025,32,0.45,0.015,1.0002,90.0,0.005000000000000001,9,10,0.04827380180358887
BPSK,0.0314,0.1,0.025,48,0.0,-0.015,0.9998,90.0,0.0,9,10,0.05104804039001465
BPSK,0.0314,0.1,0.025,48,0.0,-0.015,1.0002,90.0,0.0,9,10,0.04179716110229492
BPSK,0.0314,0.1,0.025,48,0.0,0.0,0.9998,90.0,0.0,9,10,0.05292820930480957
BPSK,0.0314,0.1,0.025,48,0.0,0.0,1.0002,90.0,0.0,9,10,0.06402587890625
BPSK,0.0314,0.1,0.025,48,0.0,0.015,0.9998,90.0,0.0,9,10,0.05576157569885254
BPSK,0.0314,0.1,0.025,48,0.0,0.015,1.0002,90.0,0.0,9,10,0.049668073654174805
BPSK,0.0314,0.1,0.025,48,0.2,-0.015,0.9998,90.0,0.005000000000000001,9,10,0.04114484786987305
BPSK,0.0314,0.1,0.025,48,0.2,-0.015,1.0002,90.0,0.005000000000000001,9,10,0.047551870346069336
BPSK,0.0314,0.1,0.025,48,0.2,0.0,0.9998,90.0,0.005000000000000001,9,10,0.0509181022644043
BPSK,0.0314,0.1,0.025,48,0.2,0.0,1.0002,90.0,0.005000000000000001,9,10,0.0416867733001709
BPSK,0.0314,0.1,0.025,48,0.2,0.015,0.9998,90.0,0.005000000000000001,9,10,0.04931640625
BPSK,0.0314,0.1,0.025,48,0.2,0.015,1.0002,90.0,0.005000000000000001,9,10,0.03816485404968262
BPSK,0.0314,0.1,0.025,48,0.45,-0.015,0.9998,90.0,0.005000000000000001,9,10,0.053604841232299805
BPSK,0.0314,0.1,0.025,48,0.45,-0.015,1.0002,90.0,0.005000000000000001,9,10,0.055145263671875
BPSK,0.0314,0.1,0.025,48,0.45,0.0,0.9998,90.0,0.005000000000000001,9,10,0.07183313369750977
BPSK,0.0314,0.1,0.025,48,0.45,0.0,1.0002,90.0,0.005000000000000001,9,10,0.0456082820892334
BPSK,0.0314,0.1,0.025,48,0.45,0.015,0.9998,90.0,0.005000000000000001,9,10,0.05032491683959961
BPSK,0.0314,0.1,0.025,48,0.45,0.015,1.0002,90.0,0.005000000000000001,9,10,0.07253885269165039
BPSK,0.0314,0.1,0.045,16,0.0,-0.015,0.9998,90.0,0.0,9,10,0.03857994079589844
BPSK,0.0314,0.1,0.045,16,0.0,-0.015,1.0002,90.0,0.0,9,10,0.03444385528564453
BPSK,0.0314,0.1,0.045,16,0.0,0.0,0.9998,90.0,0.0,9,10,0.05671501159667969
BPSK,0.0314,0.1,0.045,16,0.0,0.0,1.0002,90.0,0.0,9,10,0.04064488410949707
BPSK,0.0314,0.1,0.045,16,0.0,0.015,0.9998,90.0,0.0,9,10,0.0431976318359375
BPSK,0.0314,0.1,0.045,16,0.0,0.015,1.0002,90.0,0.0,9,10,0.05838656425476074
BPSK,0.0314,0.1,0.045,16,0.2,-0.015,0.9998,90.0,0.005000000000000001,9,10,0.05425572395324707
BPSK,0.0314,0.1,0.045,16,0.2,-0.015,1.0002,90.0,0.005000000000000001,9,10,0.03913307189941406
BPSK,0.0314,0.1,0.045,16,0.2,0.0,0.9998,90.0,0.005000000000000001,9,10,0.04249286651611328
BPSK,0.0314,0.1,0.045,16,0.2,0.0,1.0002,90.0,0.005000000000000001,9,10,0.055129051208496094
BPSK,0.0314,0.1,0.045,16,0.2,0.015,0.9998,90.0,0.005000000000000001,9,10,0.04519963264465332
BPSK,0.0314,0.1,0.045,16,0.2,0.015,1.0002,90.0,0.005000000000000001,9,10,0.05240821838378906
BPSK,0.0314,0.1,0.045,16,0.45,-0.015,0.9998,90.0,0.005000000000000001,9,10,0.05117917060852051
BPSK,0.0314,0.1,0.045,16,0.45,-0.015,1.0002,90.0,0.005000000000000001,9,10,0.05034351348876953
BPSK,0.0314,0.1,0.045,16,0.45,0.0,0.9998,90.0,0.005000000000000001,9,10,0.04366254806518555
BPSK,0.0314,0.1,0.045,16,0.45,0.0,1.0002,90.0,0.005000000000000001,9,10,0.04618525505065918
BPSK,0.0314,0.1,0.045,16,0.45,0.015,0.9998,90.0,0.005000000000000001,9,10,0.03973054885864258
BPSK,0.0314,0.1,0.045,16,0.45,0.015,1.0002,90.0,0.005000000000000001,9,10,0.04459786415100098
BPSK,0.0314,0.1,0.045,32,0.0,-0.015,0.9998,90.0,0.0,9,10,0.04455447196960449
BPSK,0.0314,0.1,0.045,32,0.0,-0.015,1.0002,90.0,0.0,9,10,0.04697418212890625
BPSK,0.0314,0.1,0.045,32,0.0,0.0,0.9998,90.0,0.0,9,10,0.04447817802429199
BPSK,0.0314,0.1,0.045,32,0.0,0.0,1.0002,90.0,0.0,9,10,0.04920601844787598
BPSK,0.0314,0.1,0.045,32,0.0,0.015,0.9998,90.0,0.0,9,10,0.06235456466674805
BPSK,0.0314,0.1,0.045,32,0.0,0.015,1.0002,90.0,0.0,9,10,0.058611392974853516
BPSK,0.0314,0.1,0.045,32,0.2,-0.015,0.9998,90.0,0.005000000000000001,9,10,0.0453944206237793
BPSK,0.0314,0.1,0.045,32,0.2,-0.015,1.0002,90.0,0.005000000000000001,9,10,0.05535483360290527
BPSK,0.0314,0.1,0.045,32,0.2,0.0,0.9998,90.0,0.005000000000000001,9,10,0.04205012321472168
BPSK,0.0314,0.1,0.045,32,0.2,0.0,1.0002,90.0,0.005000000000000001,9,10,0.04905343055725098
BPSK,0.0314,0.1,0.045,32,0.2,0.015,0.9998,90.0,0.005000000000000001,9,10,0.05241131782531738
BPSK,0.0314,0.1,0.045,32,0.2,0.015,1.0002,90.0,0.005000000000000001,9,10,0.07042360305786133
BPSK,0.0314,0.1,0.045,32,0.45,-0.015,0.9998,90.0,0.005000000000000001,9,10,0.04555344581604004
BPSK,0.0314,0.1,0.045,32,0.45,-0.015,1.0002,90.0,0.005000000000000001,9,10,0.05390524864196777
BPSK,0.0314,0.1,0.045,32,0.45,0.0,0.9998,80.0,0.010000000000000002,8,10,0.04848170280456543
BPSK,0.0314,0.1,0.045,32,0.45,0.0,1.0002,90.0,0.005000000000000001,9,10,0.06505894660949707
BPSK,0.0314,0.1,0.045,32,0.45,0.015,0.9998,90.0,0.005000000000000001,9,10,0.05183672904968262
BPSK,0.0314,0.1,0.045,32,0.45,0.015,1.0002,90.0,0.005000000000000001,9,10,0.05893301963806152
BPSK,0.0314,0.1,0.045,48,0.0,-0.015,0.9998,90.0,0.0,9,10,0.051996469497680664
BPSK,0.0314,0.1,0.045,48,0.0,-0.015,1.0002,90.0,0.0,9,10,0.06450724601745605
BPSK,0.0314,0.1,0.045,48,0.0,0.0,0.9998,90.0,0.0,9,10,0.08743834495544434
BPSK,0.0314,0.1,0.045,48,0.0,0.0,1.0002,90.0,0.0,9,10,0.04919743537902832
BPSK,0.0314,0.1,0.045,48,0.0,0.015,0.9998,90.0,0.0,9,10,0.052828073501586914
BPSK,0.0314,0.1,0.045,48,0.0,0.015,1.0002,90.0,0.0,9,10,0.04692578315734863
BPSK,0.0314,0.1,0.045,48,0.2,-0.015,0.9998,90.0,0.005000000000000001,9,10,0.07354235649108887
BPSK,0.0314,0.1,0.045,48,0.2,-0.015,1.0002,90.0,0.005000000000000001,9,10,0.05529427528381348
BPSK,0.0314,0.1,0.045,48,0.2,0.0,0.9998,90.0,0.005000000000000001,9,10,0.04743385314941406
BPSK,0.0314,0.1,0.045,48,0.2,0.0,1.0002,90.0,0.005000000000000001,9,10,0.04002499580383301
BPSK,0.0314,0.1,0.045,48,0.2,0.015,0.9998,90.0,0.005000000000000001,9,10,0.05104374885559082
BPSK,0.0314,0.1,0.045,48,0.2,0.015,1.0002,90.0,0.005000000000000001,9,10,0.05476212501525879
BPSK,0.0314,0.1,0.045,48,0.45,-0.015,0.9998,90.0,0.005000000000000001,9,10,0.040592193603515625
BPSK,0.0314,0.1,0.045,48,0.45,-0.015,1.0002,90.0,0.005000000000000001,9,10,0.0451657772064209
BPSK,0.0314,0.1,0.045,48,0.45,0.0,0.9998,80.0,0.010000000000000002,8,10,0.048018455505371094
BPSK,0.0314,0.1,0.045,48,0.45,0.0,1.0002,90.0,0.005000000000000001,9,10,0.05077624320983887
BPSK,0.0314,0.1,0.045,48,0.45,0.015,0.9998,90.0,0.005000000000000001,9,10,0.053699493408203125
BPSK,0.0314,0.1,0.045,48,0.45,0.015,1.0002,90.0,0.005000000000000001,9,10,0.05233645439147949
BPSK,0.0314,0.1,0.08,16,0.0,-0.015,0.9998,90.0,0.0,9,10,0.05040597915649414
BPSK,0.0314,0.1,0.08,16,0.0,-0.015,1.0002,90.0,0.0,9,10,0.051991939544677734
BPSK,0.0314,0.1,0.08,16,0.0,0.0,0.9998,90.0,0.0,9,10,0.06447553634643555
BPSK,0.0314,0.1,0.08,16,0.0,0.0,1.0002,90.0,0.0,9,10,0.06120777130126953
BPSK,0.0314,0.1,0.08,16,0.0,0.015,0.9998,90.0,0.0,9,10,0.08212900161743164
BPSK,0.0314,0.1,0.08,16,0.0,0.015,1.0002,90.0,0.0,9,10,0.053072452545166016
BPSK,0.0314,0.1,0.08,16,0.2,-0.015,0.9998,90.0,0.005000000000000001,9,10,0.058707237243652344
BPSK,0.0314,0.1,0.08,16,0.2,-0.015,1.0002,90.0,0.005000000000000001,9,10,0.060930490493774414
BPSK,0.0314,0.1,0.08,16,0.2,0.0,0.9998,90.0,0.005000000000000001,9,10,0.05457568168640137
BPSK,0.0314,0.1,0.08,16,0.2,0.0,1.0002,90.0,0.005000000000000001,9,10,0.061283111572265625
BPSK,0.0314,0.1,0.08,16,0.2,0.015,0.9998,90.0,0.005000000000000001,9,10,0.04785752296447754
BPSK,0.0314,0.1,0.08,16,0.2,0.015,1.0002,90.0,0.005000000000000001,9,10,0.037926435470581055
BPSK,0.0314,0.1,0.08,16,0.45,-0.015,0.9998,70.0,0.015,7,10,0.05309891700744629
BPSK,0.0314,0.1,0.08,16,0.45,-0.015,1.0002,90.0,0.005000000000000001,9,10,0.044174909591674805
BPSK,0.0314,0.1,0.08,16,0.45,0.0,0.9998,80.0,0.010000000000000002,8,10,0.043387651443481445
BPSK,0.0314,0.1,0.08,16,0.45,0.0,1.0002,80.0,0.010000000000000002,8,10,0.05613565444946289
BPSK,0.0314,0.1,0.08,16,0.45,0.015,0.9998,90.0,0.005000000000000001,9,10,0.05093646049499512
BPSK,0.0314,0.1,0.08,16,0.45,0.015,1.0002,80.0,0.010000000000000002,8,10,0.04674482345581055
BPSK,0.0314,0.1,0.08,32,0.0,-0.015,0.9998,90.0,0.0,9,10,0.04777956008911133
BPSK,0.0314,0.1,0.08,32,0.0,-0.015,1.0002,90.0,0.0,9,10,0.05341958999633789
BPSK,0.0314,0.1,0.08,32,0.0,0.0,0.9998,90.0,0.0,9,10,0.06302022933959961
BPSK,0.0314,0.1,0.08,32,0.0,0.0,1.0002,90.0,0.0,9,10,0.06147646903991699
BPSK,0.0314,0.1,0.08,32,0.0,0.015,0.9998,90.0,0.0,9,10,0.04638504981994629
BPSK,0.0314,0.1,0.08,32,0.0,0.015,1.0002,90.0,0.0,9,10,0.05434107780456543
BPSK,0.0314,0.1,0.08,32,0.2,-0.015,0.9998,90.0,0.005000000000000001,9,10,0.04898548126220703
BPSK,0.0314,0.1,0.08,32,0.2,-0.015,1.0002,90.0,0.005000000000000001,9,10,0.04754018783569336
BPSK,0.0314,0.1,0.08,32,0.2,0.0,0.9998,80.0,0.010000000000000002,8,10,0.04313969612121582
BPSK,0.0314,0.1,0.08,32,0.2,0.0,1.0002,90.0,0.005000000000000001,9,10,0.0473170280456543
BPSK,0.0314,0.1,0.08,32,0.2,0.015,0.9998,90.0,0.005000000000000001,9,10,0.04848980903625488
BPSK,0.0314,0.1,0.08,32,0.2,0.015,1.0002,90.0,0.005000000000000001,9,10,0.04538321495056152
BPSK,0.0314,0.1,0.08,32,0.45,-0.015,0.9998,90.0,0.005000000000000001,9,10,0.06608152389526367
BPSK,0.0314,0.1,0.08,32,0.45,-0.015,1.0002,80.0,0.010000000000000002,8,10,0.04989147186279297
BPSK,0.0314,0.1,0.08,32,0.45,0.0,0.9998,70.0,0.015,7,10,0.051981210708618164
BPSK,0.0314,0.1,0.08,32,0.45,0.0,1.0002,90.0,0.005000000000000001,9,10,0.05413317680358887
BPSK,0.0314,0.1,0.08,32,0.45,0.015,0.9998,80.0,0.010000000000000002,8,10,0.08108401298522949
BPSK,0.0314,0.1,0.08,32,0.45,0.015,1.0002,90.0,0.005000000000000001,9,10,0.05177164077758789
BPSK,0.0314,0.1,0.08,48,0.0,-0.015,0.9998,90.0,0.0,9,10,0.04920387268066406
BPSK,0.0314,0.1,0.08,48,0.0,-0.015,1.0002,90.0,0.0,9,10,0.0493619441986084
BPSK,0.0314,0.1,0.08,48,0.0,0.0,0.9998,90.0,0.0,9,10,0.04679107666015625
BPSK,0.0314,0.1,0.08,48,0.0,0.0,1.0002,90.0,0.0,9,10,0.05330324172973633
BPSK,0.0314,0.1,0.08,48,0.0,0.015,0.9998,90.0,0.0,9,10,0.05412578582763672
BPSK,0.0314,0.1,0.08,48,0.0,0.015,1.0002,90.0,0.0,9,10,0.04937291145324707
BPSK,0.0314,0.1,0.08,48,0.2,-0.015,0.9998,90.0,0.005000000000000001,9,10,0.049085140228271484
BPSK,0.0314,0.1,0.08,48,0.2,-0.015,1.0002,90.0,0.005000000000000001,9,10,0.0456235408782959
BPSK,0.0314,0.1,0.08,48,0.2,0.0,0.9998,90.0,0.005000000000000001,9,10,0.05138063430786133
BPSK,0.0314,0.1,0.08,48,0.2,0.0,1.0002,90.0,0.005000000000000001,9,10,0.04816246032714844
BPSK,0.0314,0.1,0.08,48,0.2,0.015,0.9998,90.0,0.005000000000000001,9,10,0.04984164237976074
BPSK,0.0314,0.1,0.08,48,0.2,0.015,1.0002,90.0,0.005000000000000001,9,10,0.04158806800842285
BPSK,0.0314,0.1,0.08,48,0.45,-0.015,0.9998,90.0,0.005000000000000001,9,10,0.051088571548461914
BPSK,0.0314,0.1,0.08,48,0.45,-0.015,1.0002,80.0,0.010000000000000002,8,10,0.0531768798828125
BPSK,0.0314,0.1,0.08,48,0.45,0.0,0.9998,80.0,0.010000000000000002,8,10,0.05805826187133789
BPSK,0.0314,0.1,0.08,48,0.45,0.0,1.0002,80.0,0.010000000000000002,8,10,0.0511937141418457
BPSK,0.0314,0.1,0.08,48,0.45,0.015,0.9998,80.0,0.010000000000000002,8,10,0.0493016242980957
BPSK,0.0314,0.1,0.08,48,0.45,0.015,1.0002,70.0,0.015,7,10,0.04581809043884277
BPSK,0.06,0.03,0.025,16,0.0,-0.015,0.9998,90.0,0.0,9,10,0.04279637336730957
BPSK,0.06,0.03,0.025,16,0.0,-0.015,1.0002,90.0,0.0,9,10,0.041495561599731445
BPSK,0.06,0.03,0.025,16,0.0,0.0,0.9998,90.0,0.0,9,10,0.04363584518432617
BPSK,0.06,0.03,0.025,16,0.0,0.0,1.0002,90.0,0.0,9,10,0.04764699935913086
BPSK,0.06,0.03,0.025,16,0.0,0.015,0.9998,90.0,0.0,9,10,0.046367645263671875
BPSK,0.06,0.03,0.025,16,0.0,0.015,1.0002,90.0,0.0,9,10,0.04688715934753418
BPSK,0.06,0.03,0.025,16,0.2,-0.015,0.9998,90.0,0.005000000000000001,9,10,0.0485224723815918
BPSK,0.06,0.03,0.025,16,0.2,-0.015,1.0002,90.0,0.005000000000000001,9,10,0.047367095947265625
BPSK,0.06,0.03,0.025,16,0.2,0.0,0.9998,90.0,0.005000000000000001,9,10,0.04647016525268555
BPSK,0.06,0.03,0.025,16,0.2,0.0,1.0002,90.0,0.005000000000000001,9,10,0.05937027931213379
BPSK,0.06,0.03,0.025,16,0.2,0.015,0.9998,90.0,0.005000000000000001,9,10,0.049672603607177734
BPSK,0.06,0.03,0.025,16,0.2,0.015,1.0002,90.0,0.005000000000000001,9,10,0.052898406982421875
BPSK,0.06,0.03,0.025,16,0.45,-0.015,0.9998,20.0,0.04000000000000001,2,10,0.044591426849365234
BPSK,0.06,0.03,0.025,16,0.45,-0.015,1.0002,0.0,0.05,0,10,0.07088518142700195
BPSK,0.06,0.03,0.025,16,0.45,0.0,0.9998,20.0,0.04000000000000001,2,10,0.053802490234375
BPSK,0.06,0.03,0.025,16,0.45,0.0,1.0002,10.0,0.045000000000000005,1,10,0.03916144371032715
BPSK,0.06,0.03,0.025,16,0.45,0.015,0.9998,10.0,0.045000000000000005,1,10,0.044738054275512695
BPSK,0.06,0.03,0.025,16,0.45,0.015,1.0002,10.0,0.045000000000000005,1,10,0.04489493370056152
BPSK,0.06,0.03,0.025,32,0.0,-0.015,0.9998,90.0,0.0,9,10,0.04576826095581055
BPSK,0.06,0.03,0.025,32,0.0,-0.015,1.0002,90.0,0.0,9,10,0.049520254135131836
BPSK,0.06,0.03,0.025,32,0.0,0.0,0.9998,90.0,0.0,9,10,0.059331655502319336
BPSK,0.06,0.03,0.025,32,0.0,0.0,1.0002,90.0,0.0,9,10,0.04541134834289551
BPSK,0.06,0.03,0.025,32,0.0,0.015,0.9998,90.0,0.0,9,10,0.055242061614990234
BPSK,0.06,0.03,0.025,32,0.0,0.015,1.0002,90.0,0.0,9,10,0.062084197998046875
BPSK,0.06,0.03,0.025,32,0.2,-0.015,0.9998,90.0,0.005000000000000001,9,10,0.06226658821105957
BPSK,0.06,0.03,0.025,32,0.2,-0.015,1.0002,90.0,0.005000000000000001,9,10,0.0825190544128418
BPSK,0.06,0.03,0.025,32,0.2,0.0,0.9998,90.0,0.005000000000000001,9,10,0.05560493469238281
BPSK,0.06,0.03,0.025,32,0.2,0.0,1.0002,90.0,0.005000000000000001,9,10,0.05261707305908203
BPSK,0.06,0.03,0.025,32,0.2,0.015,0.9998,80.0,0.010000000000000002,8,10,0.039130210876464844
BPSK,0.06,0.03,0.025,32,0.2,0.015,1.0002,90.0,0.005000000000000001,9,10,0.0435328483581543
BPSK,0.06,0.03,0.025,32,0.45,-0.015,0.9998,0.0,0.05,0,10,0.04714846611022949
BPSK,0.06,0.03,0.025,32,0.45,-0.015,1.0002,0.0,0.05,0,10,0.05314922332763672
BPSK,0.06,0.03,0.025,32,0.45,0.0,0.9998,10.0,0.045000000000000005,1,10,0.05058646202087402
BPSK,0.06,0.03,0.025,32,0.45,0.0,1.0002,0.0,0.05,0,10,0.04422426223754883
BPSK,0.06,0.03,0.025,32,0.45,0.015,0.9998,0.0,0.05,0,10,0.05838775634765625
BPSK,0.06,0.03,0.025,32,0.45,0.015,1.0002,0.0,0.05,0,10,0.04945564270019531
BPSK,0.06,0.03,0.025,48,0.0,-0.015,0.9998,90.0,0.0,9,10,0.05003762245178223
BPSK,0.06,0.03,0.025,48,0.0,-0.015,1.0002,90.0,0.0,9,10,0.06072545051574707
BPSK,0.06,0.03,0.025,48,0.0,0.0,0.9998,90.0,0.0,9,10,0.055667877197265625
BPSK,0.06,0.03,0.025,48,0.0,0.0,1.0002,90.0,0.0,9,10,0.045461177825927734
BPSK,0.06,0.03,0.025,48,0.0,0.015,0.9998,90.0,0.0,9,10,0.04065895080566406
BPSK,0.06,0.03,0.025,48,0.0,0.015,1.0002,90.0,0.0,9,10,0.06054973602294922
BPSK,0.06,0.03,0.025,48,0.2,-0.015,0.9998,90.0,0.005000000000000001,9,10,0.06789302825927734
BPSK,0.06,0.03,0.025,48,0.2,-0.015,1.0002,90.0,0.005000000000000001,9,10,0.054019927978515625
BPSK,0.06,0.03,0.025,48,0.2,0.0,0.9998,90.0,0.005000000000000001,9,10,0.0522456169128418
BPSK,0.06,0.03,0.025,48,0.2,0.0,1.0002,90.0,0.005000000000000001,9,10,0.06631946563720703
BPSK,0.06,0.03,0.025,48,0.2,0.015,0.9998,90.0,0.005000000000000001,9,10,0.06145310401916504
BPSK,0.06,0.03,0.025,48,0.2,0.015,1.0002,90.0,0.005000000000000001,9,10,0.0513458251953125
BPSK,0.06,0.03,0.025,48,0.45,-0.015,0.9998,10.0,0.045000000000000005,1,10,0.051056861877441406
BPSK,0.06,0.03,0.025,48,0.45,-0.015,1.0002,0.0,0.05,0,10,0.06860184669494629
BPSK,0.06,0.03,0.025,48,0.45,0.0,0.9998,0.0,0.05,0,10,0.04847550392150879
BPSK,0.06,0.03,0.025,48,0.45,0.0,1.0002,0.0,0.05,0,10,0.05617475509643555
BPSK,0.06,0.03,0.025,48,0.45,0.015,0.9998,0.0,0.05,0,10,0.056134700775146484
BPSK,0.06,0.03,0.025,48,0.45,0.015,1.0002,10.0,0.045000000000000005,1,10,0.054299354553222656
BPSK,0.06,0.03,0.045,16,0.0,-0.015,0.9998,90.0,0.0,9,10,0.05211758613586426
BPSK,0.06,0.03,0.045,16,0.0,-0.015,1.0002,90.0,0.0,9,10,0.042362213134765625
BPSK,0.06,0.03,0.045,16,0.0,0.0,0.9998,90.0,0.0,9,10,0.04099702835083008
BPSK,0.06,0.03,0.045,16,0.0,0.0,1.0002,90.0,0.0,9,10,0.0360867977142334
BPSK,0.06,0.03,0.045,16,0.0,0.015,0.9998,90.0,0.0,9,10,0.049346208572387695
BPSK,0.06,0.03,0.045,16,0.0,0.015,1.0002,90.0,0.0,9,10,0.03666949272155762
BPSK,0.06,0.03,0.045,16,0.2,-0.015,0.9998,90.0,0.005000000000000001,9,10,0.049051523208618164
BPSK,0.06,0.03,0.045,16,0.2,-0.015,1.0002,90.0,0.005000000000000001,9,10,0.04195880889892578
BPSK,0.06,0.03,0.045,16,0.2,0.0,0.9998,90.0,0.005000000000000001,9,10,0.043938398361206055
BPSK,0.06,0.03,0.045,16,0.2,0.0,1.0002,90.0,0.005000000000000001,9,10,0.05105757713317871
BPSK,0.06,0.03,0.045,16,0.2,0.015,0.9998,90.0,0.005000000000000001,9,10,0.046146392822265625
BPSK,0.06,0.03,0.045,16,0.2,0.015,1.0002,90.0,0.005000000000000001,9,10,0.0575709342956543
BPSK,0.06,0.03,0.045,16,0.45,-0.015,0.9998,20.0,0.04000000000000001,2,10,0.054811954498291016
BPSK,0.06,0.03,0.045,16,0.45,-0.015,1.0002,0.0,0.05,0,10,0.055945396423339844
BPSK,0.06,0.03,0.045,16,0.45,0.0,0.9998,20.0,0.04000000000000001,2,10,0.042649269104003906
BPSK,0.06,0.03,0.045,16,0.45,0.0,1.0002,10.0,0.045000000000000005,1,10,0.042937517166137695
BPSK,0.06,0.03,0.045,16,0.45,0.015,0.9998,10.0,0.045000000000000005,1,10,0.042844533920288086
BPSK,0.06,0.03,0.045,16,0.45,0.015,1.0002,10.0,0.045000000000000005,1,10,0.04977059364318848
BPSK,0.06,0.03,0.045,32,0.0,-0.015,0.9998,90.0,0.0,9,10,0.09279012680053711
BPSK,0.06,0.03,0.045,32,0.0,-0.015,1.0002,90.0,0.0,9,10,0.052428245544433594
BPSK,0.06,0.03,0.045,32,0.0,0.0,0.9998,90.0,0.0,9,10,0.05154299736022949
BPSK,0.06,0.03,0.045,32,0.0,0.0,1.0002,90.0,0.0,9,10,0.04823803901672363
BPSK,0.06,0.03,0.045,32,0.0,0.015,0.9998,90.0,0.0,9,10,0.0424501895904541
BPSK,0.06,0.03,0.045,32,0.0,0.015,1.0002,90.0,0.0,9,10,0.049988746643066406
BPSK,0.06,0.03,0.045,32,0.2,-0.015,0.9998,90.0,0.005000000000000001,9,10,0.03662753105163574
BPSK,0.06,0.03,0.045,32,0.2,-0.015,1.0002,90.0,0.005000000000000001,9,10,0.04774761199951172
BPSK,0.06,0.03,0.045,32,0.2,0.0,0.9998,90.0,0.005000000000000001,9,10,0.059886932373046875
BPSK,0.06,0.03,0.045,32,0.2,0.0,1.0002,90.0,0.005000000000000001,9,10,0.057539939880371094
BPSK,0.06,0.03,0.045,32,0.2,0.015,0.9998,80.0,0.010000000000000002,8,10,0.05183982849121094
BPSK,0.06,0.03,0.045,32,0.2,0.015,1.0002,90.0,0.005000000000000001,9,10,0.05350780487060547
BPSK,0.06,0.03,0.045,32,0.45,-0.015,0.9998,0.0,0.05,0,10,0.042029380798339844
BPSK,0.06,0.03,0.045,32,0.45,-0.015,1.0002,0.0,0.05,0,10,0.06278800964355469
BPSK,0.06,0.03,0.045,32,0.45,0.0,0.9998,10.0,0.045000000000000005,1,10,0.04640984535217285
BPSK,0.06,0.03,0.045,32,0.45,0.0,1.0002,0.0,0.05,0,10,0.05912327766418457
BPSK,0.06,0.03,0.045,32,0.45,0.015,0.9998,0.0,0.05,0,10,0.04509687423706055
BPSK,0.06,0.03,0.045,32,0.45,0.015,1.0002,0.0,0.05,0,10,0.04546546936035156
BPSK,0.06,0.03,0.045,48,0.0,-0.015,0.9998,90.0,0.0,9,10,0.05149531364440918
BPSK,0.06,0.03,0.045,48,0.0,-0.015,1.0002,90.0,0.0,9,10,0.04774880409240723
BPSK,0.06,0.03,0.045,48,0.0,0.0,0.9998,90.0,0.0,9,10,0.047202348709106445
BPSK,0.06,0.03,0.045,48,0.0,0.0,1.0002,90.0,0.0,9,10,0.05071735382080078
BPSK,0.06,0.03,0.045,48,0.0,0.015,0.9998,90.0,0.0,9,10,0.046593427658081055
BPSK,0.06,0.03,0.045,48,0.0,0.015,1.0002,90.0,0.0,9,10,0.040875911712646484
BPSK,0.06,0.03,0.045,48,0.2,-0.015,0.9998,90.0,0.005000000000000001,9,10,0.04328656196594238
BPSK,0.06,0.03,0.045,48,0.2,-0.015,1.0002,90.0,0.005000000000000001,9,10,0.050153493881225586
BPSK,0.06,0.03,0.045,48,0.2,0.0,0.9998,90.0,0.005000000000000001,9,10,0.04766130447387695
BPSK,0.06,0.03,0.045,48,0.2,0.0,1.0002,90.0,0.005000000000000001,9,10,0.04985308647155762
BPSK,0.06,0.03,0.045,48,0.2,0.015,0.9998,90.0,0.005000000000000001,9,10,0.04945850372314453
BPSK,0.06,0.03,0.045,48,0.2,0.015,1.0002,90.0,0.005000000000000001,9,10,0.05622076988220215
BPSK,0.06,0.03,0.045,48,0.45,-0.015,0.9998,10.0,0.045000000000000005,1,10,0.053971290588378906
BPSK,0.06,0.03,0.045,48,0.45,-0.015,1.0002,0.0,0.05,0,10,0.054761648178100586
BPSK,0.06,0.03,0.045,48,0.45,0.0,0.9998,0.0,0.05,0,10,0.03952336311340332
BPSK,0.06,0.03,0.045,48,0.45,0.0,1.0002,0.0,0.05,0,10,0.0699160099029541
BPSK,0.06,0.03,0.045,48,0.45,0.015,0.9998,0.0,0.05,0,10,0.07279348373413086
BPSK,0.06,0.03,0.045,48,0.45,0.015,1.0002,10.0,0.045000000000000005,1,10,0.05054426193237305
BPSK,0.06,0.03,0.08,16,0.0,-0.015,0.9998,90.0,0.0,9,10,0.03671669960021973
BPSK,0.06,0.03,0.08,16,0.0,-0.015,1.0002,90.0,0.0,9,10,0.04610085487365723
BPSK,0.06,0.03,0.08,16,0.0,0.0,0.9998,90.0,0.0,9,10,0.05410122871398926
BPSK,0.06,0.03,0.08,16,0.0,0.0,1.0002,90.0,0.0,9,10,0.044054508209228516
BPSK,0.06,0.03,0.08,16,0.0,0.015,0.9998,90.0,0.0,9,10,0.05955767631530762
BPSK,0.06,0.03,0.08,16,0.0,0.015,1.0002,90.0,0.0,9,10,0.06452822685241699
BPSK,0.06,0.03,0.08,16,0.2,-0.015,0.9998,90.0,0.005000000000000001,9,10,0.05431795120239258
BPSK,0.06,0.03,0.08,16,0.2,-0.015,1.0002,90.0,0.005000000000000001,9,10,0.067169189453125
BPSK,0.06,0.03,0.08,16,0.2,0.0,0.9998,90.0,0.005000000000000001,9,10,0.09023141860961914
BPSK,0.06,0.03,0.08,16,0.2,0.0,1.0002,90.0,0.005000000000000001,9,10,0.05232691764831543
BPSK,0.06,0.03,0.08,16,0.2,0.015,0.9998,90.0,0.005000000000000001,9,10,0.04082465171813965
BPSK,0.06,0.03,0.08,16,0.2,0.015,1.0002,90.0,0.005000000000000001,9,10,0.0556488037109375
BPSK,0.06,0.03,0.08,16,0.45,-0.015,0.9998,20.0,0.04000000000000001,2,10,0.04181814193725586
BPSK,0.06,0.03,0.08,16,0.45,-0.015,1.0002,0.0,0.05,0,10,0.04521775245666504
BPSK,0.06,0.03,0.08,16,0.45,0.0,0.9998,20.0,0.04000000000000001,2,10,0.04064464569091797
BPSK,0.06,0.03,0.08,16,0.45,0.0,1.0002,10.0,0.045000000000000005,1,10,0.053877830505371094
BPSK,0.06,0.03,0.08,16,0.45,0.015,0.9998,10.0,0.045000000000000005,1,10,0.060513973236083984
BPSK,0.06,0.03,0.08,16,0.45,0.015,1.0002,10.0,0.045000000000000005,1,10,0.046683549880981445
BPSK,0.06,0.03,0.08,32,0.0,-0.015,0.9998,90.0,0.0,9,10,0.052323341369628906
BPSK,0.06,0.03,0.08,32,0.0,-0.015,1.0002,90.0,0.0,9,10,0.06104397773742676
BPSK,0.06,0.03,0.08,32,0.0,0.0,0.9998,90.0,0.0,9,10,0.04074525833129883
BPSK,0.06,0.03,0.08,32,0.0,0.0,1.0002,90.0,0.0,9,10,0.04388856887817383
BPSK,0.06,0.03,0.08,32,0.0,0.015,0.9998,90.0,0.0,9,10,0.05728030204772949
BPSK,0.06,0.03,0.08,32,0.0,0.015,1.0002,90.0,0.0,9,10,0.05191206932067871
BPSK,0.06,0.03,0.08,32,0.2,-0.015,0.9998,90.0,0.005000000000000001,9,10,0.031249046325683594
BPSK,0.06,0.03,0.08,32,0.2,-0.015,1.0002,90.0,0.005000000000000001,9,10,0.0627896785736084
BPSK,0.06,0.03,0.08,32,0.2,0.0,0.9998,90.0,0.005000000000000001,9,10,0.05145692825317383
BPSK,0.06,0.03,0.08,32,0.2,0.0,1.0002,90.0,0.005000000000000001,9,10,0.061783790588378906
BPSK,0.06,0.03,0.08,32,0.2,0.015,0.9998,80.0,0.010000000000000002,8,10,0.05371236801147461
BPSK,0.06,0.03,0.08,32,0.2,0.015,1.0002,90.0,0.005000000000000001,9,10,0.066162109375
BPSK,0.06,0.03,0.08,32,0.45,-0.015,0.9998,0.0,0.05,0,10,0.052773237228393555
BPSK,0.06,0.03,0.08,32,0.45,-0.015,1.0002,0.0,0.05,0,10,0.039997100830078125
BPSK,0.06,0.03,0.08,32,0.45,0.0,0.9998,10.0,0.045000000000000005,1,10,0.06959962844848633
BPSK,0.06,0.03,0.08,32,0.45,0.0,1.0002,0.0,0.05,0,10,0.04845023155212402
BPSK,0.06,0.03,0.08,32,0.45,0.015,0.9998,0.0,0.05,0,10,0.04465007781982422
BPSK,0.06,0.03,0.08,32,0.45,0.015,1.0002,0.0,0.05,0,10,0.05233955383300781
BPSK,0.06,0.03,0.08,48,0.0,-0.015,0.9998,90.0,0.0,9,10,0.051232099533081055
BPSK,0.06,0.03,0.08,48,0.0,-0.015,1.0002,90.0,0.0,9,10,0.05627846717834473
BPSK,0.06,0.03,0.08,48,0.0,0.0,0.9998,90.0,0.0,9,10,0.045516014099121094
BPSK,0.06,0.03,0.08,48,0.0,0.0,1.0002,90.0,0.0,9,10,0.05754804611206055
BPSK,0.06,0.03,0.08,48,0.0,0.015,0.9998,90.0,0.0,9,10,0.05056476593017578
BPSK,0.06,0.03,0.08,48,0.0,0.015,1.0002,90.0,0.0,9,10,0.05141806602478027
BPSK,0.06,0.03,0.08,48,0.2,-0.015,0.9998,90.0,0.005000000000000001,9,10,0.04006052017211914
BPSK,0.06,0.03,0.08,48,0.2,-0.015,1.0002,90.0,0.005000000000000001,9,10,0.04808402061462402
BPSK,0.06,0.03,0.08,48,0.2,0.0,0.9998,90.0,0.005000000000000001,9,10,0.03829479217529297
BPSK,0.06,0.03,0.08,48,0.2,0.0,1.0002,90.0,0.005000000000000001,9,10,0.05268740653991699
BPSK,0.06,0.03,0.08,48,0.2,0.015,0.9998,90.0,0.005000000000000001,9,10,0.05816030502319336
BPSK,0.06,0.03,0.08,48,0.2,0.015,1.0002,90.0,0.005000000000000001,9,10,0.04614877700805664
BPSK,0.06,0.03,0.08,48,0.45,-0.015,0.9998,10.0,0.045000000000000005,1,10,0.05253171920776367
BPSK,0.06,0.03,0.08,48,0.45,-0.015,1.0002,0.0,0.05,0,10,0.04857063293457031
BPSK,0.06,0.03,0.08,48,0.45,0.0,0.9998,0.0,0.05,0,10,0.047350168228149414
BPSK,0.06,0.03,0.08,48,0.45,0.0,1.0002,0.0,0.05,0,10,0.04591822624206543
BPSK,0.06,0.03,0.08,48,0.45,0.015,0.9998,0.0,0.05,0,10,0.05361676216125488
BPSK,0.06,0.03,0.08,48,0.45,0.015,1.0002,10.0,0.045000000000000005,1,10,0.05368661880493164
BPSK,0.06,0.0628,0.025,16,0.0,-0.015,0.9998,90.0,0.0,9,10,0.04975533485412598
BPSK,0.06,0.0628,0.025,16,0.0,-0.015,1.0002,90.0,0.0,9,10,0.04201936721801758
BPSK,0.06,0.0628,0.025,16,0.0,0.0,0.9998,90.0,0.0,9,10,0.0685417652130127
BPSK,0.06,0.0628,0.025,16,0.0,0.0,1.0002,90.0,0.0,9,10,0.04508519172668457
BPSK,0.06,0.0628,0.025,16,0.0,0.015,0.9998,90.0,0.0,9,10,0.04208040237426758
BPSK,0.06,0.0628,0.025,16,0.0,0.015,1.0002,90.0,0.0,9,10,0.04727768898010254
BPSK,0.06,0.0628,0.025,16,0.2,-0.015,0.9998,90.0,0.005000000000000001,9,10,0.0417635440826416
BPSK,0.06,0.0628,0.025,16,0.2,-0.015,1.0002,90.0,0.005000000000000001,9,10,0.05330157279968262
BPSK,0.06,0.0628,0.025,16,0.2,0.0,0.9998,90.0,0.005000000000000001,9,10,0.04192042350769043
BPSK,0.06,0.0628,0.025,16,0.2,0.0,1.0002,90.0,0.005000000000000001,9,10,0.03685784339904785
BPSK,0.06,0.0628,0.025,16,0.2,0.015,0.9998,90.0,0.005000000000000001,9,10,0.03534865379333496
BPSK,0.06,0.0628,0.025,16,0.2,0.015,1.0002,90.0,0.005000000000000001,9,10,0.05984234809875488
BPSK,0.06,0.0628,0.025,16,0.45,-0.015,0.9998,90.0,0.005000000000000001,9,10,0.0439610481262207
BPSK,0.06,0.0628,0.025,16,0.45,-0.015,1.0002,80.0,0.010000000000000002,8,10,0.04644918441772461
BPSK,0.06,0.0628,0.025,16,0.45,0.0,0.9998,90.0,0.005000000000000001,9,10,0.04283261299133301
BPSK,0.06,0.0628,0.025,16,0.45,0.0,1.0002,80.0,0.010000000000000002,8,10,0.05212140083312988
BPSK,0.06,0.0628,0.025,16,0.45,0.015,0.9998,90.0,0.005000000000000001,9,10,0.05939030647277832
BPSK,0.06,0.0628,0.025,16,0.45,0.015,1.0002,90.0,0.005000000000000001,9,10,0.05571293830871582
BPSK,0.06,0.0628,0.025,32,0.0,-0.015,0.9998,90.0,0.0,9,10,0.04265594482421875
BPSK,0.06,0.0628,0.025,32,0.0,-0.015,1.0002,90.0,0.0,9,10,0.03744626045227051
BPSK,0.06,0.0628,0.025,32,0.0,0.0,0.9998,90.0,0.0,9,10,0.05179095268249512
BPSK,0.06,0.0628,0.025,32,0.0,0.0,1.0002,90.0,0.0,9,10,0.04887080192565918
BPSK,0.06,0.0628,0.025,32,0.0,0.015,0.9998,90.0,0.0,9,10,0.05290055274963379
BPSK,0.06,0.0628,0.025,32,0.0,0.015,1.0002,90.0,0.0,9,10,0.051110029220581055
BPSK,0.06,0.0628,0.025,32,0.2,-0.015,0.9998,90.0,0.005000000000000001,9,10,0.04774808883666992
BPSK,0.06,0.0628,0.025,32,0.2,-0.015,1.0002,90.0,0.005000000000000001,9,10,0.04707169532775879
BPSK,0.06,0.0628,0.025,32,0.2,0.0,0.9998,90.0,0.005000000000000001,9,10,0.05899858474731445
BPSK,0.06,0.0628,0.025,32,0.2,0.0,1.0002,90.0,0.005000000000000001,9,10,0.05523180961608887
BPSK,0.06,0.0628,0.025,32,0.2,0.015,0.9998,90.0,0.005000000000000001,9,10,0.04724240303039551
BPSK,0.06,0.0628,0.025,32,0.2,0.015,1.0002,90.0,0.005000000000000001,9,10,0.04763150215148926
BPSK,0.06,0.0628,0.025,32,0.45,-0.015,0.9998,80.0,0.010000000000000002,8,10,0.056339263916015625
BPSK,0.06,0.0628,0.025,32,0.45,-0.015,1.0002,60.0,0.020000000000000004,6,10,0.04753875732421875
BPSK,0.06,0.0628,0.025,32,0.45,0.0,0.9998,90.0,0.005000000000000001,9,10,0.04620480537414551
BPSK,0.06,0.0628,0.025,32,0.45,0.0,1.0002,80.0,0.010000000000000002,8,10,0.029946327209472656
BPSK,0.06,0.0628,0.025,32,0.45,0.015,0.9998,70.0,0.015,7,10,0.05414724349975586
BPSK,0.06,0.0628,0.025,32,0.45,0.015,1.0002,80.0,0.010000000000000002,8,10,0.07379651069641113
BPSK,0.06,0.0628,0.025,48,0.0,-0.015,0.9998,90.0,0.0,9,10,0.05083894729614258
BPSK,0.06,0.0628,0.025,48,0.0,-0.015,1.0002,90.0,0.0,9,10,0.048952341079711914
BPSK,0.06,0.0628,0.025,48,0.0,0.0,0.9998,90.0,0.0,9,10,0.04521012306213379
BPSK,0.06,0.0628,0.025,48,0.0,0.0,1.0002,90.0,0.0,9,10,0.05403447151184082
BPSK,0.06,0.0628,0.025,48,0.0,0.015,0.9998,90.0,0.0,9,10,0.05312061309814453
BPSK,0.06,0.0628,0.025,48,0.0,0.015,1.0002,90.0,0.0,9,10,0.05103707313537598
BPSK,0.06,0.0628,0.025,48,0.2,-0.015,0.9998,90.0,0.005000000000000001,9,10,0.0616610050201416
BPSK,0.06,0.0628,0.025,48,0.2,-0.015,1.0002,90.0,0.005000000000000001,9,10,0.09622764587402344
BPSK,0.06,0.0628,0.025,48,0.2,0.0,0.9998,90.0,0.005000000000000001,9,10,0.06379294395446777
BPSK,0.06,0.0628,0.025,48,0.2,0.0,1.0002,90.0,0.005000000000000001,9,10,0.06027674674987793
BPSK,0.06,0.0628,0.025,48,0.2,0.015,0.9998,90.0,0.005000000000000001,9,10,0.05809450149536133
BPSK,0.06,0.0628,0.025,48,0.2,0.015,1.0002,90.0,0.005000000000000001,9,10,0.06923913955688477
BPSK,0.06,0.0628,0.025,48,0.45,-0.015,0.9998,90.0,0.005000000000000001,9,10,0.05353260040283203
BPSK,0.06,0.0628,0.025,48,0.45,-0.015,1.0002,80.0,0.010000000000000002,8,10,0.06738591194152832
BPSK,0.06,0.0628,0.025,48,0.45,0.0,0.9998,90.0,0.005000000000000001,9,10,0.05643749237060547
BPSK,0.06,0.0628,0.025,48,0.45,0.0,1.0002,90.0,0.005000000000000001,9,10,0.0580899715423584
BPSK,0.06,0.0628,0.025,48,0.45,0.015,0.9998,90.0,0.005000000000000001,9,10,0.04921841621398926
BPSK,0.06,0.0628,0.025,48,0.45,0.015,1.0002,90.0,0.005000000000000001,9,10,0.04757094383239746
BPSK,0.06,0.0628,0.045,16,0.0,-0.015,0.9998,90.0,0.0,9,10,0.04770541191101074
BPSK,0.06,0.0628,0.045,16,0.0,-0.015,1.0002,90.0,0.0,9,10,0.042989253997802734
BPSK,0.06,0.0628,0.045,16,0.0,0.0,0.9998,90.0,0.0,9,10,0.04453587532043457
BPSK,0.06,0.0628,0.045,16,0.0,0.0,1.0002,90.0,0.0,9,10,0.05520153045654297
BPSK,0.06,0.0628,0.045,16,0.0,0.015,0.9998,90.0,0.0,9,10,0.04972100257873535
BPSK,0.06,0.0628,0.045,16,0.0,0.015,1.0002,90.0,0.0,9,10,0.04990434646606445
BPSK,0.06,0.0628,0.045,16,0.2,-0.015,0.9998,90.0,0.005000000000000001,9,10,0.049698591232299805
BPSK,0.06,0.0628,0.045,16,0.2,-0.015,1.0002,90.0,0.005000000000000001,9,10,0.0516657829284668
BPSK,0.06,0.0628,0.045,16,0.2,0.0,0.9998,90.0,0.005000000000000001,9,10,0.05531120300292969
BPSK,0.06,0.0628,0.045,16,0.2,0.0,1.0002,90.0,0.005000000000000001,9,10,0.04265904426574707
BPSK,0.06,0.0628,0.045,16,0.2,0.015,0.9998,90.0,0.005000000000000001,9,10,0.06225728988647461
BPSK,0.06,0.0628,0.045,16,0.2,0.015,1.0002,90.0,0.005000000000000001,9,10,0.04796242713928223
BPSK,0.06,0.0628,0.045,16,0.45,-0.015,0.9998,90.0,0.005000000000000001,9,10,0.042374610900878906
BPSK,0.06,0.0628,0.045,16,0.45,-0.015,1.0002,80.0,0.010000000000000002,8,10,0.04529595375061035
BPSK,0.06,0.0628,0.045,16,0.45,0.0,0.9998,90.0,0.005000000000000001,9,10,0.05201363563537598
BPSK,0.06,0.0628,0.045,16,0.45,0.0,1.0002,80.0,0.010000000000000002,8,10,0.06118583679199219
BPSK,0.06,0.0628,0.045,16,0.45,0.015,0.9998,90.0,0.005000000000000001,9,10,0.0685567855834961
BPSK,0.06,0.0628,0.045,16,0.45,0.015,1.0002,90.0,0.005000000000000001,9,10,0.056149959564208984
BPSK,0.06,0.0628,0.045,32,0.0,-0.015,0.9998,90.0,0.0,9,10,0.04771995544433594
BPSK,0.06,0.0628,0.045,32,0.0,-0.015,1.0002,90.0,0.0,9,10,0.04298520088195801
BPSK,0.06,0.0628,0.045,32,0.0,0.0,0.9998,90.0,0.0,9,10,0.06533551216125488
BPSK,0.06,0.0628,0.045,32,0.0,0.0,1.0002,90.0,0.0,9,10,0.06470155715942383
BPSK,0.06,0.0628,0.045,32,0.0,0.015,0.9998,90.0,0.0,9,10,0.04270648956298828
BPSK,0.06,0.0628,0.045,32,0.0,0.015,1.0002,90.0,0.0,9,10,0.0465548038482666
BPSK,0.06,0.0628,0.045,32,0.2,-0.015,0.9998,90.0,0.005000000000000001,9,10,0.057558536529541016
BPSK,0.06,0.0628,0.045,32,0.2,-0.015,1.0002,90.0,0.005000000000000001,9,10,0.05070853233337402
BPSK,0.06,0.0628,0.045,32,0.2,0.0,0.9998,90.0,0.005000000000000001,9,10,0.044956207275390625
BPSK,0.06,0.0628,0.045,32,0.2,0.0,1.0002,90.0,0.005000000000000001,9,10,0.06254816055297852
BPSK,0.06,0.0628,0.045,32,0.2,0.015,0.9998,90.0,0.005000000000000001,9,10,0.04704403877258301
BPSK,0.06,0.0628,0.045,32,0.2,0.015,1.0002,90.0,0.005000000000000001,9,10,0.05106830596923828
BPSK,0.06,0.0628,0.045,32,0.45,-0.015,0.9998,80.0,0.010000000000000002,8,10,0.043402910232543945
BPSK,0.06,0.0628,0.045,32,0.45,-0.015,1.0002,60.0,0.020000000000000004,6,10,0.04099011421203613
BPSK,0.06,0.0628,0.045,32,0.45,0.0,0.9998,90.0,0.005000000000000001,9,10,0.04994344711303711
BPSK,0.06,0.0628,0.045,32,0.45,0.0,1.0002,80.0,0.010000000000000002,8,10,0.04539942741394043
BPSK,0.06,0.0628,0.045,32,0.45,0.015,0.9998,70.0,0.015,7,10,0.04978656768798828
BPSK,0.06,0.0628,0.045,32,0.45,0.015,1.0002,80.0,0.010000000000000002,8,10,0.05081462860107422
BPSK,0.06,0.0628,0.045,48,0.0,-0.015,0.9998,90.0,0.0,9,10,0.05476522445678711
BPSK,0.06,0.0628,0.045,48,0.0,-0.015,1.0002,90.0,0.0,9,10,0.04271531105041504
BPSK,0.06,0.0628,0.045,48,0.0,0.0,0.9998,90.0,0.0,9,10,0.05455756187438965
BPSK,0.06,0.0628,0.045,48,0.0,0.0,1.0002,90.0,0.0,9,10,0.03790855407714844
BPSK,0.06,0.0628,0.045,48,0.0,0.015,0.9998,90.0,0.0,9,10,0.06793642044067383
BPSK,0.06,0.0628,0.045,48,0.0,0.015,1.0002,90.0,0.0,9,10,0.06301283836364746
BPSK,0.06,0.0628,0.045,48,0.2,-0.015,0.9998,90.0,0.005000000000000001,9,10,0.04520225524902344
BPSK,0.06,0.0628,0.045,48,0.2,-0.015,1.0002,90.0,0.005000000000000001,9,10,0.05988430976867676
BPSK,0.06,0.0628,0.045,48,0.2,0.0,0.9998,90.0,0.005000000000000001,9,10,0.058443546295166016
BPSK,0.06,0.0628,0.045,48,0.2,0.0,1.0002,90.0,0.005000000000000001,9,10,0.055084228515625
BPSK,0.06,0.0628,0.045,48,0.2,0.015,0.9998,90.0,0.005000000000000001,9,10,0.040520429611206055
BPSK,0.06,0.0628,0.045,48,0.2,0.015,1.0002,90.0,0.005000000000000001,9,10,0.051885366439819336
BPSK,0.06,0.0628,0.045,48,0.45,-0.015,0.9998,90.0,0.005000000000000001,9,10,0.05380702018737793
BPSK,0.06,0.0628,0.045,48,0.45,-0.015,1.0002,80.0,0.010000000000000002,8,10,0.05206871032714844
BPSK,0.06,0.0628,0.045,48,0.45,0.0,0.9998,90.0,0.005000000000000001,9,10,0.05237245559692383
BPSK,0.06,0.0628,0.045,48,0.45,0.0,1.0002,90.0,0.005000000000000001,9,10,0.056951045989990234
BPSK,0.06,0.0628,0.045,48,0.45,0.015,0.9998,90.0,0.005000000000000001,9,10,0.0405733585357666
BPSK,0.06,0.0628,0.045,48,0.45,0.015,1.0002,90.0,0.005000000000000001,9,10,0.0565190315246582
BPSK,0.06,0.0628,0.08,16,0.0,-0.015,0.9998,90.0,0.0,9,10,0.057554006576538086
BPSK,0.06,0.0628,0.08,16,0.0,-0.015,1.0002,90.0,0.0,9,10,0.05282926559448242
BPSK,0.06,0.0628,0.08,16,0.0,0.0,0.9998,90.0,0.0,9,10,0.04473876953125
BPSK,0.06,0.0628,0.08,16,0.0,0.0,1.0002,90.0,0.0,9,10,0.054715633392333984
BPSK,0.06,0.0628,0.08,16,0.0,0.015,0.9998,90.0,0.0,9,10,0.04164552688598633
BPSK,0.06,0.0628,0.08,16,0.0,0.015,1.0002,90.0,0.0,9,10,0.05334734916687012
BPSK,0.06,0.0628,0.08,16,0.2,-0.015,0.9998,90.0,0.005000000000000001,9,10,0.04492688179016113
BPSK,0.06,0.0628,0.08,16,0.2,-0.015,1.0002,90.0,0.005000000000000001,9,10,0.0453486442565918
BPSK,0.06,0.0628,0.08,16,0.2,0.0,0.9998,90.0,0.005000000000000001,9,10,0.04382467269897461
BPSK,0.06,0.0628,0.08,16,0.2,0.0,1.0002,90.0,0.005000000000000001,9,10,0.042409658432006836
BPSK,0.06,0.0628,0.08,16,0.2,0.015,0.9998,90.0,0.005000000000000001,9,10,0.040514230728149414
BPSK,0.06,0.0628,0.08,16,0.2,0.015,1.0002,90.0,0.005000000000000001,9,10,0.05332207679748535
BPSK,0.06,0.0628,0.08,16,0.45,-0.015,0.9998,90.0,0.005000000000000001,9,10,0.04726600646972656
BPSK,0.06,0.0628,0.08,16,0.45,-0.015,1.0002,80.0,0.010000000000000002,8,10,0.04920172691345215
BPSK,0.06,0.0628,0.08,16,0.45,0.0,0.9998,90.0,0.005000000000000001,9,10,0.04615592956542969
BPSK,0.06,0.0628,0.08,16,0.45,0.0,1.0002,70.0,0.015,7,10,0.05192232131958008
BPSK,0.06,0.0628,0.08,16,0.45,0.015,0.9998,90.0,0.005000000000000001,9,10,0.051770925521850586
BPSK,0.06,0.0628,0.08,16,0.45,0.015,1.0002,90.0,0.005000000000000001,9,10,0.045418739318847656
BPSK,0.06,0.0628,0.08,32,0.0,-0.015,0.9998,90.0,0.0,9,10,0.05290555953979492
BPSK,0.06,0.0628,0.08,32,0.0,-0.015,1.0002,90.0,0.0,9,10,0.0784599781036377
BPSK,0.06,0.0628,0.08,32,0.0,0.0,0.9998,90.0,0.0,9,10,0.060170888900756836
BPSK,0.06,0.0628,0.08,32,0.0,0.0,1.0002,90.0,0.0,9,10,0.0388491153717041
BPSK,0.06,0.0628,0.08,32,0.0,0.015,0.9998,90.0,0.0,9,10,0.047542572021484375
BPSK,0.06,0.0628,0.08,32,0.0,0.015,1.0002,90.0,0.0,9,10,0.046097755432128906
BPSK,0.06,0.0628,0.08,32,0.2,-0.015,0.9998,90.0,0.005000000000000001,9,10,0.05305910110473633
BPSK,0.06,0.0628,0.08,32,0.2,-0.015,1.0002,90.0,0.005000000000000001,9,10,0.06630587577819824
BPSK,0.06,0.0628,0.08,32,0.2,0.0,0.9998,90.0,0.005000000000000001,9,10,0.06960248947143555
BPSK,0.06,0.0628,0.08,32,0.2,0.0,1.0002,90.0,0.005000000000000001,9,10,0.05215811729431152
BPSK,0.06,0.0628,0.08,32,0.2,0.015,0.9998,90.0,0.005000000000000001,9,10,0.07307815551757812
BPSK,0.06,0.0628,0.08,32,0.2,0.015,1.0002,90.0,0.005000000000000001,9,10,0.06487917900085449
BPSK,0.06,0.0628,0.08,32,0.45,-0.015,0.9998,70.0,0.015,7,10,0.050438880920410156
BPSK,0.06,0.0628,0.08,32,0.45,-0.015,1.0002,60.0,0.020000000000000004,6,10,0.041370391845703125
BPSK,0.06,0.0628,0.08,32,0.45,0.0,0.9998,90.0,0.005000000000000001,9,10,0.05612373352050781
BPSK,0.06,0.0628,0.08,32,0.45,0.0,1.0002,70.0,0.015,7,10,0.04085421562194824
BPSK,0.06,0.0628,0.08,32,0.45,0.015,0.9998,70.0,0.015,7,10,0.041822195053100586
BPSK,0.06,0.0628,0.08,32,0.45,0.015,1.0002,80.0,0.010000000000000002,8,10,0.04272747039794922
BPSK,0.06,0.0628,0.08,48,0.0,-0.015,0.9998,90.0,0.0,9,10,0.05725359916687012
BPSK,0.06,0.0628,0.08,48,0.0,-0.015,1.0002,90.0,0.0,9,10,0.04221796989440918
BPSK,0.06,0.0628,0.08,48,0.0,0.0,0.9998,90.0,0.0,9,10,0.046180009841918945
BPSK,0.06,0.0628,0.08,48,0.0,0.0,1.0002,90.0,0.0,9,10,0.05372118949890137
BPSK,0.06,0.0628,0.08,48,0.0,0.015,0.9998,90.0,0.0,9,10,0.055847883224487305
BPSK,0.06,0.0628,0.08,48,0.0,0.015,1.0002,90.0,0.0,9,10,0.05182385444641113
BPSK,0.06,0.0628,0.08,48,0.2,-0.015,0.9998,90.0,0.005000000000000001,9,10,0.053680419921875
BPSK,0.06,0.0628,0.08,48,0.2,-0.015,1.0002,90.0,0.005000000000000001,9,10,0.05089426040649414
BPSK,0.06,0.0628,0.08,48,0.2,0.0,0.9998,90.0,0.005000000000000001,9,10,0.05091428756713867
BPSK,0.06,0.0628,0.08,48,0.2,0.0,1.0002,90.0,0.005000000000000001,9,10,0.05096793174743652
BPSK,0.06,0.0628,0.08,48,0.2,0.015,0.9998,90.0,0.005000000000000001,9,10,0.06279182434082031
BPSK,0.06,0.0628,0.08,48,0.2,0.015,1.0002,90.0,0.005000000000000001,9,10,0.05515336990356445
BPSK,0.06,0.0628,0.08,48,0.45,-0.015,0.9998,90.0,0.005000000000000001,9,10,0.07012057304382324
BPSK,0.06,0.0628,0.08,48,0.45,-0.015,1.0002,80.0,0.010000000000000002,8,10,0.0578615665435791
BPSK,0.06,0.0628,0.08,48,0.45,0.0,0.9998,90.0,0.005000000000000001,9,10,0.059328317642211914
BPSK,0.06,0.0628,0.08,48,0.45,0.0,1.0002,90.0,0.005000000000000001,9,10,0.06686186790466309
BPSK,0.06,0.0628,0.08,48,0.45,0.015,0.9998,90.0,0.005000000000000001,9,10,0.05612635612487793
BPSK,0.06,0.0628,0.08,48,0.45,0.015,1.0002,90.0,0.005000000000000001,9,10,0.0757133960723877
BPSK,0.06,0.1,0.025,16,0.0,-0.015,0.9998,90.0,0.0,9,10,0.04680180549621582
BPSK,0.06,0.1,0.025,16,0.0,-0.015,1.0002,90.0,0.0,9,10,0.04972124099731445
BPSK,0.06,0.1,0.025,16,0.0,0.0,0.9998,90.0,0.0,9,10,0.05713653564453125
BPSK,0.06,0.1,0.025,16,0.0,0.0,1.0002,90.0,0.0,9,10,0.04135012626647949
BPSK,0.06,0.1,0.025,16,0.0,0.015,0.9998,90.0,0.0,9,10,0.04627513885498047
BPSK,0.06,0.1,0.025,16,0.0,0.015,1.0002,90.0,0.0,9,10,0.05052495002746582
BPSK,0.06,0.1,0.025,16,0.2,-0.015,0.9998,90.0,0.005000000000000001,9,10,0.03481173515319824
BPSK,0.06,0.1,0.025,16,0.2,-0.015,1.0002,90.0,0.005000000000000001,9,10,0.04997563362121582
BPSK,0.06,0.1,0.025,16,0.2,0.0,0.9998,90.0,0.005000000000000001,9,10,0.041060686111450195
BPSK,0.06,0.1,0.025,16,0.2,0.0,1.0002,90.0,0.005000000000000001,9,10,0.04262185096740723
BPSK,0.06,0.1,0.025,16,0.2,0.015,0.9998,90.0,0.005000000000000001,9,10,0.04246234893798828
BPSK,0.06,0.1,0.025,16,0.2,0.015,1.0002,90.0,0.005000000000000001,9,10,0.0477602481842041
BPSK,0.06,0.1,0.025,16,0.45,-0.015,0.9998,90.0,0.005000000000000001,9,10,0.04601716995239258
BPSK,0.06,0.1,0.025,16,0.45,-0.015,1.0002,90.0,0.005000000000000001,9,10,0.05019378662109375
BPSK,0.06,0.1,0.025,16,0.45,0.0,0.9998,90.0,0.005000000000000001,9,10,0.04277539253234863
BPSK,0.06,0.1,0.025,16,0.45,0.0,1.0002,90.0,0.005000000000000001,9,10,0.04416251182556152
BPSK,0.06,0.1,0.025,16,0.45,0.015,0.9998,90.0,0.005000000000000001,9,10,0.04809737205505371
BPSK,0.06,0.1,0.025,16,0.45,0.015,1.0002,90.0,0.005000000000000001,9,10,0.03885602951049805
BPSK,0.06,0.1,0.025,32,0.0,-0.015,0.9998,90.0,0.0,9,10,0.04835367202758789
BPSK,0.06,0.1,0.025,32,0.0,-0.015,1.0002,90.0,0.0,9,10,0.04808616638183594
BPSK,0.06,0.1,0.025,32,0.0,0.0,0.9998,90.0,0.0,9,10,0.04871845245361328
BPSK,0.06,0.1,0.025,32,0.0,0.0,1.0002,90.0,0.0,9,10,0.05675077438354492
BPSK,0.06,0.1,0.025,32,0.0,0.015,0.9998,90.0,0.0,9,10,0.0450901985168457
BPSK,0.06,0.1,0.025,32,0.0,0.015,1.0002,90.0,0.0,9,10,0.043419837951660156
BPSK,0.06,0.1,0.025,32,0.2,-0.015,0.9998,90.0,0.005000000000000001,9,10,0.06849503517150879
BPSK,0.06,0.1,0.025,32,0.2,-0.015,1.0002,90.0,0.005000000000000001,9,10,0.06088852882385254
BPSK,0.06,0.1,0.025,32,0.2,0.0,0.9998,90.0,0.005000000000000001,9,10,0.043724775314331055
BPSK,0.06,0.1,0.025,32,0.2,0.0,1.0002,90.0,0.005000000000000001,9,10,0.04481697082519531
BPSK,0.06,0.1,0.025,32,0.2,0.015,0.9998,90.0,0.005000000000000001,9,10,0.047121286392211914
BPSK,0.06,0.1,0.025,32,0.2,0.015,1.0002,90.0,0.005000000000000001,9,10,0.05018448829650879
BPSK,0.06,0.1,0.025,32,0.45,-0.015,0.9998,90.0,0.005000000000000001,9,10,0.050852298736572266
BPSK,0.06,0.1,0.025,32,0.45,-0.015,1.0002,90.0,0.005000000000000001,9,10,0.04464101791381836
BPSK,0.06,0.1,0.025,32,0.45,0.0,0.9998,90.0,0.005000000000000001,9,10,0.0403287410736084
BPSK,0.06,0.1,0.025,32,0.45,0.0,1.0002,90.0,0.005000000000000001,9,10,0.04631948471069336
BPSK,0.06,0.1,0.025,32,0.45,0.015,0.9998,90.0,0.005000000000000001,9,10,0.04444003105163574
BPSK,0.06,0.1,0.025,32,0.45,0.015,1.0002,90.0,0.005000000000000001,9,10,0.053023338317871094
BPSK,0.06,0.1,0.025,48,0.0,-0.015,0.9998,90.0,0.0,9,10,0.04507184028625488
BPSK,0.06,0.1,0.025,48,0.0,-0.015,1.0002,90.0,0.0,9,10,0.044074296951293945
BPSK,0.06,0.1,0.025,48,0.0,0.0,0.9998,90.0,0.0,9,10,0.04769754409790039
BPSK,0.06,0.1,0.025,48,0.0,0.0,1.0002,90.0,0.0,9,10,0.040493011474609375
BPSK,0.06,0.1,0.025,48,0.0,0.015,0.9998,90.0,0.0,9,10,0.04615020751953125
BPSK,0.06,0.1,0.025,48,0.0,0.015,1.0002,90.0,0.0,9,10,0.06862211227416992
BPSK,0.06,0.1,0.025,48,0.2,-0.015,0.9998,90.0,0.005000000000000001,9,10,0.05101299285888672
BPSK,0.06,0.1,0.025,48,0.2,-0.015,1.0002,90.0,0.005000000000000001,9,10,0.05967855453491211
BPSK,0.06,0.1,0.025,48,0.2,0.0,0.9998,90.0,0.005000000000000001,9,10,0.05411553382873535
BPSK,0.06,0.1,0.025,48,0.2,0.0,1.0002,90.0,0.005000000000000001,9,10,0.03998756408691406
BPSK,0.06,0.1,0.025,48,0.2,0.015,0.9998,90.0,0.005000000000000001,9,10,0.05171370506286621
BPSK,0.06,0.1,0.025,48,0.2,0.015,1.0002,90.0,0.005000000000000001,9,10,0.05384254455566406
BPSK,0.06,0.1,0.025,48,0.45,-0.015,0.9998,90.0,0.005000000000000001,9,10,0.05453157424926758
BPSK,0.06,0.1,0.025,48,0.45,-0.015,1.0002,90.0,0.005000000000000001,9,10,0.044909000396728516
BPSK,0.06,0.1,0.025,48,0.45,0.0,0.9998,90.0,0.005000000000000001,9,10,0.05569720268249512
BPSK,0.06,0.1,0.025,48,0.45,0.0,1.0002,90.0,0.005000000000000001,9,10,0.05692553520202637
BPSK,0.06,0.1,0.025,48,0.45,0.015,0.9998,90.0,0.005000000000000001,9,10,0.05111217498779297
BPSK,0.06,0.1,0.025,48,0.45,0.015,1.0002,90.0,0.005000000000000001,9,10,0.04775571823120117
BPSK,0.06,0.1,0.045,16,0.0,-0.015,0.9998,90.0,0.0,9,10,0.060739994049072266
BPSK,0.06,0.1,0.045,16,0.0,-0.015,1.0002,90.0,0.0,9,10,0.0517430305480957
BPSK,0.06,0.1,0.045,16,0.0,0.0,0.9998,90.0,0.0,9,10,0.049492835998535156
BPSK,0.06,0.1,0.045,16,0.0,0.0,1.0002,90.0,0.0,9,10,0.08982205390930176
BPSK,0.06,0.1,0.045,16,0.0,0.015,0.9998,90.0,0.0,9,10,0.043810367584228516
BPSK,0.06,0.1,0.045,16,0.0,0.015,1.0002,90.0,0.0,9,10,0.04716205596923828
BPSK,0.06,0.1,0.045,16,0.2,-0.015,0.9998,90.0,0.005000000000000001,9,10,0.04946160316467285
BPSK,0.06,0.1,0.045,16,0.2,-0.015,1.0002,90.0,0.005000000000000001,9,10,0.052005767822265625
BPSK,0.06,0.1,0.045,16,0.2,0.0,0.9998,90.0,0.005000000000000001,9,10,0.0707237720489502
BPSK,0.06,0.1,0.045,16,0.2,0.0,1.0002,90.0,0.005000000000000001,9,10,0.050875186920166016
BPSK,0.06,0.1,0.045,16,0.2,0.015,0.9998,90.0,0.005000000000000001,9,10,0.04463529586791992
BPSK,0.06,0.1,0.045,16,0.2,0.015,1.0002,90.0,0.005000000000000001,9,10,0.04157876968383789
BPSK,0.06,0.1,0.045,16,0.45,-0.015,0.9998,90.0,0.005000000000000001,9,10,0.07427358627319336
BPSK,0.06,0.1,0.045,16,0.45,-0.015,1.0002,90.0,0.005000000000000001,9,10,0.062397003173828125
BPSK,0.06,0.1,0.045,16,0.45,0.0,0.9998,90.0,0.005000000000000001,9,10,0.05078387260437012
BPSK,0.06,0.1,0.045,16,0.45,0.0,1.0002,90.0,0.005000000000000001,9,10,0.057308197021484375
BPSK,0.06,0.1,0.045,16,0.45,0.015,0.9998,90.0,0.005000000000000001,9,10,0.04382514953613281
BPSK,0.06,0.1,0.045,16,0.45,0.015,1.0002,90.0,0.005000000000000001,9,10,0.05123472213745117
BPSK,0.06,0.1,0.045,32,0.0,-0.015,0.9998,90.0,0.0,9,10,0.04930305480957031
BPSK,0.06,0.1,0.045,32,0.0,-0.015,1.0002,90.0,0.0,9,10,0.06639623641967773
BPSK,0.06,0.1,0.045,32,0.0,0.0,0.9998,90.0,0.0,9,10,0.05105900764465332
BPSK,0.06,0.1,0.045,32,0.0,0.0,1.0002,90.0,0.0,9,10,0.044332265853881836
BPSK,0.06,0.1,0.045,32,0.0,0.015,0.9998,90.0,0.0,9,10,0.046123504638671875
BPSK,0.06,0.1,0.045,32,0.0,0.015,1.0002,90.0,0.0,9,10,0.04011392593383789
BPSK,0.06,0.1,0.045,32,0.2,-0.015,0.9998,90.0,0.005000000000000001,9,10,0.04136776924133301
BPSK,0.06,0.1,0.045,32,0.2,-0.015,1.0002,90.0,0.005000000000000001,9,10,0.05043792724609375
BPSK,0.06,0.1,0.045,32,0.2,0.0,0.9998,90.0,0.005000000000000001,9,10,0.050336599349975586
BPSK,0.06,0.1,0.045,32,0.2,0.0,1.0002,90.0,0.005000000000000001,9,10,0.04736065864562988
BPSK,0.06,0.1,0.045,32,0.2,0.015,0.9998,90.0,0.005000000000000001,9,10,0.0509495735168457
BPSK,0.06,0.1,0.045,32,0.2,0.015,1.0002,90.0,0.005000000000000001,9,10,0.0510408878326416
BPSK,0.06,0.1,0.045,32,0.45,-0.015,0.9998,90.0,0.005000000000000001,9,10,0.04840373992919922
BPSK,0.06,0.1,0.045,32,0.45,-0.015,1.0002,90.0,0.005000000000000001,9,10,0.04764890670776367
BPSK,0.06,0.1,0.045,32,0.45,0.0,0.9998,90.0,0.005000000000000001,9,10,0.04832339286804199
BPSK,0.06,0.1,0.045,32,0.45,0.0,1.0002,90.0,0.005000000000000001,9,10,0.058931589126586914
BPSK,0.06,0.1,0.045,32,0.45,0.015,0.9998,90.0,0.005000000000000001,9,10,0.05665445327758789
BPSK,0.06,0.1,0.045,32,0.45,0.015,1.0002,90.0,0.005000000000000001,9,10,0.0521700382232666
BPSK,0.06,0.1,0.045,48,0.0,-0.015,0.9998,90.0,0.0,9,10,0.05170154571533203
BPSK,0.06,0.1,0.045,48,0.0,-0.015,1.0002,90.0,0.0,9,10,0.06392955780029297
BPSK,0.06,0.1,0.045,48,0.0,0.0,0.9998,90.0,0.0,9,10,0.05079793930053711
BPSK,0.06,0.1,0.045,48,0.0,0.0,1.0002,90.0,0.0,9,10,0.049009084701538086
BPSK,0.06,0.1,0.045,48,0.0,0.015,0.9998,90.0,0.0,9,10,0.052751779556274414
BPSK,0.06,0.1,0.045,48,0.0,0.015,1.0002,90.0,0.0,9,10,0.06508064270019531
BPSK,0.06,0.1,0.045,48,0.2,-0.015,0.9998,90.0,0.005000000000000001,9,10,0.04927396774291992
BPSK,0.06,0.1,0.045,48,0.2,-0.015,1.0002,90.0,0.005000000000000001,9,10,0.043012380599975586
BPSK,0.06,0.1,0.045,48,0.2,0.0,0.9998,90.0,0.005000000000000001,9,10,0.044245243072509766
BPSK,0.06,0.1,0.045,48,0.2,0.0,1.0002,90.0,0.005000000000000001,9,10,0.04799914360046387
BPSK,0.06,0.1,0.045,48,0.2,0.015,0.9998,90.0,0.005000000000000001,9,10,0.05029559135437012
BPSK,0.06,0.1,0.045,48,0.2,0.015,1.0002,90.0,0.005000000000000001,9,10,0.04669904708862305
BPSK,0.06,0.1,0.045,48,0.45,-0.015,0.9998,90.0,0.005000000000000001,9,10,0.03793787956237793
BPSK,0.06,0.1,0.045,48,0.45,-0.015,1.0002,90.0,0.005000000000000001,9,10,0.04429745674133301
BPSK,0.06,0.1,0.045,48,0.45,0.0,0.9998,90.0,0.005000000000000001,9,10,0.045938968658447266
BPSK,0.06,0.1,0.045,48,0.45,0.0,1.0002,90.0,0.005000000000000001,9,10,0.05206608772277832
BPSK,0.06,0.1,0.045,48,0.45,0.015,0.9998,90.0,0.005000000000000001,9,10,0.04578232765197754
BPSK,0.06,0.1,0.045,48,0.45,0.015,1.0002,90.0,0.005000000000000001,9,10,0.05991792678833008
BPSK,0.06,0.1,0.08,16,0.0,-0.015,0.9998,90.0,0.0,9,10,0.03666567802429199
BPSK,0.06,0.1,0.08,16,0.0,-0.015,1.0002,90.0,0.0,9,10,0.05261945724487305
BPSK,0.06,0.1,0.08,16,0.0,0.0,0.9998,90.0,0.0,9,10,0.045032501220703125
BPSK,0.06,0.1,0.08,16,0.0,0.0,1.0002,90.0,0.0,9,10,0.05066084861755371
BPSK,0.06,0.1,0.08,16,0.0,0.015,0.9998,90.0,0.0,9,10,0.05161404609680176
BPSK,0.06,0.1,0.08,16,0.0,0.015,1.0002,90.0,0.0,9,10,0.05263495445251465
BPSK,0.06,0.1,0.08,16,0.2,-0.015,0.9998,90.0,0.005000000000000001,9,10,0.0656130313873291
BPSK,0.06,0.1,0.08,16,0.2,-0.015,1.0002,90.0,0.005000000000000001,9,10,0.05102252960205078
BPSK,0.06,0.1,0.08,16,0.2,0.0,0.9998,90.0,0.005000000000000001,9,10,0.06882143020629883
BPSK,0.06,0.1,0.08,16,0.2,0.0,1.0002,90.0,0.005000000000000001,9,10,0.04014182090759277
BPSK,0.06,0.1,0.08,16,0.2,0.015,0.9998,90.0,0.005000000000000001,9,10,0.0457761287689209
BPSK,0.06,0.1,0.08,16,0.2,0.015,1.0002,90.0,0.005000000000000001,9,10,0.04370832443237305
BPSK,0.06,0.1,0.08,16,0.45,-0.015,0.9998,90.0,0.005000000000000001,9,10,0.04155707359313965
BPSK,0.06,0.1,0.08,16,0.45,-0.015,1.0002,90.0,0.005000000000000001,9,10,0.05458807945251465
BPSK,0.06,0.1,0.08,16,0.45,0.0,0.9998,90.0,0.005000000000000001,9,10,0.05198812484741211
BPSK,0.06,0.1,0.08,16,0.45,0.0,1.0002,80.0,0.010000000000000002,8,10,0.03963804244995117
BPSK,0.06,0.1,0.08,16,0.45,0.015,0.9998,90.0,0.005000000000000001,9,10,0.05084061622619629
BPSK,0.06,0.1,0.08,16,0.45,0.015,1.0002,90.0,0.005000000000000001,9,10,0.049021005630493164
BPSK,0.06,0.1,0.08,32,0.0,-0.015,0.9998,90.0,0.0,9,10,0.04628443717956543
BPSK,0.06,0.1,0.08,32,0.0,-0.015,1.0002,90.0,0.0,9,10,0.04688906669616699
BPSK,0.06,0.1,0.08,32,0.0,0.0,0.9998,90.0,0.0,9,10,0.03935527801513672
BPSK,0.06,0.1,0.08,32,0.0,0.0,1.0002,90.0,0.0,9,10,0.049292802810668945
BPSK,0.06,0.1,0.08,32,0.0,0.015,0.9998,90.0,0.0,9,10,0.04787254333496094
BPSK,0.06,0.1,0.08,32,0.0,0.015,1.0002,90.0,0.0,9,10,0.051424264907836914
BPSK,0.06,0.1,0.08,32,0.2,-0.015,0.9998,90.0,0.005000000000000001,9,10,0.04686784744262695
BPSK,0.06,0.1,0.08,32,0.2,-0.015,1.0002,90.0,0.005000000000000001,9,10,0.04693961143493652
BPSK,0.06,0.1,0.08,32,0.2,0.0,0.9998,90.0,0.005000000000000001,9,10,0.054741859436035156
BPSK,0.06,0.1,0.08,32,0.2,0.0,1.0002,90.0,0.005000000000000001,9,10,0.05376601219177246
BPSK,0.06,0.1,0.08,32,0.2,0.015,0.9998,90.0,0.005000000000000001,9,10,0.04860186576843262
BPSK,0.06,0.1,0.08,32,0.2,0.015,1.0002,90.0,0.005000000000000001,9,10,0.044502973556518555
BPSK,0.06,0.1,0.08,32,0.45,-0.015,0.9998,90.0,0.005000000000000001,9,10,0.06340909004211426
BPSK,0.06,0.1,0.08,32,0.45,-0.015,1.0002,90.0,0.005000000000000001,9,10,0.044437408447265625
BPSK,0.06,0.1,0.08,32,0.45,0.0,0.9998,90.0,0.005000000000000001,9,10,0.047189950942993164
BPSK,0.06,0.1,0.08,32,0.45,0.0,1.0002,80.0,0.010000000000000002,8,10,0.048934221267700195
BPSK,0.06,0.1,0.08,32,0.45,0.015,0.9998,90.0,0.005000000000000001,9,10,0.05368804931640625
BPSK,0.06,0.1,0.08,32,0.45,0.015,1.0002,90.0,0.005000000000000001,9,10,0.04778432846069336
BPSK,0.06,0.1,0.08,48,0.0,-0.015,0.9998,90.0,0.0,9,10,0.059746742248535156
BPSK,0.06,0.1,0.08,48,0.0,-0.015,1.0002,90.0,0.0,9,10,0.059104204177856445
BPSK,0.06,0.1,0.08,48,0.0,0.0,0.9998,90.0,0.0,9,10,0.06220245361328125
BPSK,0.06,0.1,0.08,48,0.0,0.0,1.0002,90.0,0.0,9,10,0.0506894588470459
BPSK,0.06,0.1,0.08,48,0.0,0.015,0.9998,90.0,0.0,9,10,0.05144524574279785
BPSK,0.06,0.1,0.08,48,0.0,0.015,1.0002,90.0,0.0,9,10,0.07856035232543945
BPSK,0.06,0.1,0.08,48,0.2,-0.015,0.9998,90.0,0.005000000000000001,9,10,0.05420327186584473
BPSK,0.06,0.1,0.08,48,0.2,-0.015,1.0002,90.0,0.005000000000000001,9,10,0.04766201972961426
BPSK,0.06,0.1,0.08,48,0.2,0.0,0.9998,90.0,0.005000000000000001,9,10,0.051423072814941406
BPSK,0.06,0.1,0.08,48,0.2,0.0,1.0002,90.0,0.005000000000000001,9,10,0.049201011657714844
BPSK,0.06,0.1,0.08,48,0.2,0.015,0.9998,90.0,0.005000000000000001,9,10,0.0790715217590332
BPSK,0.06,0.1,0.08,48,0.2,0.015,1.0002,90.0,0.005000000000000001,9,10,0.06572914123535156
BPSK,0.06,0.1,0.08,48,0.45,-0.015,0.9998,90.0,0.005000000000000001,9,10,0.053305864334106445
BPSK,0.06,0.1,0.08,48,0.45,-0.015,1.0002,90.0,0.005000000000000001,9,10,0.1019141674041748
BPSK,0.06,0.1,0.08,48,0.45,0.0,0.9998,90.0,0.005000000000000001,9,10,0.06013941764831543
BPSK,0.06,0.1,0.08,48,0.45,0.0,1.0002,90.0,0.005000000000000001,9,10,0.052274227142333984
BPSK,0.06,0.1,0.08,48,0.45,0.015,0.9998,90.0,0.005000000000000001,9,10,0.06164264678955078
BPSK,0.06,0.1,0.08,48,0.45,0.015,1.0002,90.0,0.005000000000000001,9,10,0.0507197380065918
QPSK,0.01,0.03,0.025,16,0.0,-0.015,0.9998,80.0,0.1,8,10,0.040918588638305664
QPSK,0.01,0.03,0.025,16,0.0,-0.015,1.0002,80.0,0.1,8,10,0.04252195358276367
QPSK,0.01,0.03,0.025,16,0.0,0.0,0.9998,90.0,0.0,9,10,0.0424346923828125
QPSK,0.01,0.03,0.025,16,0.0,0.0,1.0002,90.0,0.0,9,10,0.03698444366455078
QPSK,0.01,0.03,0.025,16,0.0,0.015,0.9998,80.0,0.1,8,10,0.04111790657043457
QPSK,0.01,0.03,0.025,16,0.0,0.015,1.0002,80.0,0.1,8,10,0.06515145301818848
QPSK,0.01,0.03,0.025,16,0.2,-0.015,0.9998,70.0,0.015,7,10,0.03897833824157715
QPSK,0.01,0.03,0.025,16,0.2,-0.015,1.0002,80.0,0.010000000000000002,8,10,0.041458845138549805
QPSK,0.01,0.03,0.025,16,0.2,0.0,0.9998,90.0,0.005000000000000001,9,10,0.051363468170166016
QPSK,0.01,0.03,0.025,16,0.2,0.0,1.0002,90.0,0.005000000000000001,9,10,0.03717660903930664
QPSK,0.01,0.03,0.025,16,0.2,0.015,0.9998,80.0,0.010000000000000002,8,10,0.04601645469665527
QPSK,0.01,0.03,0.025,16,0.2,0.015,1.0002,80.0,0.010000000000000002,8,10,0.040352582931518555
QPSK,0.01,0.03,0.025,16,0.45,-0.015,0.9998,70.0,0.015,7,10,0.041611433029174805
QPSK,0.01,0.03,0.025,16,0.45,-0.015,1.0002,70.0,0.015,7,10,0.03921866416931152
QPSK,0.01,0.03,0.025,16,0.45,0.0,0.9998,90.0,0.005000000000000001,9,10,0.03789377212524414
QPSK,0.01,0.03,0.025,16,0.45,0.0,1.0002,90.0,0.005000000000000001,9,10,0.042938232421875
QPSK,0.01,0.03,0.025,16,0.45,0.015,0.9998,70.0,0.015,7,10,0.05093884468078613
QPSK,0.01,0.03,0.025,16,0.45,0.015,1.0002,70.0,0.015,7,10,0.04626274108886719
QPSK,0.01,0.03,0.025,32,0.0,-0.015,0.9998,80.0,0.1,8,10,0.04661369323730469
QPSK,0.01,0.03,0.025,32,0.0,-0.015,1.0002,80.0,0.1,8,10,0.0480959415435791
QPSK,0.01,0.03,0.025,32,0.0,0.0,0.9998,90.0,0.0,9,10,0.04980611801147461
QPSK,0.01,0.03,0.025,32,0.0,0.0,1.0002,90.0,0.0,9,10,0.07593083381652832
QPSK,0.01,0.03,0.025,32,0.0,0.015,0.9998,80.0,0.1,8,10,0.04508399963378906
QPSK,0.01,0.03,0.025,32,0.0,0.015,1.0002,80.0,0.1,8,10,0.05036449432373047
QPSK,0.01,0.03,0.025,32,0.2,-0.015,0.9998,80.0,0.010000000000000002,8,10,0.04739809036254883
QPSK,0.01,0.03,0.025,32,0.2,-0.015,1.0002,80.0,0.010000000000000002,8,10,0.04154181480407715
QPSK,0.01,0.03,0.025,32,0.2,0.0,0.9998,90.0,0.005000000000000001,9,10,0.040251970291137695
QPSK,0.01,0.03,0.025,32,0.2,0.0,1.0002,90.0,0.005000000000000001,9,10,0.04529571533203125
QPSK,0.01,0.03,0.025,32,0.2,0.015,0.9998,80.0,0.010000000000000002,8,10,0.04828906059265137
QPSK,0.01,0.03,0.025,32,0.2,0.015,1.0002,80.0,0.010000000000000002,8,10,0.04346513748168945
QPSK,0.01,0.03,0.025,32,0.45,-0.015,0.9998,70.0,0.015,7,10,0.03578615188598633
QPSK,0.01,0.03,0.025,32,0.45,-0.015,1.0002,70.0,0.015,7,10,0.03569793701171875
QPSK,0.01,0.03,0.025,32,0.45,0.0,0.9998,90.0,0.005000000000000001,9,10,0.04567837715148926
QPSK,0.01,0.03,0.025,32,0.45,0.0,1.0002,90.0,0.005000000000000001,9,10,0.04247593879699707
QPSK,0.01,0.03,0.025,32,0.45,0.015,0.9998,70.0,0.015,7,10,0.041783809661865234
QPSK,0.01,0.03,0.025,32,0.45,0.015,1.0002,70.0,0.015,7,10,0.04189610481262207
QPSK,0.01,0.03,0.025,48,0.0,-0.015,0.9998,80.0,0.1,8,10,0.047824859619140625
QPSK,0.01,0.03,0.025,48,0.0,-0.015,1.0002,80.0,0.1,8,10,0.04500102996826172
QPSK,0.01,0.03,0.025,48,0.0,0.0,0.9998,90.0,0.0,9,10,0.05386495590209961
QPSK,0.01,0.03,0.025,48,0.0,0.0,1.0002,90.0,0.0,9,10,0.04474449157714844
QPSK,0.01,0.03,0.025,48,0.0,0.015,0.9998,80.0,0.1,8,10,0.03927326202392578
QPSK,0.01,0.03,0.025,48,0.0,0.015,1.0002,80.0,0.1,8,10,0.04766559600830078
QPSK,0.01,0.03,0.025,48,0.2,-0.015,0.9998,80.0,0.010000000000000002,8,10,0.05002593994140625
QPSK,0.01,0.03,0.025,48,0.2,-0.015,1.0002,80.0,0.010000000000000002,8,10,0.045621395111083984
QPSK,0.01,0.03,0.025,48,0.2,0.0,0.9998,90.0,0.005000000000000001,9,10,0.04705691337585449
QPSK,0.01,0.03,0.025,48,0.2,0.0,1.0002,90.0,0.005000000000000001,9,10,0.03793025016784668
QPSK,0.01,0.03,0.025,48,0.2,0.015,0.9998,80.0,0.010000000000000002,8,10,0.03898763656616211
QPSK,0.01,0.03,0.025,48,0.2,0.015,1.0002,80.0,0.010000000000000002,8,10,0.04583859443664551
QPSK,0.01,0.03,0.025,48,0.45,-0.015,0.9998,70.0,0.015,7,10,0.044246673583984375
QPSK,0.01,0.03,0.025,48,0.45,-0.015,1.0002,80.0,0.010000000000000002,8,10,0.0478062629699707
QPSK,0.01,0.03,0.025,48,0.45,0.0,0.9998,90.0,0.005000000000000001,9,10,0.045795440673828125
QPSK,0.01,0.03,0.025,48,0.45,0.0,1.0002,80.0,0.010000000000000002,8,10,0.04643559455871582
QPSK,0.01,0.03,0.025,48,0.45,0.015,0.9998,80.0,0.010000000000000002,8,10,0.0413818359375
QPSK,0.01,0.03,0.025,48,0.45,0.015,1.0002,80.0,0.010000000000000002,8,10,0.04926657676696777
QPSK,0.01,0.03,0.045,16,0.0,-0.015,0.9998,80.0,0.1,8,10,0.07535552978515625
QPSK,0.01,0.03,0.045,16,0.0,-0.015,1.0002,80.0,0.1,8,10,0.03738808631896973
QPSK,0.01,0.03,0.045,16,0.0,0.0,0.9998,90.0,0.0,9,10,0.0391230583190918
QPSK,0.01,0.03,0.045,16,0.0,0.0,1.0002,90.0,0.0,9,10,0.033447980880737305
QPSK,0.01,0.03,0.045,16,0.0,0.015,0.9998,80.0,0.1,8,10,0.043469905853271484
QPSK,0.01,0.03,0.045,16,0.0,0.015,1.0002,80.0,0.1,8,10,0.040132999420166016
QPSK,0.01,0.03,0.045,16,0.2,-0.015,0.9998,80.0,0.010000000000000002,8,10,0.03906583786010742
QPSK,0.01,0.03,0.045,16,0.2,-0.015,1.0002,80.0,0.010000000000000002,8,10,0.0449223518371582
QPSK,0.01,0.03,0.045,16,0.2,0.0,0.9998,90.0,0.005000000000000001,9,10,0.056436777114868164
QPSK,0.01,0.03,0.045,16,0.2,0.0,1.0002,90.0,0.005000000000000001,9,10,0.043723106384277344
QPSK,0.01,0.03,0.045,16,0.2,0.015,0.9998,80.0,0.010000000000000002,8,10,0.04607105255126953
QPSK,0.01,0.03,0.045,16,0.2,0.015,1.0002,80.0,0.010000000000000002,8,10,0.041825294494628906
QPSK,0.01,0.03,0.045,16,0.45,-0.015,0.9998,70.0,0.015,7,10,0.04184460639953613
QPSK,0.01,0.03,0.045,16,0.45,-0.015,1.0002,70.0,0.015,7,10,0.03708076477050781
QPSK,0.01,0.03,0.045,16,0.45,0.0,0.9998,90.0,0.005000000000000001,9,10,0.03965163230895996
QPSK,0.01,0.03,0.045,16,0.45,0.0,1.0002,90.0,0.005000000000000001,9,10,0.037291765213012695
QPSK,0.01,0.03,0.045,16,0.45,0.015,0.9998,70.0,0.015,7,10,0.03970623016357422
QPSK,0.01,0.03,0.045,16,0.45,0.015,1.0002,70.0,0.015,7,10,0.04807925224304199
QPSK,0.01,0.03,0.045,32,0.0,-0.015,0.9998,80.0,0.1,8,10,0.043016672134399414
QPSK,0.01,0.03,0.045,32,0.0,-0.015,1.0002,80.0,0.1,8,10,0.04511117935180664
QPSK,0.01,0.03,0.045,32,0.0,0.0,0.9998,90.0,0.0,9,10,0.05181527137756348
QPSK,0.01,0.03,0.045,32,0.0,0.0,1.0002,90.0,0.0,9,10,0.04045987129211426
QPSK,0.01,0.03,0.045,32,0.0,0.015,0.9998,80.0,0.1,8,10,0.04289364814758301
QPSK,0.01,0.03,0.045,32,0.0,0.015,1.0002,80.0,0.1,8,10,0.041376352310180664
QPSK,0.01,0.03,0.045,32,0.2,-0.015,0.9998,80.0,0.010000000000000002,8,10,0.050635576248168945
QPSK,0.01,0.03,0.045,32,0.2,-0.015,1.0002,80.0,0.010000000000000002,8,10,0.05354642868041992
QPSK,0.01,0.03,0.045,32,0.2,0.0,0.9998,90.0,0.005000000000000001,9,10,0.041667938232421875
QPSK,0.01,0.03,0.045,32,0.2,0.0,1.0002,90.0,0.005000000000000001,9,10,0.04861283302307129
QPSK,0.01,0.03,0.045,32,0.2,0.015,0.9998,80.0,0.010000000000000002,8,10,0.0489041805267334
QPSK,0.01,0.03,0.045,32,0.2,0.015,1.0002,80.0,0.010000000000000002,8,10,0.0490880012512207
QPSK,0.01,0.03,0.045,32,0.45,-0.015,0.9998,80.0,0.010000000000000002,8,10,0.05072832107543945
QPSK,0.01,0.03,0.045,32,0.45,-0.015,1.0002,80.0,0.010000000000000002,8,10,0.04545450210571289
QPSK,0.01,0.03,0.045,32,0.45,0.0,0.9998,90.0,0.005000000000000001,9,10,0.04453253746032715
QPSK,0.01,0.03,0.045,32,0.45,0.0,1.0002,90.0,0.005000000000000001,9,10,0.07937765121459961
QPSK,0.01,0.03,0.045,32,0.45,0.015,0.9998,70.0,0.015,7,10,0.04446983337402344
QPSK,0.01,0.03,0.045,32,0.45,0.015,1.0002,70.0,0.015,7,10,0.04764080047607422
QPSK,0.01,0.03,0.045,48,0.0,-0.015,0.9998,80.0,0.1,8,10,0.05794477462768555
QPSK,0.01,0.03,0.045,48,0.0,-0.015,1.0002,80.0,0.1,8,10,0.047493934631347656
QPSK,0.01,0.03,0.045,48,0.0,0.0,0.9998,90.0,0.0,9,10,0.06324005126953125
QPSK,0.01,0.03,0.045,48,0.0,0.0,1.0002,90.0,0.0,9,10,0.05617785453796387
QPSK,0.01,0.03,0.045,48,0.0,0.015,0.9998,80.0,0.1,8,10,0.057181596755981445
QPSK,0.01,0.03,0.045,48,0.0,0.015,1.0002,80.0,0.1,8,10,0.07308602333068848
QPSK,0.01,0.03,0.045,48,0.2,-0.015,0.9998,80.0,0.010000000000000002,8,10,0.054576873779296875
QPSK,0.01,0.03,0.045,48,0.2,-0.015,1.0002,80.0,0.010000000000000002,8,10,0.05638551712036133
QPSK,0.01,0.03,0.045,48,0.2,0.0,0.9998,90.0,0.005000000000000001,9,10,0.04978322982788086
QPSK,0.01,0.03,0.045,48,0.2,0.0,1.0002,90.0,0.005000000000000001,9,10,0.05574488639831543
QPSK,0.01,0.03,0.045,48,0.2,0.015,0.9998,80.0,0.010000000000000002,8,10,0.05832099914550781
QPSK,0.01,0.03,0.045,48,0.2,0.015,1.0002,80.0,0.010000000000000002,8,10,0.04242420196533203
QPSK,0.01,0.03,0.045,48,0.45,-0.015,0.9998,60.0,0.020000000000000004,6,10,0.05323028564453125
QPSK,0.01,0.03,0.045,48,0.45,-0.015,1.0002,80.0,0.010000000000000002,8,10,0.04842019081115723
QPSK,0.01,0.03,0.045,48,0.45,0.0,0.9998,90.0,0.005000000000000001,9,10,0.04731583595275879
QPSK,0.01,0.03,0.045,48,0.45,0.0,1.0002,80.0,0.010000000000000002,8,10,0.04009556770324707
QPSK,0.01,0.03,0.045,48,0.45,0.015,0.9998,80.0,0.010000000000000002,8,10,0.04555654525756836
QPSK,0.01,0.03,0.045,48,0.45,0.015,1.0002,80.0,0.010000000000000002,8,10,0.042597293853759766
QPSK,0.01,0.03,0.08,16,0.0,-0.015,0.9998,80.0,0.1,8,10,0.04518890380859375
QPSK,0.01,0.03,0.08,16,0.0,-0.015,1.0002,80.0,0.1,8,10,0.03805971145629883
QPSK,0.01,0.03,0.08,16,0.0,0.0,0.9998,90.0,0.0,9,10,0.05473732948303223
QPSK,0.01,0.03,0.08,16,0.0,0.0,1.0002,90.0,0.0,9,10,0.0436558723449707
QPSK,0.01,0.03,0.08,16,0.0,0.015,0.9998,80.0,0.1,8,10,0.06113004684448242
QPSK,0.01,0.03,0.08,16,0.0,0.015,1.0002,80.0,0.1,8,10,0.06998920440673828
QPSK,0.01,0.03,0.08,16,0.2,-0.015,0.9998,80.0,0.010000000000000002,8,10,0.03820443153381348
QPSK,0.01,0.03,0.08,16,0.2,-0.015,1.0002,70.0,0.015,7,10,0.041676998138427734
QPSK,0.01,0.03,0.08,16,0.2,0.0,0.9998,90.0,0.005000000000000001,9,10,0.042540788650512695
QPSK,0.01,0.03,0.08,16,0.2,0.0,1.0002,90.0,0.005000000000000001,9,10,0.04207348823547363
QPSK,0.01,0.03,0.08,16,0.2,0.015,0.9998,80.0,0.010000000000000002,8,10,0.03775167465209961
QPSK,0.01,0.03,0.08,16,0.2,0.015,1.0002,70.0,0.015,7,10,0.04234766960144043
QPSK,0.01,0.03,0.08,16,0.45,-0.015,0.9998,70.0,0.015,7,10,0.03527331352233887
QPSK,0.01,0.03,0.08,16,0.45,-0.015,1.0002,70.0,0.015,7,10,0.044651031494140625
QPSK,0.01,0.03,0.08,16,0.45,0.0,0.9998,90.0,0.005000000000000001,9,10,0.0383756160736084
QPSK,0.01,0.03,0.08,16,0.45,0.0,1.0002,90.0,0.005000000000000001,9,10,0.04770517349243164
QPSK,0.01,0.03,0.08,16,0.45,0.015,0.9998,70.0,0.015,7,10,0.04517507553100586
QPSK,0.01,0.03,0.08,16,0.45,0.015,1.0002,70.0,0.015,7,10,0.04235959053039551
QPSK,0.01,0.03,0.08,32,0.0,-0.015,0.9998,80.0,0.1,8,10,0.04137921333312988
QPSK,0.01,0.03,0.08,32,0.0,-0.015,1.0002,80.0,0.1,8,10,0.048273324966430664
QPSK,0.01,0.03,0.08,32,0.0,0.0,0.9998,90.0,0.0,9,10,0.04155135154724121
QPSK,0.01,0.03,0.08,32,0.0,0.0,1.0002,90.0,0.0,9,10,0.05055713653564453
QPSK,0.01,0.03,0.08,32,0.0,0.015,0.9998,80.0,0.1,8,10,0.048737525939941406
QPSK,0.01,0.03,0.08,32,0.0,0.015,1.0002,80.0,0.1,8,10,0.036562204360961914
QPSK,0.01,0.03,0.08,32,0.2,-0.015,0.9998,80.0,0.010000000000000002,8,10,0.04085373878479004
QPSK,0.01,0.03,0.08,32,0.2,-0.015,1.0002,80.0,0.010000000000000002,8,10,0.047901153564453125
QPSK,0.01,0.03,0.08,32,0.2,0.0,0.9998,90.0,0.005000000000000001,9,10,0.046872615814208984
QPSK,0.01,0.03,0.08,32,0.2,0.0,1.0002,90.0,0.005000000000000001,9,10,0.03919482231140137
QPSK,0.01,0.03,0.08,32,0.2,0.015,0.9998,80.0,0.010000000000000002,8,10,0.037087202072143555
QPSK,0.01,0.03,0.08,32,0.2,0.015,1.0002,80.0,0.010000000000000002,8,10,0.04525947570800781
QPSK,0.01,0.03,0.08,32,0.45,-0.015,0.9998,70.0,0.015,7,10,0.04231619834899902
QPSK,0.01,0.03,0.08,32,0.45,-0.015,1.0002,70.0,0.015,7,10,0.042418479919433594
QPSK,0.01,0.03,0.08,32,0.45,0.0,0.9998,90.0,0.005000000000000001,9,10,0.043302297592163086
QPSK,0.01,0.03,0.08,32,0.45,0.0,1.0002,90.0,0.005000000000000001,9,10,0.040048837661743164
QPSK,0.01,0.03,0.08,32,0.45,0.015,0.9998,70.0,0.015,7,10,0.04807925224304199
QPSK,0.01,0.03,0.08,32,0.45,0.015,1.0002,70.0,0.015,7,10,0.044474124908447266
QPSK,0.01,0.03,0.08,48,0.0,-0.015,0.9998,80.0,0.1,8,10,0.05161762237548828
QPSK,0.01,0.03,0.08,48,0.0,-0.015,1.0002,80.0,0.1,8,10,0.04430651664733887
QPSK,0.01,0.03,0.08,48,0.0,0.0,0.9998,90.0,0.0,9,10,0.0706336498260498
QPSK,0.01,0.03,0.08,48,0.0,0.0,1.0002,90.0,0.0,9,10,0.058309078216552734
QPSK,0.01,0.03,0.08,48,0.0,0.015,0.9998,80.0,0.1,8,10,0.04138803482055664
QPSK,0.01,0.03,0.08,48,0.0,0.015,1.0002,80.0,0.1,8,10,0.04795026779174805
QPSK,0.01,0.03,0.08,48,0.2,-0.015,0.9998,80.0,0.010000000000000002,8,10,0.04341006278991699
QPSK,0.01,0.03,0.08,48,0.2,-0.015,1.0002,80.0,0.010000000000000002,8,10,0.06002688407897949
QPSK,0.01,0.03,0.08,48,0.2,0.0,0.9998,90.0,0.005000000000000001,9,10,0.046059370040893555
QPSK,0.01,0.03,0.08,48,0.2,0.0,1.0002,90.0,0.005000000000000001,9,10,0.03966951370239258
QPSK,0.01,0.03,0.08,48,0.2,0.015,0.9998,80.0,0.010000000000000002,8,10,0.04071307182312012
QPSK,0.01,0.03,0.08,48,0.2,0.015,1.0002,80.0,0.010000000000000002,8,10,0.04236149787902832
QPSK,0.01,0.03,0.08,48,0.45,-0.015,0.9998,60.0,0.020000000000000004,6,10,0.050275325775146484
QPSK,0.01,0.03,0.08,48,0.45,-0.015,1.0002,80.0,0.010000000000000002,8,10,0.04193258285522461
QPSK,0.01,0.03,0.08,48,0.45,0.0,0.9998,90.0,0.005000000000000001,9,10,0.06209826469421387
QPSK,0.01,0.03,0.08,48,0.45,0.0,1.0002,80.0,0.010000000000000002,8,10,0.04922914505004883
QPSK,0.01,0.03,0.08,48,0.45,0.015,0.9998,80.0,0.010000000000000002,8,10,0.04668688774108887
QPSK,0.01,0.03,0.08,48,0.45,0.015,1.0002,80.0,0.010000000000000002,8,10,0.0452876091003418
QPSK,0.01,0.0628,0.025,16,0.0,-0.015,0.9998,90.0,0.0,9,10,0.04441213607788086
QPSK,0.01,0.0628,0.025,16,0.0,-0.015,1.0002,90.0,0.0,9,10,0.04468870162963867
QPSK,0.01,0.0628,0.025,16,0.0,0.0,0.9998,90.0,0.0,9,10,0.05018138885498047
QPSK,0.01,0.0628,0.025,16,0.0,0.0,1.0002,90.0,0.0,9,10,0.039388179779052734
QPSK,0.01,0.0628,0.025,16,0.0,0.015,0.9998,90.0,0.0,9,10,0.04616594314575195
QPSK,0.01,0.0628,0.025,16,0.0,0.015,1.0002,90.0,0.0,9,10,0.04393196105957031
QPSK,0.01,0.0628,0.025,16,0.2,-0.015,0.9998,90.0,0.005000000000000001,9,10,0.0369260311126709
QPSK,0.01,0.0628,0.025,16,0.2,-0.015,1.0002,90.0,0.005000000000000001,9,10,0.042540788650512695
QPSK,0.01,0.0628,0.025,16,0.2,0.0,0.9998,90.0,0.005000000000000001,9,10,0.04283022880554199
QPSK,0.01,0.0628,0.025,16,0.2,0.0,1.0002,90.0,0.005000000000000001,9,10,0.04048562049865723
QPSK,0.01,0.0628,0.025,16,0.2,0.015,0.9998,90.0,0.005000000000000001,9,10,0.048104047775268555
QPSK,0.01,0.0628,0.025,16,0.2,0.015,1.0002,90.0,0.005000000000000001,9,10,0.03981733322143555
QPSK,0.01,0.0628,0.025,16,0.45,-0.015,0.9998,90.0,0.005000000000000001,9,10,0.04549884796142578
QPSK,0.01,0.0628,0.025,16,0.45,-0.015,1.0002,80.0,0.010000000000000002,8,10,0.05407547950744629
QPSK,0.01,0.0628,0.025,16,0.45,0.0,0.9998,90.0,0.005000000000000001,9,10,0.055586814880371094
QPSK,0.01,0.0628,0.025,16,0.45,0.0,1.0002,90.0,0.005000000000000001,9,10,0.04755449295043945
QPSK,0.01,0.0628,0.025,16,0.45,0.015,0.9998,80.0,0.010000000000000002,8,10,0.06245088577270508
QPSK,0.01,0.0628,0.025,16,0.45,0.015,1.0002,80.0,0.010000000000000002,8,10,0.06607723236083984
QPSK,0.01,0.0628,0.025,32,0.0,-0.015,0.9998,90.0,0.0,9,10,0.06013131141662598
QPSK,0.01,0.0628,0.025,32,0.0,-0.015,1.0002,90.0,0.0,9,10,0.052025556564331055
QPSK,0.01,0.0628,0.025,32,0.0,0.0,0.9998,90.0,0.0,9,10,0.052925825119018555
QPSK,0.01,0.0628,0.025,32,0.0,0.0,1.0002,90.0,0.0,9,10,0.04500436782836914
QPSK,0.01,0.0628,0.025,32,0.0,0.015,0.9998,90.0,0.0,9,10,0.04248976707458496
QPSK,0.01,0.0628,0.025,32,0.0,0.015,1.0002,90.0,0.0,9,10,0.04965567588806152
QPSK,0.01,0.0628,0.025,32,0.2,-0.015,0.9998,90.0,0.005000000000000001,9,10,0.04498147964477539
QPSK,0.01,0.0628,0.025,32,0.2,-0.015,1.0002,90.0,0.005000000000000001,9,10,0.08012986183166504
QPSK,0.01,0.0628,0.025,32,0.2,0.0,0.9998,90.0,0.005000000000000001,9,10,0.06332111358642578
QPSK,0.01,0.0628,0.025,32,0.2,0.0,1.0002,90.0,0.005000000000000001,9,10,0.06901121139526367
QPSK,0.01,0.0628,0.025,32,0.2,0.015,0.9998,90.0,0.005000000000000001,9,10,0.06090950965881348
QPSK,0.01,0.0628,0.025,32,0.2,0.015,1.0002,90.0,0.005000000000000001,9,10,0.06171464920043945
QPSK,0.01,0.0628,0.025,32,0.45,-0.015,0.9998,80.0,0.010000000000000002,8,10,0.05934548377990723
QPSK,0.01,0.0628,0.025,32,0.45,-0.015,1.0002,80.0,0.010000000000000002,8,10,0.0407259464263916
QPSK,0.01,0.0628,0.025,32,0.45,0.0,0.9998,90.0,0.005000000000000001,9,10,0.053781986236572266
QPSK,0.01,0.0628,0.025,32,0.45,0.0,1.0002,90.0,0.005000000000000001,9,10,0.04751396179199219
QPSK,0.01,0.0628,0.025,32,0.45,0.015,0.9998,80.0,0.010000000000000002,8,10,0.042824745178222656
QPSK,0.01,0.0628,0.025,32,0.45,0.015,1.0002,80.0,0.010000000000000002,8,10,0.05103754997253418
QPSK,0.01,0.0628,0.025,48,0.0,-0.015,0.9998,90.0,0.0,9,10,0.04307699203491211
QPSK,0.01,0.0628,0.025,48,0.0,-0.015,1.0002,90.0,0.0,9,10,0.04393601417541504
QPSK,0.01,0.0628,0.025,48,0.0,0.0,0.9998,90.0,0.0,9,10,0.048699378967285156
QPSK,0.01,0.0628,0.025,48,0.0,0.0,1.0002,90.0,0.0,9,10,0.04886579513549805
QPSK,0.01,0.0628,0.025,48,0.0,0.015,0.9998,90.0,0.0,9,10,0.04782700538635254
QPSK,0.01,0.0628,0.025,48,0.0,0.015,1.0002,90.0,0.0,9,10,0.05073213577270508
QPSK,0.01,0.0628,0.025,48,0.2,-0.015,0.9998,90.0,0.005000000000000001,9,10,0.04962635040283203
QPSK,0.01,0.0628,0.025,48,0.2,-0.015,1.0002,90.0,0.005000000000000001,9,10,0.07771754264831543
QPSK,0.01,0.0628,0.025,48,0.2,0.0,0.9998,90.0,0.005000000000000001,9,10,0.048464298248291016
QPSK,0.01,0.0628,0.025,48,0.2,0.0,1.0002,90.0,0.005000000000000001,9,10,0.044625043869018555
QPSK,0.01,0.0628,0.025,48,0.2,0.015,0.9998,90.0,0.005000000000000001,9,10,0.05320286750793457
QPSK,0.01,0.0628,0.025,48,0.2,0.015,1.0002,90.0,0.005000000000000001,9,10,0.0429227352142334
QPSK,0.01,0.0628,0.025,48,0.45,-0.015,0.9998,70.0,0.015,7,10,0.04849052429199219
QPSK,0.01,0.0628,0.025,48,0.45,-0.015,1.0002,80.0,0.010000000000000002,8,10,0.0456385612487793
QPSK,0.01,0.0628,0.025,48,0.45,0.0,0.9998,90.0,0.005000000000000001,9,10,0.05842709541320801
QPSK,0.01,0.0628,0.025,48,0.45,0.0,1.0002,80.0,0.010000000000000002,8,10,0.045813560485839844
QPSK,0.01,0.0628,0.025,48,0.45,0.015,0.9998,90.0,0.005000000000000001,9,10,0.04025149345397949
QPSK,0.01,0.0628,0.025,48,0.45,0.015,1.0002,90.0,0.005000000000000001,9,10,0.05062246322631836
QPSK,0.01,0.0628,0.045,16,0.0,-0.015,0.9998,90.0,0.0,9,10,0.04288625717163086
QPSK,0.01,0.0628,0.045,16,0.0,-0.015,1.0002,90.0,0.0,9,10,0.03744912147521973
QPSK,0.01,0.0628,0.045,16,0.0,0.0,0.9998,90.0,0.0,9,10,0.037653446197509766
QPSK,0.01,0.0628,0.045,16,0.0,0.0,1.0002,90.0,0.0,9,10,0.03864598274230957
QPSK,0.01,0.0628,0.045,16,0.0,0.015,0.9998,90.0,0.0,9,10,0.047955989837646484
QPSK,0.01,0.0628,0.045,16,0.0,0.015,1.0002,90.0,0.0,9,10,0.04134702682495117
QPSK,0.01,0.0628,0.045,16,0.2,-0.015,0.9998,90.0,0.005000000000000001,9,10,0.042382240295410156
QPSK,0.01,0.0628,0.045,16,0.2,-0.015,1.0002,90.0,0.005000000000000001,9,10,0.04161334037780762
QPSK,0.01,0.0628,0.045,16,0.2,0.0,0.9998,90.0,0.005000000000000001,9,10,0.036908626556396484
QPSK,0.01,0.0628,0.045,16,0.2,0.0,1.0002,90.0,0.005000000000000001,9,10,0.039838314056396484
QPSK,0.01,0.0628,0.045,16,0.2,0.015,0.9998,90.0,0.005000000000000001,9,10,0.038794755935668945
QPSK,0.01,0.0628,0.045,16,0.2,0.015,1.0002,90.0,0.005000000000000001,9,10,0.0408935546875
QPSK,0.01,0.0628,0.045,16,0.45,-0.015,0.9998,90.0,0.005000000000000001,9,10,0.053777456283569336
QPSK,0.01,0.0628,0.045,16,0.45,-0.015,1.0002,90.0,0.005000000000000001,9,10,0.047211408615112305
QPSK,0.01,0.0628,0.045,16,0.45,0.0,0.9998,90.0,0.005000000000000001,9,10,0.04091215133666992
QPSK,0.01,0.0628,0.045,16,0.45,0.0,1.0002,90.0,0.005000000000000001,9,10,0.04743361473083496
QPSK,0.01,0.0628,0.045,16,0.45,0.015,0.9998,80.0,0.010000000000000002,8,10,0.04457736015319824
QPSK,0.01,0.0628,0.045,16,0.45,0.015,1.0002,80.0,0.010000000000000002,8,10,0.041606903076171875
QPSK,0.01,0.0628,0.045,32,0.0,-0.015,0.9998,90.0,0.0,9,10,0.05527448654174805
QPSK,0.01,0.0628,0.045,32,0.0,-0.015,1.0002,90.0,0.0,9,10,0.043469905853271484
QPSK,0.01,0.0628,0.045,32,0.0,0.0,0.9998,90.0,0.0,9,10,0.04614734649658203
QPSK,0.01,0.0628,0.045,32,0.0,0.0,1.0002,90.0,0.0,9,10,0.045536041259765625
QPSK,0.01,0.0628,0.045,32,0.0,0.015,0.9998,90.0,0.0,9,10,0.07162117958068848
QPSK,0.01,0.0628,0.045,32,0.0,0.015,1.0002,90.0,0.0,9,10,0.04712700843811035
QPSK,0.01,0.0628,0.045,32,0.2,-0.015,0.9998,90.0,0.005000000000000001,9,10,0.055715322494506836
QPSK,0.01,0.0628,0.045,32,0.2,-0.015,1.0002,90.0,0.005000000000000001,9,10,0.04228711128234863
QPSK,0.01,0.0628,0.045,32,0.2,0.0,0.9998,90.0,0.005000000000000001,9,10,0.04139304161071777
QPSK,0.01,0.0628,0.045,32,0.2,0.0,1.0002,90.0,0.005000000000000001,9,10,0.037357330322265625
QPSK,0.01,0.0628,0.045,32,0.2,0.015,0.9998,90.0,0.005000000000000001,9,10,0.047677040100097656
QPSK,0.01,0.0628,0.045,32,0.2,0.015,1.0002,90.0,0.005000000000000001,9,10,0.04507017135620117
QPSK,0.01,0.0628,0.045,32,0.45,-0.015,0.9998,90.0,0.005000000000000001,9,10,0.04452180862426758
QPSK,0.01,0.0628,0.045,32,0.45,-0.015,1.0002,90.0,0.005000000000000001,9,10,0.04182314872741699
QPSK,0.01,0.0628,0.045,32,0.45,0.0,0.9998,90.0,0.005000000000000001,9,10,0.042078495025634766
QPSK,0.01,0.0628,0.045,32,0.45,0.0,1.0002,90.0,0.005000000000000001,9,10,0.033429622650146484
QPSK,0.01,0.0628,0.045,32,0.45,0.015,0.9998,80.0,0.010000000000000002,8,10,0.03638958930969238
QPSK,0.01,0.0628,0.045,32,0.45,0.015,1.0002,80.0,0.010000000000000002,8,10,0.048590660095214844
QPSK,0.01,0.0628,0.045,48,0.0,-0.015,0.9998,90.0,0.0,9,10,0.0447230339050293
QPSK,0.01,0.0628,0.045,48,0.0,-0.015,1.0002,90.0,0.0,9,10,0.052260637283325195
QPSK,0.01,0.0628,0.045,48,0.0,0.0,0.9998,90.0,0.0,9,10,0.05300593376159668
QPSK,0.01,0.0628,0.045,48,0.0,0.0,1.0002,90.0,0.0,9,10,0.05187630653381348
QPSK,0.01,0.0628,0.045,48,0.0,0.015,0.9998,90.0,0.0,9,10,0.0402226448059082
QPSK,0.01,0.0628,0.045,48,0.0,0.015,1.0002,90.0,0.0,9,10,0.048401832580566406
QPSK,0.01,0.0628,0.045,48,0.2,-0.015,0.9998,90.0,0.005000000000000001,9,10,0.04071784019470215
QPSK,0.01,0.0628,0.045,48,0.2,-0.015,1.0002,90.0,0.005000000000000001,9,10,0.04622793197631836
QPSK,0.01,0.0628,0.045,48,0.2,0.0,0.9998,90.0,0.005000000000000001,9,10,0.04245567321777344
QPSK,0.01,0.0628,0.045,48,0.2,0.0,1.0002,90.0,0.005000000000000001,9,10,0.04000377655029297
QPSK,0.01,0.0628,0.045,48,0.2,0.015,0.9998,90.0,0.005000000000000001,9,10,0.05025172233581543
QPSK,0.01,0.0628,0.045,48,0.2,0.015,1.0002,90.0,0.005000000000000001,9,10,0.04585552215576172
QPSK,0.01,0.0628,0.045,48,0.45,-0.015,0.9998,80.0,0.010000000000000002,8,10,0.03318357467651367
QPSK,0.01,0.0628,0.045,48,0.45,-0.015,1.0002,90.0,0.005000000000000001,9,10,0.04656219482421875
QPSK,0.01,0.0628,0.045,48,0.45,0.0,0.9998,90.0,0.005000000000000001,9,10,0.04734373092651367
QPSK,0.01,0.0628,0.045,48,0.45,0.0,1.0002,80.0,0.010000000000000002,8,10,0.042688608169555664
QPSK,0.01,0.0628,0.045,48,0.45,0.015,0.9998,90.0,0.005000000000000001,9,10,0.04206442832946777
QPSK,0.01,0.0628,0.045,48,0.45,0.015,1.0002,90.0,0.005000000000000001,9,10,0.04749703407287598
QPSK,0.01,0.0628,0.08,16,0.0,-0.015,0.9998,90.0,0.0,9,10,0.04239964485168457
QPSK,0.01,0.0628,0.08,16,0.0,-0.015,1.0002,90.0,0.0,9,10,0.07986283302307129
QPSK,0.01,0.0628,0.08,16,0.0,0.0,0.9998,90.0,0.0,9,10,0.035562992095947266
QPSK,0.01,0.0628,0.08,16,0.0,0.0,1.0002,90.0,0.0,9,10,0.057860374450683594
QPSK,0.01,0.0628,0.08,16,0.0,0.015,0.9998,90.0,0.0,9,10,0.04855227470397949
QPSK,0.01,0.0628,0.08,16,0.0,0.015,1.0002,90.0,0.0,9,10,0.045424699783325195
QPSK,0.01,0.0628,0.08,16,0.2,-0.015,0.9998,90.0,0.005000000000000001,9,10,0.041015625
QPSK,0.01,0.0628,0.08,16,0.2,-0.015,1.0002,90.0,0.005000000000000001,9,10,0.04525113105773926
QPSK,0.01,0.0628,0.08,16,0.2,0.0,0.9998,90.0,0.005000000000000001,9,10,0.06373071670532227
QPSK,0.01,0.0628,0.08,16,0.2,0.0,1.0002,90.0,0.005000000000000001,9,10,0.058344125747680664
QPSK,0.01,0.0628,0.08,16,0.2,0.015,0.9998,90.0,0.005000000000000001,9,10,0.04991650581359863
QPSK,0.01,0.0628,0.08,16,0.2,0.015,1.0002,90.0,0.005000000000000001,9,10,0.053624629974365234
QPSK,0.01,0.0628,0.08,16,0.45,-0.015,0.9998,90.0,0.005000000000000001,9,10,0.04974865913391113
QPSK,0.01,0.0628,0.08,16,0.45,-0.015,1.0002,90.0,0.005000000000000001,9,10,0.04281163215637207
QPSK,0.01,0.0628,0.08,16,0.45,0.0,0.9998,90.0,0.005000000000000001,9,10,0.0451202392578125
QPSK,0.01,0.0628,0.08,16,0.45,0.0,1.0002,90.0,0.005000000000000001,9,10,0.05368924140930176
QPSK,0.01,0.0628,0.08,16,0.45,0.015,0.9998,80.0,0.010000000000000002,8,10,0.051252126693725586
QPSK,0.01,0.0628,0.08,16,0.45,0.015,1.0002,80.0,0.010000000000000002,8,10,0.05202817916870117
QPSK,0.01,0.0628,0.08,32,0.0,-0.015,0.9998,90.0,0.0,9,10,0.044704437255859375
QPSK,0.01,0.0628,0.08,32,0.0,-0.015,1.0002,90.0,0.0,9,10,0.04445147514343262
QPSK,0.01,0.0628,0.08,32,0.0,0.0,0.9998,90.0,0.0,9,10,0.04307985305786133
QPSK,0.01,0.0628,0.08,32,0.0,0.0,1.0002,90.0,0.0,9,10,0.0460658073425293
QPSK,0.01,0.0628,0.08,32,0.0,0.015,0.9998,90.0,0.0,9,10,0.04057002067565918
QPSK,0.01,0.0628,0.08,32,0.0,0.015,1.0002,90.0,0.0,9,10,0.04156160354614258
QPSK,0.01,0.0628,0.08,32,0.2,-0.015,0.9998,90.0,0.005000000000000001,9,10,0.04287147521972656
QPSK,0.01,0.0628,0.08,32,0.2,-0.015,1.0002,90.0,0.005000000000000001,9,10,0.03853726387023926
QPSK,0.01,0.0628,0.08,32,0.2,0.0,0.9998,90.0,0.005000000000000001,9,10,0.04997897148132324
QPSK,0.01,0.0628,0.08,32,0.2,0.0,1.0002,90.0,0.005000000000000001,9,10,0.0696098804473877
QPSK,0.01,0.0628,0.08,32,0.2,0.015,0.9998,90.0,0.005000000000000001,9,10,0.045540571212768555
QPSK,0.01,0.0628,0.08,32,0.2,0.015,1.0002,90.0,0.005000000000000001,9,10,0.051462650299072266
QPSK,0.01,0.0628,0.08,32,0.45,-0.015,0.9998,90.0,0.005000000000000001,9,10,0.04615926742553711
QPSK,0.01,0.0628,0.08,32,0.45,-0.015,1.0002,90.0,0.005000000000000001,9,10,0.03820657730102539
QPSK,0.01,0.0628,0.08,32,0.45,0.0,0.9998,90.0,0.005000000000000001,9,10,0.04700875282287598
QPSK,0.01,0.0628,0.08,32,0.45,0.0,1.0002,90.0,0.005000000000000001,9,10,0.03914833068847656
QPSK,0.01,0.0628,0.08,32,0.45,0.015,0.9998,90.0,0.005000000000000001,9,10,0.043793678283691406
QPSK,0.01,0.0628,0.08,32,0.45,0.015,1.0002,90.0,0.005000000000000001,9,10,0.03885364532470703
QPSK,0.01,0.0628,0.08,48,0.0,-0.015,0.9998,90.0,0.0,9,10,0.03463602066040039
QPSK,0.01,0.0628,0.08,48,0.0,-0.015,1.0002,90.0,0.0,9,10,0.05047321319580078
QPSK,0.01,0.0628,0.08,48,0.0,0.0,0.9998,90.0,0.0,9,10,0.04017806053161621
QPSK,0.01,0.0628,0.08,48,0.0,0.0,1.0002,90.0,0.0,9,10,0.04740548133850098
QPSK,0.01,0.0628,0.08,48,0.0,0.015,0.9998,90.0,0.0,9,10,0.04332566261291504
QPSK,0.01,0.0628,0.08,48,0.0,0.015,1.0002,90.0,0.0,9,10,0.05376029014587402
QPSK,0.01,0.0628,0.08,48,0.2,-0.015,0.9998,90.0,0.005000000000000001,9,10,0.04786062240600586
QPSK,0.01,0.0628,0.08,48,0.2,-0.015,1.0002,90.0,0.005000000000000001,9,10,0.04876399040222168
QPSK,0.01,0.0628,0.08,48,0.2,0.0,0.9998,90.0,0.005000000000000001,9,10,0.04426169395446777
QPSK,0.01,0.0628,0.08,48,0.2,0.0,1.0002,90.0,0.005000000000000001,9,10,0.045800209045410156
QPSK,0.01,0.0628,0.08,48,0.2,0.015,0.9998,90.0,0.005000000000000001,9,10,0.049109458923339844
QPSK,0.01,0.0628,0.08,48,0.2,0.015,1.0002,90.0,0.005000000000000001,9,10,0.0542604923248291
QPSK,0.01,0.0628,0.08,48,0.45,-0.015,0.9998,80.0,0.010000000000000002,8,10,0.046596527099609375
QPSK,0.01,0.0628,0.08,48,0.45,-0.015,1.0002,90.0,0.005000000000000001,9,10,0.046961307525634766
QPSK,0.01,0.0628,0.08,48,0.45,0.0,0.9998,90.0,0.005000000000000001,9,10,0.03896474838256836
QPSK,0.01,0.0628,0.08,48,0.45,0.0,1.0002,80.0,0.010000000000000002,8,10,0.04245781898498535
QPSK,0.01,0.0628,0.08,48,0.45,0.015,0.9998,90.0,0.005000000000000001,9,10,0.04227638244628906
QPSK,0.01,0.0628,0.08,48,0.45,0.015,1.0002,90.0,0.005000000000000001,9,10,0.046175479888916016
QPSK,0.01,0.1,0.025,16,0.0,-0.015,0.9998,90.0,0.0,9,10,0.03784990310668945
QPSK,0.01,0.1,0.025,16,0.0,-0.015,1.0002,90.0,0.0,9,10,0.04228973388671875
QPSK,0.01,0.1,0.025,16,0.0,0.0,0.9998,90.0,0.0,9,10,0.042821645736694336
QPSK,0.01,0.1,0.025,16,0.0,0.0,1.0002,90.0,0.0,9,10,0.04861116409301758
QPSK,0.01,0.1,0.025,16,0.0,0.015,0.9998,90.0,0.0,9,10,0.043045759201049805
QPSK,0.01,0.1,0.025,16,0.0,0.015,1.0002,90.0,0.0,9,10,0.04660677909851074
QPSK,0.01,0.1,0.025,16,0.2,-0.015,0.9998,90.0,0.005000000000000001,9,10,0.08521246910095215
QPSK,0.01,0.1,0.025,16,0.2,-0.015,1.0002,90.0,0.005000000000000001,9,10,0.04170584678649902
QPSK,0.01,0.1,0.025,16,0.2,0.0,0.9998,90.0,0.005000000000000001,9,10,0.05691814422607422
QPSK,0.01,0.1,0.025,16,0.2,0.0,1.0002,90.0,0.005000000000000001,9,10,0.04568982124328613
QPSK,0.01,0.1,0.025,16,0.2,0.015,0.9998,90.0,0.005000000000000001,9,10,0.045891761779785156
QPSK,0.01,0.1,0.025,16,0.2,0.015,1.0002,90.0,0.005000000000000001,9,10,0.03401327133178711
QPSK,0.01,0.1,0.025,16,0.45,-0.015,0.9998,90.0,0.005000000000000001,9,10,0.041263580322265625
QPSK,0.01,0.1,0.025,16,0.45,-0.015,1.0002,90.0,0.005000000000000001,9,10,0.046559810638427734
QPSK,0.01,0.1,0.025,16,0.45,0.0,0.9998,90.0,0.005000000000000001,9,10,0.04251742362976074
QPSK,0.01,0.1,0.025,16,0.45,0.0,1.0002,90.0,0.005000000000000001,9,10,0.042644500732421875
QPSK,0.01,0.1,0.025,16,0.45,0.015,0.9998,90.0,0.005000000000000001,9,10,0.047833919525146484
QPSK,0.01,0.1,0.025,16,0.45,0.015,1.0002,90.0,0.005000000000000001,9,10,0.0426640510559082
QPSK,0.01,0.1,0.025,32,0.0,-0.015,0.9998,90.0,0.0,9,10,0.040946006774902344
QPSK,0.01,0.1,0.025,32,0.0,-0.015,1.0002,90.0,0.0,9,10,0.05106496810913086
QPSK,0.01,0.1,0.025,32,0.0,0.0,0.9998,90.0,0.0,9,10,0.04378080368041992
QPSK,0.01,0.1,0.025,32,0.0,0.0,1.0002,90.0,0.0,9,10,0.04273796081542969
QPSK,0.01,0.1,0.025,32,0.0,0.015,0.9998,90.0,0.0,9,10,0.04190540313720703
QPSK,0.01,0.1,0.025,32,0.0,0.015,1.0002,90.0,0.0,9,10,0.03974103927612305
QPSK,0.01,0.1,0.025,32,0.2,-0.015,0.9998,90.0,0.005000000000000001,9,10,0.05047178268432617
QPSK,0.01,0.1,0.025,32,0.2,-0.015,1.0002,90.0,0.005000000000000001,9,10,0.04741978645324707
QPSK,0.01,0.1,0.025,32,0.2,0.0,0.9998,90.0,0.005000000000000001,9,10,0.03855562210083008
QPSK,0.01,0.1,0.025,32,0.2,0.0,1.0002,90.0,0.005000000000000001,9,10,0.0444948673248291
QPSK,0.01,0.1,0.025,32,0.2,0.015,0.9998,90.0,0.005000000000000001,9,10,0.03561258316040039
QPSK,0.01,0.1,0.025,32,0.2,0.015,1.0002,90.0,0.005000000000000001,9,10,0.044515371322631836
QPSK,0.01,0.1,0.025,32,0.45,-0.015,0.9998,80.0,0.010000000000000002,8,10,0.05370926856994629
QPSK,0.01,0.1,0.025,32,0.45,-0.015,1.0002,80.0,0.010000000000000002,8,10,0.05086159706115723
QPSK,0.01,0.1,0.025,32,0.45,0.0,0.9998,90.0,0.005000000000000001,9,10,0.035935401916503906
QPSK,0.01,0.1,0.025,32,0.45,0.0,1.0002,90.0,0.005000000000000001,9,10,0.036440372467041016
QPSK,0.01,0.1,0.025,32,0.45,0.015,0.9998,80.0,0.010000000000000002,8,10,0.04563784599304199
QPSK,0.01,0.1,0.025,32,0.45,0.015,1.0002,80.0,0.010000000000000002,8,10,0.04477643966674805
QPSK,0.01,0.1,0.025,48,0.0,-0.015,0.9998,90.0,0.0,9,10,0.0479741096496582
QPSK,0.01,0.1,0.025,48,0.0,-0.015,1.0002,90.0,0.0,9,10,0.03805732727050781
QPSK,0.01,0.1,0.025,48,0.0,0.0,0.9998,90.0,0.0,9,10,0.05540156364440918
QPSK,0.01,0.1,0.025,48,0.0,0.0,1.0002,90.0,0.0,9,10,0.0804901123046875
QPSK,0.01,0.1,0.025,48,0.0,0.015,0.9998,90.0,0.0,9,10,0.04480481147766113
QPSK,0.01,0.1,0.025,48,0.0,0.015,1.0002,90.0,0.0,9,10,0.04588890075683594
QPSK,0.01,0.1,0.025,48,0.2,-0.015,0.9998,90.0,0.005000000000000001,9,10,0.04816627502441406
QPSK,0.01,0.1,0.025,48,0.2,-0.015,1.0002,90.0,0.005000000000000001,9,10,0.05510973930358887
QPSK,0.01,0.1,0.025,48,0.2,0.0,0.9998,90.0,0.005000000000000001,9,10,0.046109914779663086
QPSK,0.01,0.1,0.025,48,0.2,0.0,1.0002,90.0,0.005000000000000001,9,10,0.05155539512634277
QPSK,0.01,0.1,0.025,48,0.2,0.015,0.9998,90.0,0.005000000000000001,9,10,0.04880881309509277
QPSK,0.01,0.1,0.025,48,0.2,0.015,1.0002,90.0,0.005000000000000001,9,10,0.05448484420776367
QPSK,0.01,0.1,0.025,48,0.45,-0.015,0.9998,70.0,0.015,7,10,0.0639488697052002
QPSK,0.01,0.1,0.025,48,0.45,-0.015,1.0002,70.0,0.015,7,10,0.044496774673461914
QPSK,0.01,0.1,0.025,48,0.45,0.0,0.9998,90.0,0.005000000000000001,9,10,0.0655357837677002
QPSK,0.01,0.1,0.025,48,0.45,0.0,1.0002,80.0,0.010000000000000002,8,10,0.060861825942993164
QPSK,0.01,0.1,0.025,48,0.45,0.015,0.9998,90.0,0.005000000000000001,9,10,0.04908347129821777
QPSK,0.01,0.1,0.025,48,0.45,0.015,1.0002,90.0,0.005000000000000001,9,10,0.05374455451965332
QPSK,0.01,0.1,0.045,16,0.0,-0.015,0.9998,90.0,0.0,9,10,0.039489030838012695
QPSK,0.01,0.1,0.045,16,0.0,-0.015,1.0002,90.0,0.0,9,10,0.04525327682495117
QPSK,0.01,0.1,0.045,16,0.0,0.0,0.9998,90.0,0.0,9,10,0.037451744079589844
QPSK,0.01,0.1,0.045,16,0.0,0.0,1.0002,90.0,0.0,9,10,0.044135332107543945
QPSK,0.01,0.1,0.045,16,0.0,0.015,0.9998,90.0,0.0,9,10,0.0533750057220459
QPSK,0.01,0.1,0.045,16,0.0,0.015,1.0002,90.0,0.0,9,10,0.04907488822937012
QPSK,0.01,0.1,0.045,16,0.2,-0.015,0.9998,90.0,0.005000000000000001,9,10,0.04307723045349121
QPSK,0.01,0.1,0.045,16,0.2,-0.015,1.0002,90.0,0.005000000000000001,9,10,0.041878461837768555
QPSK,0.01,0.1,0.045,16,0.2,0.0,0.9998,90.0,0.005000000000000001,9,10,0.031013965606689453
QPSK,0.01,0.1,0.045,16,0.2,0.0,1.0002,90.0,0.005000000000000001,9,10,0.03829646110534668
QPSK,0.01,0.1,0.045,16,0.2,0.015,0.9998,90.0,0.005000000000000001,9,10,0.04761219024658203
QPSK,0.01,0.1,0.045,16,0.2,0.015,1.0002,90.0,0.005000000000000001,9,10,0.07745099067687988
QPSK,0.01,0.1,0.045,16,0.45,-0.015,0.9998,90.0,0.005000000000000001,9,10,0.04290199279785156
QPSK,0.01,0.1,0.045,16,0.45,-0.015,1.0002,90.0,0.005000000000000001,9,10,0.04183650016784668
QPSK,0.01,0.1,0.045,16,0.45,0.0,0.9998,90.0,0.005000000000000001,9,10,0.0474090576171875
QPSK,0.01,0.1,0.045,16,0.45,0.0,1.0002,90.0,0.005000000000000001,9,10,0.04847073554992676
QPSK,0.01,0.1,0.045,16,0.45,0.015,0.9998,90.0,0.005000000000000001,9,10,0.044242143630981445
QPSK,0.01,0.1,0.045,16,0.45,0.015,1.0002,90.0,0.005000000000000001,9,10,0.06077265739440918
QPSK,0.01,0.1,0.045,32,0.0,-0.015,0.9998,90.0,0.0,9,10,0.04786348342895508
QPSK,0.01,0.1,0.045,32,0.0,-0.015,1.0002,90.0,0.0,9,10,0.04215431213378906
QPSK,0.01,0.1,0.045,32,0.0,0.0,0.9998,90.0,0.0,9,10,0.046309471130371094
QPSK,0.01,0.1,0.045,32,0.0,0.0,1.0002,90.0,0.0,9,10,0.04412579536437988
QPSK,0.01,0.1,0.045,32,0.0,0.015,0.9998,90.0,0.0,9,10,0.0430147647857666
QPSK,0.01,0.1,0.045,32,0.0,0.015,1.0002,90.0,0.0,9,10,0.04209446907043457
QPSK,0.01,0.1,0.045,32,0.2,-0.015,0.9998,90.0,0.005000000000000001,9,10,0.03793215751647949
QPSK,0.01,0.1,0.045,32,0.2,-0.015,1.0002,90.0,0.005000000000000001,9,10,0.04127144813537598
QPSK,0.01,0.1,0.045,32,0.2,0.0,0.9998,90.0,0.005000000000000001,9,10,0.04477119445800781
QPSK,0.01,0.1,0.045,32,0.2,0.0,1.0002,90.0,0.005000000000000001,9,10,0.052219390869140625
QPSK,0.01,0.1,0.045,32,0.2,0.015,0.9998,90.0,0.005000000000000001,9,10,0.047412872314453125
QPSK,0.01,0.1,0.045,32,0.2,0.015,1.0002,90.0,0.005000000000000001,9,10,0.04642772674560547
QPSK,0.01,0.1,0.045,32,0.45,-0.015,0.9998,90.0,0.005000000000000001,9,10,0.038668155670166016
QPSK,0.01,0.1,0.045,32,0.45,-0.015,1.0002,90.0,0.005000000000000001,9,10,0.0500333309173584
QPSK,0.01,0.1,0.045,32,0.45,0.0,0.9998,90.0,0.005000000000000001,9,10,0.048125267028808594
QPSK,0.01,0.1,0.045,32,0.45,0.0,1.0002,90.0,0.005000000000000001,9,10,0.04189658164978027
QPSK,0.01,0.1,0.045,32,0.45,0.015,0.9998,90.0,0.005000000000000001,9,10,0.0582585334777832
QPSK,0.01,0.1,0.045,32,0.45,0.015,1.0002,90.0,0.005000000000000001,9,10,0.04373025894165039
QPSK,0.01,0.1,0.045,48,0.0,-0.015,0.9998,90.0,0.0,9,10,0.05158853530883789
QPSK,0.01,0.1,0.045,48,0.0,-0.015,1.0002,90.0,0.0,9,10,0.04577779769897461
QPSK,0.01,0.1,0.045,48,0.0,0.0,0.9998,90.0,0.0,9,10,0.03771829605102539
QPSK,0.01,0.1,0.045,48,0.0,0.0,1.0002,90.0,0.0,9,10,0.041733503341674805
QPSK,0.01,0.1,0.045,48,0.0,0.015,0.9998,90.0,0.0,9,10,0.050376176834106445
QPSK,0.01,0.1,0.045,48,0.0,0.015,1.0002,90.0,0.0,9,10,0.06222891807556152
QPSK,0.01,0.1,0.045,48,0.2,-0.015,0.9998,90.0,0.005000000000000001,9,10,0.040520429611206055
QPSK,0.01,0.1,0.045,48,0.2,-0.015,1.0002,90.0,0.005000000000000001,9,10,0.047026634216308594
QPSK,0.01,0.1,0.045,48,0.2,0.0,0.9998,90.0,0.005000000000000001,9,10,0.08277130126953125
QPSK,0.01,0.1,0.045,48,0.2,0.0,1.0002,90.0,0.005000000000000001,9,10,0.04827523231506348
QPSK,0.01,0.1,0.045,48,0.2,0.015,0.9998,90.0,0.005000000000000001,9,10,0.05025291442871094
QPSK,0.01,0.1,0.045,48,0.2,0.015,1.0002,90.0,0.005000000000000001,9,10,0.04973030090332031
QPSK,0.01,0.1,0.045,48,0.45,-0.015,0.9998,70.0,0.015,7,10,0.05336570739746094
QPSK,0.01,0.1,0.045,48,0.45,-0.015,1.0002,90.0,0.005000000000000001,9,10,0.04708719253540039
QPSK,0.01,0.1,0.045,48,0.45,0.0,0.9998,90.0,0.005000000000000001,9,10,0.039083003997802734
QPSK,0.01,0.1,0.045,48,0.45,0.0,1.0002,80.0,0.010000000000000002,8,10,0.043405771255493164
QPSK,0.01,0.1,0.045,48,0.45,0.015,0.9998,90.0,0.005000000000000001,9,10,0.055977582931518555
QPSK,0.01,0.1,0.045,48,0.45,0.015,1.0002,90.0,0.005000000000000001,9,10,0.046169281005859375
QPSK,0.01,0.1,0.08,16,0.0,-0.015,0.9998,90.0,0.0,9,10,0.04166841506958008
QPSK,0.01,0.1,0.08,16,0.0,-0.015,1.0002,90.0,0.0,9,10,0.04385948181152344
QPSK,0.01,0.1,0.08,16,0.0,0.0,0.9998,90.0,0.0,9,10,0.03579592704772949
QPSK,0.01,0.1,0.08,16,0.0,0.0,1.0002,90.0,0.0,9,10,0.04380607604980469
QPSK,0.01,0.1,0.08,16,0.0,0.015,0.9998,90.0,0.0,9,10,0.0403437614440918
QPSK,0.01,0.1,0.08,16,0.0,0.015,1.0002,90.0,0.0,9,10,0.036008596420288086
QPSK,0.01,0.1,0.08,16,0.2,-0.015,0.9998,90.0,0.005000000000000001,9,10,0.04051947593688965
QPSK,0.01,0.1,0.08,16,0.2,-0.015,1.0002,90.0,0.005000000000000001,9,10,0.04429912567138672
QPSK,0.01,0.1,0.08,16,0.2,0.0,0.9998,90.0,0.005000000000000001,9,10,0.04204845428466797
QPSK,0.01,0.1,0.08,16,0.2,0.0,1.0002,90.0,0.005000000000000001,9,10,0.045145273208618164
QPSK,0.01,0.1,0.08,16,0.2,0.015,0.9998,90.0,0.005000000000000001,9,10,0.041896820068359375
QPSK,0.01,0.1,0.08,16,0.2,0.015,1.0002,90.0,0.005000000000000001,9,10,0.0409238338470459
QPSK,0.01,0.1,0.08,16,0.45,-0.015,0.9998,90.0,0.005000000000000001,9,10,0.04424715042114258
QPSK,0.01,0.1,0.08,16,0.45,-0.015,1.0002,90.0,0.005000000000000001,9,10,0.04697680473327637
QPSK,0.01,0.1,0.08,16,0.45,0.0,0.9998,90.0,0.005000000000000001,9,10,0.03799867630004883
QPSK,0.01,0.1,0.08,16,0.45,0.0,1.0002,90.0,0.005000000000000001,9,10,0.03322339057922363
QPSK,0.01,0.1,0.08,16,0.45,0.015,0.9998,90.0,0.005000000000000001,9,10,0.03410768508911133
QPSK,0.01,0.1,0.08,16,0.45,0.015,1.0002,90.0,0.005000000000000001,9,10,0.03838920593261719
QPSK,0.01,0.1,0.08,32,0.0,-0.015,0.9998,90.0,0.0,9,10,0.04386711120605469
QPSK,0.01,0.1,0.08,32,0.0,-0.015,1.0002,90.0,0.0,9,10,0.04282522201538086
QPSK,0.01,0.1,0.08,32,0.0,0.0,0.9998,90.0,0.0,9,10,0.044661760330200195
QPSK,0.01,0.1,0.08,32,0.0,0.0,1.0002,90.0,0.0,9,10,0.046381235122680664
QPSK,0.01,0.1,0.08,32,0.0,0.015,0.9998,90.0,0.0,9,10,0.048840999603271484
QPSK,0.01,0.1,0.08,32,0.0,0.015,1.0002,90.0,0.0,9,10,0.07985615730285645
QPSK,0.01,0.1,0.08,32,0.2,-0.015,0.9998,90.0,0.005000000000000001,9,10,0.06085467338562012
QPSK,0.01,0.1,0.08,32,0.2,-0.015,1.0002,90.0,0.005000000000000001,9,10,0.048874855041503906
QPSK,0.01,0.1,0.08,32,0.2,0.0,0.9998,90.0,0.005000000000000001,9,10,0.055634498596191406
QPSK,0.01,0.1,0.08,32,0.2,0.0,1.0002,90.0,0.005000000000000001,9,10,0.04744887351989746
QPSK,0.01,0.1,0.08,32,0.2,0.015,0.9998,90.0,0.005000000000000001,9,10,0.0710451602935791
QPSK,0.01,0.1,0.08,32,0.2,0.015,1.0002,90.0,0.005000000000000001,9,10,0.0778038501739502
QPSK,0.01,0.1,0.08,32,0.45,-0.015,0.9998,90.0,0.005000000000000001,9,10,0.062328338623046875
QPSK,0.01,0.1,0.08,32,0.45,-0.015,1.0002,90.0,0.005000000000000001,9,10,0.05353236198425293
QPSK,0.01,0.1,0.08,32,0.45,0.0,0.9998,90.0,0.005000000000000001,9,10,0.055277109146118164
QPSK,0.01,0.1,0.08,32,0.45,0.0,1.0002,90.0,0.005000000000000001,9,10,0.07676029205322266
QPSK,0.01,0.1,0.08,32,0.45,0.015,0.9998,90.0,0.005000000000000001,9,10,0.05659770965576172
QPSK,0.01,0.1,0.08,32,0.45,0.015,1.0002,90.0,0.005000000000000001,9,10,0.038750410079956055
QPSK,0.01,0.1,0.08,48,0.0,-0.015,0.9998,90.0,0.0,9,10,0.04956316947937012
QPSK,0.01,0.1,0.08,48,0.0,-0.015,1.0002,90.0,0.0,9,10,0.044664859771728516
QPSK,0.01,0.1,0.08,48,0.0,0.0,0.9998,90.0,0.0,9,10,0.05744028091430664
QPSK,0.01,0.1,0.08,48,0.0,0.0,1.0002,90.0,0.0,9,10,0.03997182846069336
QPSK,0.01,0.1,0.08,48,0.0,0.015,0.9998,90.0,0.0,9,10,0.07103347778320312
QPSK,0.01,0.1,0.08,48,0.0,0.015,1.0002,90.0,0.0,9,10,0.055992841720581055
QPSK,0.01,0.1,0.08,48,0.2,-0.015,0.9998,90.0,0.005000000000000001,9,10,0.044809818267822266
QPSK,0.01,0.1,0.08,48,0.2,-0.015,1.0002,90.0,0.005000000000000001,9,10,0.0487978458404541
QPSK,0.01,0.1,0.08,48,0.2,0.0,0.9998,90.0,0.005000000000000001,9,10,0.04497194290161133
QPSK,0.01,0.1,0.08,48,0.2,0.0,1.0002,90.0,0.005000000000000001,9,10,0.03854036331176758
QPSK,0.01,0.1,0.08,48,0.2,0.015,0.9998,90.0,0.005000000000000001,9,10,0.04594731330871582
QPSK,0.01,0.1,0.08,48,0.2,0.015,1.0002,90.0,0.005000000000000001,9,10,0.0559389591217041
QPSK,0.01,0.1,0.08,48,0.45,-0.015,0.9998,80.0,0.010000000000000002,8,10,0.04819965362548828
QPSK,0.01,0.1,0.08,48,0.45,-0.015,1.0002,90.0,0.005000000000000001,9,10,0.07612895965576172
QPSK,0.01,0.1,0.08,48,0.45,0.0,0.9998,90.0,0.005000000000000001,9,10,0.04558587074279785
QPSK,0.01,0.1,0.08,48,0.45,0.0,1.0002,80.0,0.010000000000000002,8,10,0.04487752914428711
QPSK,0.01,0.1,0.08,48,0.45,0.015,0.9998,90.0,0.005000000000000001,9,10,0.049736738204956055
QPSK,0.01,0.1,0.08,48,0.45,0.015,1.0002,90.0,0.005000000000000001,9,10,0.04602766036987305
QPSK,0.0314,0.03,0.025,16,0.0,-0.015,0.9998,90.0,0.0,9,10,0.03781771659851074
QPSK,0.0314,0.03,0.025,16,0.0,-0.015,1.0002,90.0,0.0,9,10,0.04299354553222656
QPSK,0.0314,0.03,0.025,16,0.0,0.0,0.9998,90.0,0.0,9,10,0.0420384407043457
QPSK,0.0314,0.03,0.025,16,0.0,0.0,1.0002,90.0,0.0,9,10,0.04076409339904785
QPSK,0.0314,0.03,0.025,16,0.0,0.015,0.9998,90.0,0.0,9,10,0.05249166488647461
QPSK,0.0314,0.03,0.025,16,0.0,0.015,1.0002,90.0,0.0,9,10,0.04652833938598633
QPSK,0.0314,0.03,0.025,16,0.2,-0.015,0.9998,90.0,0.005000000000000001,9,10,0.05435347557067871
QPSK,0.0314,0.03,0.025,16,0.2,-0.015,1.0002,90.0,0.005000000000000001,9,10,0.04467463493347168
QPSK,0.0314,0.03,0.025,16,0.2,0.0,0.9998,90.0,0.005000000000000001,9,10,0.05190587043762207
QPSK,0.0314,0.03,0.025,16,0.2,0.0,1.0002,90.0,0.005000000000000001,9,10,0.0444488525390625
QPSK,0.0314,0.03,0.025,16,0.2,0.015,0.9998,90.0,0.005000000000000001,9,10,0.04318690299987793
QPSK,0.0314,0.03,0.025,16,0.2,0.015,1.0002,90.0,0.005000000000000001,9,10,0.044898033142089844
QPSK,0.0314,0.03,0.025,16,0.45,-0.015,0.9998,40.0,0.03,4,10,0.04564046859741211
QPSK,0.0314,0.03,0.025,16,0.45,-0.015,1.0002,40.0,0.03,4,10,0.043866872787475586
QPSK,0.0314,0.03,0.025,16,0.45,0.0,0.9998,80.0,0.010000000000000002,8,10,0.046744346618652344
QPSK,0.0314,0.03,0.025,16,0.45,0.0,1.0002,40.0,0.03,4,10,0.04843616485595703
QPSK,0.0314,0.03,0.025,16,0.45,0.015,0.9998,60.0,0.020000000000000004,6,10,0.0461273193359375
QPSK,0.0314,0.03,0.025,16,0.45,0.015,1.0002,40.0,0.03,4,10,0.047278642654418945
QPSK,0.0314,0.03,0.025,32,0.0,-0.015,0.9998,90.0,0.0,9,10,0.04157519340515137
QPSK,0.0314,0.03,0.025,32,0.0,-0.015,1.0002,90.0,0.0,9,10,0.04310345649719238
QPSK,0.0314,0.03,0.025,32,0.0,0.0,0.9998,90.0,0.0,9,10,0.04521298408508301
QPSK,0.0314,0.03,0.025,32,0.0,0.0,1.0002,90.0,0.0,9,10,0.052306175231933594
QPSK,0.0314,0.03,0.025,32,0.0,0.015,0.9998,90.0,0.0,9,10,0.05403542518615723
QPSK,0.0314,0.03,0.025,32,0.0,0.015,1.0002,90.0,0.0,9,10,0.04200577735900879
QPSK,0.0314,0.03,0.025,32,0.2,-0.015,0.9998,90.0,0.005000000000000001,9,10,0.05062127113342285
QPSK,0.0314,0.03,0.025,32,0.2,-0.015,1.0002,90.0,0.005000000000000001,9,10,0.04554152488708496
QPSK,0.0314,0.03,0.025,32,0.2,0.0,0.9998,90.0,0.005000000000000001,9,10,0.04268646240234375
QPSK,0.0314,0.03,0.025,32,0.2,0.0,1.0002,90.0,0.005000000000000001,9,10,0.04320478439331055
QPSK,0.0314,0.03,0.025,32,0.2,0.015,0.9998,90.0,0.005000000000000001,9,10,0.07922077178955078
QPSK,0.0314,0.03,0.025,32,0.2,0.015,1.0002,90.0,0.005000000000000001,9,10,0.04718923568725586
QPSK,0.0314,0.03,0.025,32,0.45,-0.015,0.9998,50.0,0.025,5,10,0.0503542423248291
QPSK,0.0314,0.03,0.025,32,0.45,-0.015,1.0002,20.0,0.04000000000000001,2,10,0.04122519493103027
QPSK,0.0314,0.03,0.025,32,0.45,0.0,0.9998,40.0,0.03,4,10,0.042171478271484375
QPSK,0.0314,0.03,0.025,32,0.45,0.0,1.0002,40.0,0.03,4,10,0.038938283920288086
QPSK,0.0314,0.03,0.025,32,0.45,0.015,0.9998,20.0,0.04000000000000001,2,10,0.04841732978820801
QPSK,0.0314,0.03,0.025,32,0.45,0.015,1.0002,40.0,0.03,4,10,0.03574872016906738
QPSK,0.0314,0.03,0.025,48,0.0,-0.015,0.9998,90.0,0.0,9,10,0.05217146873474121
QPSK,0.0314,0.03,0.025,48,0.0,-0.015,1.0002,90.0,0.0,9,10,0.03945159912109375
QPSK,0.0314,0.03,0.025,48,0.0,0.0,0.9998,90.0,0.0,9,10,0.05503559112548828
QPSK,0.0314,0.03,0.025,48,0.0,0.0,1.0002,90.0,0.0,9,10,0.04355955123901367
QPSK,0.0314,0.03,0.025,48,0.0,0.015,0.9998,90.0,0.0,9,10,0.0529017448425293
QPSK,0.0314,0.03,0.025,48,0.0,0.015,1.0002,90.0,0.0,9,10,0.04839968681335449
QPSK,0.0314,0.03,0.025,48,0.2,-0.015,0.9998,90.0,0.005000000000000001,9,10,0.05029654502868652
QPSK,0.0314,0.03,0.025,48,0.2,-0.015,1.0002,90.0,0.005000000000000001,9,10,0.04146409034729004
QPSK,0.0314,0.03,0.025,48,0.2,0.0,0.9998,90.0,0.005000000000000001,9,10,0.04435372352600098
QPSK,0.0314,0.03,0.025,48,0.2,0.0,1.0002,90.0,0.005000000000000001,9,10,0.04752850532531738
QPSK,0.0314,0.03,0.025,48,0.2,0.015,0.9998,90.0,0.005000000000000001,9,10,0.03996753692626953
QPSK,0.0314,0.03,0.025,48,0.2,0.015,1.0002,90.0,0.005000000000000001,9,10,0.046517133712768555
QPSK,0.0314,0.03,0.025,48,0.45,-0.015,0.9998,40.0,0.03,4,10,0.04711747169494629
QPSK,0.0314,0.03,0.025,48,0.45,-0.015,1.0002,50.0,0.025,5,10,0.04564261436462402
QPSK,0.0314,0.03,0.025,48,0.45,0.0,0.9998,60.0,0.020000000000000004,6,10,0.06049537658691406
QPSK,0.0314,0.03,0.025,48,0.45,0.0,1.0002,30.0,0.034999999999999996,3,10,0.04846596717834473
QPSK,0.0314,0.03,0.025,48,0.45,0.015,0.9998,60.0,0.020000000000000004,6,10,0.05299735069274902
QPSK,0.0314,0.03,0.025,48,0.45,0.015,1.0002,20.0,0.04000000000000001,2,10,0.0443727970123291
QPSK,0.0314,0.03,0.045,16,0.0,-0.015,0.9998,90.0,0.0,9,10,0.0459132194519043
QPSK,0.0314,0.03,0.045,16,0.0,-0.015,1.0002,90.0,0.0,9,10,0.05060458183288574
QPSK,0.0314,0.03,0.045,16,0.0,0.0,0.9998,90.0,0.0,9,10,0.03987526893615723
QPSK,0.0314,0.03,0.045,16,0.0,0.0,1.0002,90.0,0.0,9,10,0.05563020706176758
QPSK,0.0314,0.03,0.045,16,0.0,0.015,0.9998,90.0,0.0,9,10,0.053292274475097656
QPSK,0.0314,0.03,0.045,16,0.0,0.015,1.0002,90.0,0.0,9,10,0.04392695426940918
QPSK,0.0314,0.03,0.045,16,0.2,-0.015,0.9998,90.0,0.005000000000000001,9,10,0.052306175231933594
QPSK,0.0314,0.03,0.045,16,0.2,-0.015,1.0002,90.0,0.005000000000000001,9,10,0.0827178955078125
QPSK,0.0314,0.03,0.045,16,0.2,0.0,0.9998,90.0,0.005000000000000001,9,10,0.04845118522644043
QPSK,0.0314,0.03,0.045,16,0.2,0.0,1.0002,90.0,0.005000000000000001,9,10,0.05516767501831055
QPSK,0.0314,0.03,0.045,16,0.2,0.015,0.9998,90.0,0.005000000000000001,9,10,0.0780336856842041
QPSK,0.0314,0.03,0.045,16,0.2,0.015,1.0002,90.0,0.005000000000000001,9,10,0.05878114700317383
QPSK,0.0314,0.03,0.045,16,0.45,-0.015,0.9998,40.0,0.03,4,10,0.058867454528808594
QPSK,0.0314,0.03,0.045,16,0.45,-0.015,1.0002,40.0,0.03,4,10,0.040436744689941406
QPSK,0.0314,0.03,0.045,16,0.45,0.0,0.9998,70.0,0.015,7,10,0.04855704307556152
QPSK,0.0314,0.03,0.045,16,0.45,0.0,1.0002,40.0,0.03,4,10,0.04416847229003906
QPSK,0.0314,0.03,0.045,16,0.45,0.015,0.9998,60.0,0.020000000000000004,6,10,0.05185341835021973
QPSK,0.0314,0.03,0.045,16,0.45,0.015,1.0002,40.0,0.03,4,10,0.046973466873168945
QPSK,0.0314,0.03,0.045,32,0.0,-0.015,0.9998,90.0,0.0,9,10,0.045128583908081055
QPSK,0.0314,0.03,0.045,32,0.0,-0.015,1.0002,90.0,0.0,9,10,0.04319167137145996
QPSK,0.0314,0.03,0.045,32,0.0,0.0,0.9998,90.0,0.0,9,10,0.045197486877441406
QPSK,0.0314,0.03,0.045,32,0.0,0.0,1.0002,90.0,0.0,9,10,0.04782438278198242
QPSK,0.0314,0.03,0.045,32,0.0,0.015,0.9998,90.0,0.0,9,10,0.03761720657348633
QPSK,0.0314,0.03,0.045,32,0.0,0.015,1.0002,90.0,0.0,9,10,0.05529928207397461
QPSK,0.0314,0.03,0.045,32,0.2,-0.015,0.9998,90.0,0.005000000000000001,9,10,0.054709672927856445
QPSK,0.0314,0.03,0.045,32,0.2,-0.015,1.0002,90.0,0.005000000000000001,9,10,0.0446319580078125
QPSK,0.0314,0.03,0.045,32,0.2,0.0,0.9998,90.0,0.005000000000000001,9,10,0.04773354530334473
QPSK,0.0314,0.03,0.045,32,0.2,0.0,1.0002,90.0,0.005000000000000001,9,10,0.04587960243225098
QPSK,0.0314,0.03,0.045,32,0.2,0.015,0.9998,90.0,0.005000000000000001,9,10,0.046677589416503906
QPSK,0.0314,0.03,0.045,32,0.2,0.015,1.0002,90.0,0.005000000000000001,9,10,0.04692792892456055
QPSK,0.0314,0.03,0.045,32,0.45,-0.015,0.9998,60.0,0.020000000000000004,6,10,0.04451346397399902
QPSK,0.0314,0.03,0.045,32,0.45,-0.015,1.0002,20.0,0.04000000000000001,2,10,0.05309891700744629
QPSK,0.0314,0.03,0.045,32,0.45,0.0,0.9998,40.0,0.03,4,10,0.04837322235107422
QPSK,0.0314,0.03,0.045,32,0.45,0.0,1.0002,40.0,0.03,4,10,0.07646608352661133
QPSK,0.0314,0.03,0.045,32,0.45,0.015,0.9998,10.0,0.045000000000000005,1,10,0.04269123077392578
QPSK,0.0314,0.03,0.045,32,0.45,0.015,1.0002,30.0,0.034999999999999996,3,10,0.04602336883544922
QPSK,0.0314,0.03,0.045,48,0.0,-0.015,0.9998,90.0,0.0,9,10,0.04784393310546875
QPSK,0.0314,0.03,0.045,48,0.0,-0.015,1.0002,90.0,0.0,9,10,0.04705190658569336
QPSK,0.0314,0.03,0.045,48,0.0,0.0,0.9998,90.0,0.0,9,10,0.04763364791870117
QPSK,0.0314,0.03,0.045,48,0.0,0.0,1.0002,90.0,0.0,9,10,0.05324363708496094
QPSK,0.0314,0.03,0.045,48,0.0,0.015,0.9998,90.0,0.0,9,10,0.04391288757324219
QPSK,0.0314,0.03,0.045,48,0.0,0.015,1.0002,90.0,0.0,9,10,0.04246068000793457
QPSK,0.0314,0.03,0.045,48,0.2,-0.015,0.9998,90.0,0.005000000000000001,9,10,0.043409109115600586
QPSK,0.0314,0.03,0.045,48,0.2,-0.015,1.0002,90.0,0.005000000000000001,9,10,0.04122042655944824
QPSK,0.0314,0.03,0.045,48,0.2,0.0,0.9998,90.0,0.005000000000000001,9,10,0.048262834548950195
QPSK,0.0314,0.03,0.045,48,0.2,0.0,1.0002,90.0,0.005000000000000001,9,10,0.04204750061035156
QPSK,0.0314,0.03,0.045,48,0.2,0.015,0.9998,90.0,0.005000000000000001,9,10,0.037500619888305664
QPSK,0.0314,0.03,0.045,48,0.2,0.015,1.0002,90.0,0.005000000000000001,9,10,0.051283836364746094
QPSK,0.0314,0.03,0.045,48,0.45,-0.015,0.9998,40.0,0.03,4,10,0.04970979690551758
QPSK,0.0314,0.03,0.045,48,0.45,-0.015,1.0002,40.0,0.03,4,10,0.04163932800292969
QPSK,0.0314,0.03,0.045,48,0.45,0.0,0.9998,60.0,0.020000000000000004,6,10,0.05031085014343262
QPSK,0.0314,0.03,0.045,48,0.45,0.0,1.0002,30.0,0.034999999999999996,3,10,0.045767784118652344
QPSK,0.0314,0.03,0.045,48,0.45,0.015,0.9998,60.0,0.020000000000000004,6,10,0.05173206329345703
QPSK,0.0314,0.03,0.045,48,0.45,0.015,1.0002,20.0,0.04000000000000001,2,10,0.039351463317871094
QPSK,0.0314,0.03,0.08,16,0.0,-0.015,0.9998,90.0,0.0,9,10,0.043453216552734375
QPSK,0.0314,0.03,0.08,16,0.0,-0.015,1.0002,90.0,0.0,9,10,0.04235553741455078
QPSK,0.0314,0.03,0.08,16,0.0,0.0,0.9998,90.0,0.0,9,10,0.04476308822631836
QPSK,0.0314,0.03,0.08,16,0.0,0.0,1.0002,90.0,0.0,9,10,0.05741763114929199
QPSK,0.0314,0.03,0.08,16,0.0,0.015,0.9998,90.0,0.0,9,10,0.04883122444152832
QPSK,0.0314,0.03,0.08,16,0.0,0.015,1.0002,90.0,0.0,9,10,0.04317522048950195
QPSK,0.0314,0.03,0.08,16,0.2,-0.015,0.9998,90.0,0.005000000000000001,9,10,0.04372239112854004
QPSK,0.0314,0.03,0.08,16,0.2,-0.015,1.0002,90.0,0.005000000000000001,9,10,0.049880266189575195
QPSK,0.0314,0.03,0.08,16,0.2,0.0,0.9998,90.0,0.005000000000000001,9,10,0.03546309471130371
QPSK,0.0314,0.03,0.08,16,0.2,0.0,1.0002,90.0,0.005000000000000001,9,10,0.04534173011779785
QPSK,0.0314,0.03,0.08,16,0.2,0.015,0.9998,90.0,0.005000000000000001,9,10,0.03798484802246094
QPSK,0.0314,0.03,0.08,16,0.2,0.015,1.0002,90.0,0.005000000000000001,9,10,0.04999852180480957
QPSK,0.0314,0.03,0.08,16,0.45,-0.015,0.9998,30.0,0.034999999999999996,3,10,0.09326767921447754
QPSK,0.0314,0.03,0.08,16,0.45,-0.015,1.0002,40.0,0.03,4,10,0.048631906509399414
QPSK,0.0314,0.03,0.08,16,0.45,0.0,0.9998,70.0,0.015,7,10,0.04288434982299805
QPSK,0.0314,0.03,0.08,16,0.45,0.0,1.0002,40.0,0.03,4,10,0.038472652435302734
QPSK,0.0314,0.03,0.08,16,0.45,0.015,0.9998,60.0,0.020000000000000004,6,10,0.04561424255371094
QPSK,0.0314,0.03,0.08,16,0.45,0.015,1.0002,40.0,0.03,4,10,0.043746232986450195
QPSK,0.0314,0.03,0.08,32,0.0,-0.015,0.9998,90.0,0.0,9,10,0.04365730285644531
QPSK,0.0314,0.03,0.08,32,0.0,-0.015,1.0002,90.0,0.0,9,10,0.05112600326538086
QPSK,0.0314,0.03,0.08,32,0.0,0.0,0.9998,90.0,0.0,9,10,0.044130563735961914
QPSK,0.0314,0.03,0.08,32,0.0,0.0,1.0002,90.0,0.0,9,10,0.04189729690551758
QPSK,0.0314,0.03,0.08,32,0.0,0.015,0.9998,90.0,0.0,9,10,0.04936647415161133
QPSK,0.0314,0.03,0.08,32,0.0,0.015,1.0002,90.0,0.0,9,10,0.04237818717956543
QPSK,0.0314,0.03,0.08,32,0.2,-0.015,0.9998,90.0,0.005000000000000001,9,10,0.04822850227355957
QPSK,0.0314,0.03,0.08,32,0.2,-0.015,1.0002,90.0,0.005000000000000001,9,10,0.05177116394042969
QPSK,0.0314,0.03,0.08,32,0.2,0.0,0.9998,90.0,0.005000000000000001,9,10,0.04702639579772949
QPSK,0.0314,0.03,0.08,32,0.2,0.0,1.0002,90.0,0.005000000000000001,9,10,0.044544219970703125
QPSK,0.0314,0.03,0.08,32,0.2,0.015,0.9998,90.0,0.005000000000000001,9,10,0.049750328063964844
QPSK,0.0314,0.03,0.08,32,0.2,0.015,1.0002,90.0,0.005000000000000001,9,10,0.04559516906738281
QPSK,0.0314,0.03,0.08,32,0.45,-0.015,0.9998,60.0,0.020000000000000004,6,10,0.04705166816711426
QPSK,0.0314,0.03,0.08,32,0.45,-0.015,1.0002,20.0,0.04000000000000001,2,10,0.0563046932220459
QPSK,0.0314,0.03,0.08,32,0.45,0.0,0.9998,40.0,0.03,4,10,0.04375100135803223
QPSK,0.0314,0.03,0.08,32,0.45,0.0,1.0002,40.0,0.03,4,10,0.04140615463256836
QPSK,0.0314,0.03,0.08,32,0.45,0.015,0.9998,20.0,0.04000000000000001,2,10,0.04408907890319824
QPSK,0.0314,0.03,0.08,32,0.45,0.015,1.0002,40.0,0.03,4,10,0.045209646224975586
QPSK,0.0314,0.03,0.08,48,0.0,-0.015,0.9998,90.0,0.0,9,10,0.05458974838256836
QPSK,0.0314,0.03,0.08,48,0.0,-0.015,1.0002,90.0,0.0,9,10,0.05139327049255371
QPSK,0.0314,0.03,0.08,48,0.0,0.0,0.9998,90.0,0.0,9,10,0.05359792709350586
QPSK,0.0314,0.03,0.08,48,0.0,0.0,1.0002,90.0,0.0,9,10,0.05283975601196289
QPSK,0.0314,0.03,0.08,48,0.0,0.015,0.9998,90.0,0.0,9,10,0.04203081130981445
QPSK,0.0314,0.03,0.08,48,0.0,0.015,1.0002,90.0,0.0,9,10,0.046152591705322266
QPSK,0.0314,0.03,0.08,48,0.2,-0.015,0.9998,90.0,0.005000000000000001,9,10,0.04422307014465332
QPSK,0.0314,0.03,0.08,48,0.2,-0.015,1.0002,90.0,0.005000000000000001,9,10,0.04403376579284668
QPSK,0.0314,0.03,0.08,48,0.2,0.0,0.9998,90.0,0.005000000000000001,9,10,0.06201958656311035
QPSK,0.0314,0.03,0.08,48,0.2,0.0,1.0002,90.0,0.005000000000000001,9,10,0.07838559150695801
QPSK,0.0314,0.03,0.08,48,0.2,0.015,0.9998,90.0,0.005000000000000001,9,10,0.04094958305358887
QPSK,0.0314,0.03,0.08,48,0.2,0.015,1.0002,90.0,0.005000000000000001,9,10,0.05276823043823242
QPSK,0.0314,0.03,0.08,48,0.45,-0.015,0.9998,40.0,0.03,4,10,0.06637048721313477
QPSK,0.0314,0.03,0.08,48,0.45,-0.015,1.0002,40.0,0.03,4,10,0.05157971382141113
QPSK,0.0314,0.03,0.08,48,0.45,0.0,0.9998,60.0,0.020000000000000004,6,10,0.07312774658203125
QPSK,0.0314,0.03,0.08,48,0.45,0.0,1.0002,30.0,0.034999999999999996,3,10,0.05391740798950195
QPSK,0.0314,0.03,0.08,48,0.45,0.015,0.9998,50.0,0.025,5,10,0.05685067176818848
QPSK,0.0314,0.03,0.08,48,0.45,0.015,1.0002,20.0,0.04000000000000001,2,10,0.04551887512207031
QPSK,0.0314,0.0628,0.025,16,0.0,-0.015,0.9998,90.0,0.0,9,10,0.0384218692779541
QPSK,0.0314,0.0628,0.025,16,0.0,-0.015,1.0002,90.0,0.0,9,10,0.041783809661865234
QPSK,0.0314,0.0628,0.025,16,0.0,0.0,0.9998,90.0,0.0,9,10,0.04816889762878418
QPSK,0.0314,0.0628,0.025,16,0.0,0.0,1.0002,90.0,0.0,9,10,0.04289412498474121
QPSK,0.0314,0.0628,0.025,16,0.0,0.015,0.9998,90.0,0.0,9,10,0.04380178451538086
QPSK,0.0314,0.0628,0.025,16,0.0,0.015,1.0002,90.0,0.0,9,10,0.039900779724121094
QPSK,0.0314,0.0628,0.025,16,0.2,-0.015,0.9998,90.0,0.005000000000000001,9,10,0.04043316841125488
QPSK,0.0314,0.0628,0.025,16,0.2,-0.015,1.0002,90.0,0.005000000000000001,9,10,0.051593780517578125
QPSK,0.0314,0.0628,0.025,16,0.2,0.0,0.9998,90.0,0.005000000000000001,9,10,0.05379080772399902
QPSK,0.0314,0.0628,0.025,16,0.2,0.0,1.0002,90.0,0.005000000000000001,9,10,0.05639076232910156
QPSK,0.0314,0.0628,0.025,16,0.2,0.015,0.9998,90.0,0.005000000000000001,9,10,0.04092764854431152
QPSK,0.0314,0.0628,0.025,16,0.2,0.015,1.0002,90.0,0.005000000000000001,9,10,0.03814506530761719
QPSK,0.0314,0.0628,0.025,16,0.45,-0.015,0.9998,80.0,0.010000000000000002,8,10,0.04961395263671875
QPSK,0.0314,0.0628,0.025,16,0.45,-0.015,1.0002,80.0,0.010000000000000002,8,10,0.05865740776062012
QPSK,0.0314,0.0628,0.025,16,0.45,0.0,0.9998,90.0,0.005000000000000001,9,10,0.04349160194396973
QPSK,0.0314,0.0628,0.025,16,0.45,0.0,1.0002,90.0,0.005000000000000001,9,10,0.043547630310058594
QPSK,0.0314,0.0628,0.025,16,0.45,0.015,0.9998,90.0,0.005000000000000001,9,10,0.04199481010437012
QPSK,0.0314,0.0628,0.025,16,0.45,0.015,1.0002,90.0,0.005000000000000001,9,10,0.07545137405395508
QPSK,0.0314,0.0628,0.025,32,0.0,-0.015,0.9998,90.0,0.0,9,10,0.047461748123168945
QPSK,0.0314,0.0628,0.025,32,0.0,-0.015,1.0002,90.0,0.0,9,10,0.042911529541015625
QPSK,0.0314,0.0628,0.025,32,0.0,0.0,0.9998,90.0,0.0,9,10,0.042078256607055664
QPSK,0.0314,0.0628,0.025,32,0.0,0.0,1.0002,90.0,0.0,9,10,0.050295114517211914
QPSK,0.0314,0.0628,0.025,32,0.0,0.015,0.9998,90.0,0.0,9,10,0.044271230697631836
QPSK,0.0314,0.0628,0.025,32,0.0,0.015,1.0002,90.0,0.0,9,10,0.04770803451538086
QPSK,0.0314,0.0628,0.025,32,0.2,-0.015,0.9998,90.0,0.005000000000000001,9,10,0.04105710983276367
QPSK,0.0314,0.0628,0.025,32,0.2,-0.015,1.0002,90.0,0.005000000000000001,9,10,0.04107832908630371
QPSK,0.0314,0.0628,0.025,32,0.2,0.0,0.9998,90.0,0.005000000000000001,9,10,0.044695138931274414
QPSK,0.0314,0.0628,0.025,32,0.2,0.0,1.0002,90.0,0.005000000000000001,9,10,0.04324030876159668
QPSK,0.0314,0.0628,0.025,32,0.2,0.015,0.9998,90.0,0.005000000000000001,9,10,0.04366803169250488
QPSK,0.0314,0.0628,0.025,32,0.2,0.015,1.0002,90.0,0.005000000000000001,9,10,0.0454251766204834
QPSK,0.0314,0.0628,0.025,32,0.45,-0.015,0.9998,80.0,0.010000000000000002,8,10,0.03672909736633301
QPSK,0.0314,0.0628,0.025,32,0.45,-0.015,1.0002,70.0,0.015,7,10,0.042412519454956055
QPSK,0.0314,0.0628,0.025,32,0.45,0.0,0.9998,90.0,0.005000000000000001,9,10,0.04154372215270996
QPSK,0.0314,0.0628,0.025,32,0.45,0.0,1.0002,90.0,0.005000000000000001,9,10,0.04165363311767578
QPSK,0.0314,0.0628,0.025,32,0.45,0.015,0.9998,80.0,0.010000000000000002,8,10,0.03358793258666992
QPSK,0.0314,0.0628,0.025,32,0.45,0.015,1.0002,80.0,0.010000000000000002,8,10,0.03790426254272461
QPSK,0.0314,0.0628,0.025,48,0.0,-0.015,0.9998,90.0,0.0,9,10,0.05042457580566406
QPSK,0.0314,0.0628,0.025,48,0.0,-0.015,1.0002,90.0,0.0,9,10,0.03880953788757324
QPSK,0.0314,0.0628,0.025,48,0.0,0.0,0.9998,90.0,0.0,9,10,0.044361114501953125
QPSK,0.0314,0.0628,0.025,48,0.0,0.0,1.0002,90.0,0.0,9,10,0.044921159744262695
QPSK,0.0314,0.0628,0.025,48,0.0,0.015,0.9998,90.0,0.0,9,10,0.04249715805053711
QPSK,0.0314,0.0628,0.025,48,0.0,0.015,1.0002,90.0,0.0,9,10,0.048940420150756836
QPSK,0.0314,0.0628,0.025,48,0.2,-0.015,0.9998,90.0,0.005000000000000001,9,10,0.04514288902282715
QPSK,0.0314,0.0628,0.025,48,0.2,-0.015,1.0002,90.0,0.005000000000000001,9,10,0.05130362510681152
QPSK,0.0314,0.0628,0.025,48,0.2,0.0,0.9998,90.0,0.005000000000000001,9,10,0.059984683990478516
QPSK,0.0314,0.0628,0.025,48,0.2,0.0,1.0002,90.0,0.005000000000000001,9,10,0.04380679130554199
QPSK,0.0314,0.0628,0.025,48,0.2,0.015,0.9998,90.0,0.005000000000000001,9,10,0.04328322410583496
QPSK,0.0314,0.0628,0.025,48,0.2,0.015,1.0002,90.0,0.005000000000000001,9,10,0.05333518981933594
QPSK,0.0314,0.0628,0.025,48,0.45,-0.015,0.9998,70.0,0.015,7,10,0.04607224464416504
QPSK,0.0314,0.0628,0.025,48,0.45,-0.015,1.0002,80.0,0.010000000000000002,8,10,0.054319143295288086
QPSK,0.0314,0.0628,0.025,48,0.45,0.0,0.9998,90.0,0.005000000000000001,9,10,0.07238531112670898
QPSK,0.0314,0.0628,0.025,48,0.45,0.0,1.0002,80.0,0.010000000000000002,8,10,0.040175437927246094
QPSK,0.0314,0.0628,0.025,48,0.45,0.015,0.9998,90.0,0.005000000000000001,9,10,0.038520097732543945
QPSK,0.0314,0.0628,0.025,48,0.45,0.015,1.0002,80.0,0.010000000000000002,8,10,0.03994894027709961
QPSK,0.0314,0.0628,0.045,16,0.0,-0.015,0.9998,90.0,0.0,9,10,0.043028831481933594
QPSK,0.0314,0.0628,0.045,16,0.0,-0.015,1.0002,90.0,0.0,9,10,0.04446887969970703
QPSK,0.0314,0.0628,0.045,16,0.0,0.0,0.9998,90.0,0.0,9,10,0.04860663414001465
QPSK,0.0314,0.0628,0.045,16,0.0,0.0,1.0002,90.0,0.0,9,10,0.04077506065368652
QPSK,0.0314,0.0628,0.045,16,0.0,0.015,0.9998,90.0,0.0,9,10,0.0384516716003418
QPSK,0.0314,0.0628,0.045,16,0.0,0.015,1.0002,90.0,0.0,9,10,0.04674649238586426
QPSK,0.0314,0.0628,0.045,16,0.2,-0.015,0.9998,90.0,0.005000000000000001,9,10,0.048784494400024414
QPSK,0.0314,0.0628,0.045,16,0.2,-0.015,1.0002,90.0,0.005000000000000001,9,10,0.04035687446594238
QPSK,0.0314,0.0628,0.045,16,0.2,0.0,0.9998,90.0,0.005000000000000001,9,10,0.046483755111694336
QPSK,0.0314,0.0628,0.045,16,0.2,0.0,1.0002,90.0,0.005000000000000001,9,10,0.04090166091918945
QPSK,0.0314,0.0628,0.045,16,0.2,0.015,0.9998,90.0,0.005000000000000001,9,10,0.04414486885070801
QPSK,0.0314,0.0628,0.045,16,0.2,0.015,1.0002,90.0,0.005000000000000001,9,10,0.04579615592956543
QPSK,0.0314,0.0628,0.045,16,0.45,-0.015,0.9998,90.0,0.005000000000000001,9,10,0.045374393463134766
QPSK,0.0314,0.0628,0.045,16,0.45,-0.015,1.0002,90.0,0.005000000000000001,9,10,0.03800010681152344
QPSK,0.0314,0.0628,0.045,16,0.45,0.0,0.9998,90.0,0.005000000000000001,9,10,0.04511666297912598
QPSK,0.0314,0.0628,0.045,16,0.45,0.0,1.0002,90.0,0.005000000000000001,9,10,0.046163082122802734
QPSK,0.0314,0.0628,0.045,16,0.45,0.015,0.9998,90.0,0.005000000000000001,9,10,0.046900272369384766
QPSK,0.0314,0.0628,0.045,16,0.45,0.015,1.0002,90.0,0.005000000000000001,9,10,0.04354667663574219
QPSK,0.0314,0.0628,0.045,32,0.0,-0.015,0.9998,90.0,0.0,9,10,0.04295039176940918
QPSK,0.0314,0.0628,0.045,32,0.0,-0.015,1.0002,90.0,0.0,9,10,0.05195474624633789
QPSK,0.0314,0.0628,0.045,32,0.0,0.0,0.9998,90.0,0.0,9,10,0.057765960693359375
QPSK,0.0314,0.0628,0.045,32,0.0,0.0,1.0002,90.0,0.0,9,10,0.05805039405822754
QPSK,0.0314,0.0628,0.045,32,0.0,0.015,0.9998,90.0,0.0,9,10,0.0491023063659668
QPSK,0.0314,0.0628,0.045,32,0.0,0.015,1.0002,90.0,0.0,9,10,0.04419660568237305
QPSK,0.0314,0.0628,0.045,32,0.2,-0.015,0.9998,90.0,0.005000000000000001,9,10,0.0471494197845459
QPSK,0.0314,0.0628,0.045,32,0.2,-0.015,1.0002,90.0,0.005000000000000001,9,10,0.041919708251953125
QPSK,0.0314,0.0628,0.045,32,0.2,0.0,0.9998,90.0,0.005000000000000001,9,10,0.04911088943481445
QPSK,0.0314,0.0628,0.045,32,0.2,0.0,1.0002,90.0,0.005000000000000001,9,10,0.050708770751953125
QPSK,0.0314,0.0628,0.045,32,0.2,0.015,0.9998,90.0,0.005000000000000001,9,10,0.05421710014343262
QPSK,0.0314,0.0628,0.045,32,0.2,0.015,1.0002,90.0,0.005000000000000001,9,10,0.0739278793334961
QPSK,0.0314,0.0628,0.045,32,0.45,-0.015,0.9998,90.0,0.005000000000000001,9,10,0.05206704139709473
QPSK,0.0314,0.0628,0.045,32,0.45,-0.015,1.0002,90.0,0.005000000000000001,9,10,0.04888916015625
QPSK,0.0314,0.0628,0.045,32,0.45,0.0,0.9998,90.0,0.005000000000000001,9,10,0.03577375411987305
QPSK,0.0314,0.0628,0.045,32,0.45,0.0,1.0002,90.0,0.005000000000000001,9,10,0.07479619979858398
QPSK,0.0314,0.0628,0.045,32,0.45,0.015,0.9998,80.0,0.010000000000000002,8,10,0.05591773986816406
QPSK,0.0314,0.0628,0.045,32,0.45,0.015,1.0002,80.0,0.010000000000000002,8,10,0.06715941429138184
QPSK,0.0314,0.0628,0.045,48,0.0,-0.015,0.9998,90.0,0.0,9,10,0.05130267143249512
QPSK,0.0314,0.0628,0.045,48,0.0,-0.015,1.0002,90.0,0.0,9,10,0.05897068977355957
QPSK,0.0314,0.0628,0.045,48,0.0,0.0,0.9998,90.0,0.0,9,10,0.06350183486938477
QPSK,0.0314,0.0628,0.045,48,0.0,0.0,1.0002,90.0,0.0,9,10,0.06632828712463379
QPSK,0.0314,0.0628,0.045,48,0.0,0.015,0.9998,90.0,0.0,9,10,0.05005526542663574
QPSK,0.0314,0.0628,0.045,48,0.0,0.015,1.0002,90.0,0.0,9,10,0.05089879035949707
QPSK,0.0314,0.0628,0.045,48,0.2,-0.015,0.9998,90.0,0.005000000000000001,9,10,0.03888344764709473
QPSK,0.0314,0.0628,0.045,48,0.2,-0.015,1.0002,90.0,0.005000000000000001,9,10,0.04419517517089844
QPSK,0.0314,0.0628,0.045,48,0.2,0.0,0.9998,90.0,0.005000000000000001,9,10,0.04828906059265137
QPSK,0.0314,0.0628,0.045,48,0.2,0.0,1.0002,90.0,0.005000000000000001,9,10,0.07944893836975098
QPSK,0.0314,0.0628,0.045,48,0.2,0.015,0.9998,90.0,0.005000000000000001,9,10,0.04714035987854004
QPSK,0.0314,0.0628,0.045,48,0.2,0.015,1.0002,90.0,0.005000000000000001,9,10,0.04992246627807617
QPSK,0.0314,0.0628,0.045,48,0.45,-0.015,0.9998,80.0,0.010000000000000002,8,10,0.04478120803833008
QPSK,0.0314,0.0628,0.045,48,0.45,-0.015,1.0002,90.0,0.005000000000000001,9,10,0.05694985389709473
QPSK,0.0314,0.0628,0.045,48,0.45,0.0,0.9998,90.0,0.005000000000000001,9,10,0.05295968055725098
QPSK,0.0314,0.0628,0.045,48,0.45,0.0,1.0002,80.0,0.010000000000000002,8,10,0.049124717712402344
QPSK,0.0314,0.0628,0.045,48,0.45,0.015,0.9998,90.0,0.005000000000000001,9,10,0.04761314392089844
QPSK,0.0314,0.0628,0.045,48,0.45,0.015,1.0002,80.0,0.010000000000000002,8,10,0.04901552200317383
QPSK,0.0314,0.0628,0.08,16,0.0,-0.015,0.9998,90.0,0.0,9,10,0.04497051239013672
QPSK,0.0314,0.0628,0.08,16,0.0,-0.015,1.0002,90.0,0.0,9,10,0.03601646423339844
QPSK,0.0314,0.0628,0.08,16,0.0,0.0,0.9998,90.0,0.0,9,10,0.05044221878051758
QPSK,0.0314,0.0628,0.08,16,0.0,0.0,1.0002,90.0,0.0,9,10,0.04680967330932617
QPSK,0.0314,0.0628,0.08,16,0.0,0.015,0.9998,90.0,0.0,9,10,0.04120445251464844
QPSK,0.0314,0.0628,0.08,16,0.0,0.015,1.0002,90.0,0.0,9,10,0.05167531967163086
QPSK,0.0314,0.0628,0.08,16,0.2,-0.015,0.9998,90.0,0.005000000000000001,9,10,0.04890251159667969
QPSK,0.0314,0.0628,0.08,16,0.2,-0.015,1.0002,90.0,0.005000000000000001,9,10,0.04304051399230957
QPSK,0.0314,0.0628,0.08,16,0.2,0.0,0.9998,90.0,0.005000000000000001,9,10,0.04797077178955078
QPSK,0.0314,0.0628,0.08,16,0.2,0.0,1.0002,90.0,0.005000000000000001,9,10,0.045754194259643555
QPSK,0.0314,0.0628,0.08,16,0.2,0.015,0.9998,90.0,0.005000000000000001,9,10,0.08959293365478516
QPSK,0.0314,0.0628,0.08,16,0.2,0.015,1.0002,90.0,0.005000000000000001,9,10,0.04242205619812012
QPSK,0.0314,0.0628,0.08,16,0.45,-0.015,0.9998,90.0,0.005000000000000001,9,10,0.04066324234008789
QPSK,0.0314,0.0628,0.08,16,0.45,-0.015,1.0002,90.0,0.005000000000000001,9,10,0.04686617851257324
QPSK,0.0314,0.0628,0.08,16,0.45,0.0,0.9998,90.0,0.005000000000000001,9,10,0.04163813591003418
QPSK,0.0314,0.0628,0.08,16,0.45,0.0,1.0002,90.0,0.005000000000000001,9,10,0.050923824310302734
QPSK,0.0314,0.0628,0.08,16,0.45,0.015,0.9998,90.0,0.005000000000000001,9,10,0.04723501205444336
QPSK,0.0314,0.0628,0.08,16,0.45,0.015,1.0002,90.0,0.005000000000000001,9,10,0.05009031295776367
QPSK,0.0314,0.0628,0.08,32,0.0,-0.015,0.9998,90.0,0.0,9,10,0.04990887641906738
QPSK,0.0314,0.0628,0.08,32,0.0,-0.015,1.0002,90.0,0.0,9,10,0.03919172286987305
QPSK,0.0314,0.0628,0.08,32,0.0,0.0,0.9998,90.0,0.0,9,10,0.04497957229614258
QPSK,0.0314,0.0628,0.08,32,0.0,0.0,1.0002,90.0,0.0,9,10,0.04225587844848633
QPSK,0.0314,0.0628,0.08,32,0.0,0.015,0.9998,90.0,0.0,9,10,0.038855552673339844
QPSK,0.0314,0.0628,0.08,32,0.0,0.015,1.0002,90.0,0.0,9,10,0.046965837478637695
QPSK,0.0314,0.0628,0.08,32,0.2,-0.015,0.9998,90.0,0.005000000000000001,9,10,0.04299211502075195
QPSK,0.0314,0.0628,0.08,32,0.2,-0.015,1.0002,90.0,0.005000000000000001,9,10,0.0453028678894043
QPSK,0.0314,0.0628,0.08,32,0.2,0.0,0.9998,90.0,0.005000000000000001,9,10,0.04578733444213867
QPSK,0.0314,0.0628,0.08,32,0.2,0.0,1.0002,90.0,0.005000000000000001,9,10,0.046013832092285156
QPSK,0.0314,0.0628,0.08,32,0.2,0.015,0.9998,90.0,0.005000000000000001,9,10,0.03830265998840332
QPSK,0.0314,0.0628,0.08,32,0.2,0.015,1.0002,90.0,0.005000000000000001,9,10,0.05180835723876953
QPSK,0.0314,0.0628,0.08,32,0.45,-0.015,0.9998,90.0,0.005000000000000001,9,10,0.050071001052856445
QPSK,0.0314,0.0628,0.08,32,0.45,-0.015,1.0002,90.0,0.005000000000000001,9,10,0.03957176208496094
QPSK,0.0314,0.0628,0.08,32,0.45,0.0,0.9998,90.0,0.005000000000000001,9,10,0.03885602951049805
QPSK,0.0314,0.0628,0.08,32,0.45,0.0,1.0002,90.0,0.005000000000000001,9,10,0.03931736946105957
QPSK,0.0314,0.0628,0.08,32,0.45,0.015,0.9998,80.0,0.010000000000000002,8,10,0.041168212890625
QPSK,0.0314,0.0628,0.08,32,0.45,0.015,1.0002,80.0,0.010000000000000002,8,10,0.0454707145690918
QPSK,0.0314,0.0628,0.08,48,0.0,-0.015,0.9998,90.0,0.0,9,10,0.04705929756164551
QPSK,0.0314,0.0628,0.08,48,0.0,-0.015,1.0002,90.0,0.0,9,10,0.03850722312927246
QPSK,0.0314,0.0628,0.08,48,0.0,0.0,0.9998,90.0,0.0,9,10,0.04418301582336426
QPSK,0.0314,0.0628,0.08,48,0.0,0.0,1.0002,90.0,0.0,9,10,0.04905223846435547
QPSK,0.0314,0.0628,0.08,48,0.0,0.015,0.9998,90.0,0.0,9,10,0.0487370491027832
QPSK,0.0314,0.0628,0.08,48,0.0,0.015,1.0002,90.0,0.0,9,10,0.05091524124145508
QPSK,0.0314,0.0628,0.08,48,0.2,-0.015,0.9998,90.0,0.005000000000000001,9,10,0.04644441604614258
QPSK,0.0314,0.0628,0.08,48,0.2,-0.015,1.0002,90.0,0.005000000000000001,9,10,0.08928179740905762
QPSK,0.0314,0.0628,0.08,48,0.2,0.0,0.9998,90.0,0.005000000000000001,9,10,0.08024859428405762
QPSK,0.0314,0.0628,0.08,48,0.2,0.0,1.0002,90.0,0.005000000000000001,9,10,0.0446162223815918
QPSK,0.0314,0.0628,0.08,48,0.2,0.015,0.9998,90.0,0.005000000000000001,9,10,0.05061984062194824
QPSK,0.0314,0.0628,0.08,48,0.2,0.015,1.0002,90.0,0.005000000000000001,9,10,0.04522871971130371
QPSK,0.0314,0.0628,0.08,48,0.45,-0.015,0.9998,80.0,0.010000000000000002,8,10,0.061860084533691406
QPSK,0.0314,0.0628,0.08,48,0.45,-0.015,1.0002,90.0,0.005000000000000001,9,10,0.04467940330505371
QPSK,0.0314,0.0628,0.08,48,0.45,0.0,0.9998,90.0,0.005000000000000001,9,10,0.048746347427368164
QPSK,0.0314,0.0628,0.08,48,0.45,0.0,1.0002,80.0,0.010000000000000002,8,10,0.04772377014160156
QPSK,0.0314,0.0628,0.08,48,0.45,0.015,0.9998,90.0,0.005000000000000001,9,10,0.046300649642944336
QPSK,0.0314,0.0628,0.08,48,0.45,0.015,1.0002,90.0,0.005000000000000001,9,10,0.05957794189453125
QPSK,0.0314,0.1,0.025,16,0.0,-0.015,0.9998,90.0,0.0,9,10,0.04646921157836914
QPSK,0.0314,0.1,0.025,16,0.0,-0.015,1.0002,90.0,0.0,9,10,0.05263948440551758
QPSK,0.0314,0.1,0.025,16,0.0,0.0,0.9998,90.0,0.0,9,10,0.04716372489929199
QPSK,0.0314,0.1,0.025,16,0.0,0.0,1.0002,90.0,0.0,9,10,0.04816293716430664
QPSK,0.0314,0.1,0.025,16,0.0,0.015,0.9998,90.0,0.0,9,10,0.045900583267211914
QPSK,0.0314,0.1,0.025,16,0.0,0.015,1.0002,90.0,0.0,9,10,0.04410076141357422
QPSK,0.0314,0.1,0.025,16,0.2,-0.015,0.9998,90.0,0.005000000000000001,9,10,0.04380226135253906
QPSK,0.0314,0.1,0.025,16,0.2,-0.015,1.0002,90.0,0.005000000000000001,9,10,0.049367666244506836
QPSK,0.0314,0.1,0.025,16,0.2,0.0,0.9998,90.0,0.005000000000000001,9,10,0.04431009292602539
QPSK,0.0314,0.1,0.025,16,0.2,0.0,1.0002,90.0,0.005000000000000001,9,10,0.0337977409362793
QPSK,0.0314,0.1,0.025,16,0.2,0.015,0.9998,90.0,0.005000000000000001,9,10,0.039724111557006836
QPSK,0.0314,0.1,0.025,16,0.2,0.015,1.0002,90.0,0.005000000000000001,9,10,0.040934085845947266
QPSK,0.0314,0.1,0.025,16,0.45,-0.015,0.9998,80.0,0.010000000000000002,8,10,0.04539847373962402
QPSK,0.0314,0.1,0.025,16,0.45,-0.015,1.0002,80.0,0.010000000000000002,8,10,0.039583683013916016
QPSK,0.0314,0.1,0.025,16,0.45,0.0,0.9998,90.0,0.005000000000000001,9,10,0.042787790298461914
QPSK,0.0314,0.1,0.025,16,0.45,0.0,1.0002,90.0,0.005000000000000001,9,10,0.04220390319824219
QPSK,0.0314,0.1,0.025,16,0.45,0.015,0.9998,90.0,0.005000000000000001,9,10,0.03855776786804199
QPSK,0.0314,0.1,0.025,16,0.45,0.015,1.0002,90.0,0.005000000000000001,9,10,0.0379939079284668
QPSK,0.0314,0.1,0.025,32,0.0,-0.015,0.9998,90.0,0.0,9,10,0.045174360275268555
QPSK,0.0314,0.1,0.025,32,0.0,-0.015,1.0002,90.0,0.0,9,10,0.03870820999145508
QPSK,0.0314,0.1,0.025,32,0.0,0.0,0.9998,90.0,0.0,9,10,0.04331564903259277
QPSK,0.0314,0.1,0.025,32,0.0,0.0,1.0002,90.0,0.0,9,10,0.04991292953491211
QPSK,0.0314,0.1,0.025,32,0.0,0.015,0.9998,90.0,0.0,9,10,0.06025195121765137
QPSK,0.0314,0.1,0.025,32,0.0,0.015,1.0002,90.0,0.0,9,10,0.038323402404785156
QPSK,0.0314,0.1,0.025,32,0.2,-0.015,0.9998,90.0,0.005000000000000001,9,10,0.046857595443725586
QPSK,0.0314,0.1,0.025,32,0.2,-0.015,1.0002,90.0,0.005000000000000001,9,10,0.040781259536743164
QPSK,0.0314,0.1,0.025,32,0.2,0.0,0.9998,90.0,0.005000000000000001,9,10,0.0411677360534668
QPSK,0.0314,0.1,0.025,32,0.2,0.0,1.0002,90.0,0.005000000000000001,9,10,0.03579545021057129
QPSK,0.0314,0.1,0.025,32,0.2,0.015,0.9998,90.0,0.005000000000000001,9,10,0.03547787666320801
QPSK,0.0314,0.1,0.025,32,0.2,0.015,1.0002,90.0,0.005000000000000001,9,10,0.03561568260192871
QPSK,0.0314,0.1,0.025,32,0.45,-0.015,0.9998,80.0,0.010000000000000002,8,10,0.03861284255981445
QPSK,0.0314,0.1,0.025,32,0.45,-0.015,1.0002,80.0,0.010000000000000002,8,10,0.037636756896972656
QPSK,0.0314,0.1,0.025,32,0.45,0.0,0.9998,90.0,0.005000000000000001,9,10,0.04990673065185547
QPSK,0.0314,0.1,0.025,32,0.45,0.0,1.0002,90.0,0.005000000000000001,9,10,0.04832792282104492
QPSK,0.0314,0.1,0.025,32,0.45,0.015,0.9998,80.0,0.010000000000000002,8,10,0.06365251541137695
QPSK,0.0314,0.1,0.025,32,0.45,0.015,1.0002,80.0,0.010000000000000002,8,10,0.04208564758300781
QPSK,0.0314,0.1,0.025,48,0.0,-0.015,0.9998,90.0,0.0,9,10,0.05072307586669922
QPSK,0.0314,0.1,0.025,48,0.0,-0.015,1.0002,90.0,0.0,9,10,0.05874490737915039
QPSK,0.0314,0.1,0.025,48,0.0,0.0,0.9998,90.0,0.0,9,10,0.05693340301513672
QPSK,0.0314,0.1,0.025,48,0.0,0.0,1.0002,90.0,0.0,9,10,0.050623178482055664
QPSK,0.0314,0.1,0.025,48,0.0,0.015,0.9998,90.0,0.0,9,10,0.04786205291748047
QPSK,0.0314,0.1,0.025,48,0.0,0.015,1.0002,90.0,0.0,9,10,0.04611778259277344
QPSK,0.0314,0.1,0.025,48,0.2,-0.015,0.9998,90.0,0.005000000000000001,9,10,0.04774022102355957
QPSK,0.0314,0.1,0.025,48,0.2,-0.015,1.0002,90.0,0.005000000000000001,9,10,0.04456806182861328
QPSK,0.0314,0.1,0.025,48,0.2,0.0,0.9998,90.0,0.005000000000000001,9,10,0.044487714767456055
QPSK,0.0314,0.1,0.025,48,0.2,0.0,1.0002,90.0,0.005000000000000001,9,10,0.05157160758972168
QPSK,0.0314,0.1,0.025,48,0.2,0.015,0.9998,90.0,0.005000000000000001,9,10,0.05572366714477539
QPSK,0.0314,0.1,0.025,48,0.2,0.015,1.0002,90.0,0.005000000000000001,9,10,0.05262160301208496
QPSK,0.0314,0.1,0.025,48,0.45,-0.015,0.9998,70.0,0.015,7,10,0.10255241394042969
QPSK,0.0314,0.1,0.025,48,0.45,-0.015,1.0002,70.0,0.015,7,10,0.03925895690917969
QPSK,0.0314,0.1,0.025,48,0.45,0.0,0.9998,90.0,0.005000000000000001,9,10,0.05802559852600098
QPSK,0.0314,0.1,0.025,48,0.45,0.0,1.0002,80.0,0.010000000000000002,8,10,0.04288530349731445
QPSK,0.0314,0.1,0.025,48,0.45,0.015,0.9998,90.0,0.005000000000000001,9,10,0.03856229782104492
QPSK,0.0314,0.1,0.025,48,0.45,0.015,1.0002,90.0,0.005000000000000001,9,10,0.04646778106689453
QPSK,0.0314,0.1,0.045,16,0.0,-0.015,0.9998,90.0,0.0,9,10,0.044576406478881836
QPSK,0.0314,0.1,0.045,16,0.0,-0.015,1.0002,90.0,0.0,9,10,0.03871774673461914
QPSK,0.0314,0.1,0.045,16,0.0,0.0,0.9998,90.0,0.0,9,10,0.0431971549987793
QPSK,0.0314,0.1,0.045,16,0.0,0.0,1.0002,90.0,0.0,9,10,0.04334139823913574
QPSK,0.0314,0.1,0.045,16,0.0,0.015,0.9998,90.0,0.0,9,10,0.047931671142578125
QPSK,0.0314,0.1,0.045,16,0.0,0.015,1.0002,90.0,0.0,9,10,0.04593610763549805
QPSK,0.0314,0.1,0.045,16,0.2,-0.015,0.9998,90.0,0.005000000000000001,9,10,0.045632123947143555
QPSK,0.0314,0.1,0.045,16,0.2,-0.015,1.0002,90.0,0.005000000000000001,9,10,0.03570985794067383
QPSK,0.0314,0.1,0.045,16,0.2,0.0,0.9998,90.0,0.005000000000000001,9,10,0.045056819915771484
QPSK,0.0314,0.1,0.045,16,0.2,0.0,1.0002,90.0,0.005000000000000001,9,10,0.044198036193847656
QPSK,0.0314,0.1,0.045,16,0.2,0.015,0.9998,90.0,0.005000000000000001,9,10,0.04376411437988281
QPSK,0.0314,0.1,0.045,16,0.2,0.015,1.0002,90.0,0.005000000000000001,9,10,0.04712986946105957
QPSK,0.0314,0.1,0.045,16,0.45,-0.015,0.9998,90.0,0.005000000000000001,9,10,0.04242539405822754
QPSK,0.0314,0.1,0.045,16,0.45,-0.015,1.0002,90.0,0.005000000000000001,9,10,0.04770517349243164
QPSK,0.0314,0.1,0.045,16,0.45,0.0,0.9998,90.0,0.005000000000000001,9,10,0.04816484451293945
QPSK,0.0314,0.1,0.045,16,0.45,0.0,1.0002,90.0,0.005000000000000001,9,10,0.04236912727355957
QPSK,0.0314,0.1,0.045,16,0.45,0.015,0.9998,90.0,0.005000000000000001,9,10,0.044605255126953125
QPSK,0.0314,0.1,0.045,16,0.45,0.015,1.0002,90.0,0.005000000000000001,9,10,0.040230512619018555
QPSK,0.0314,0.1,0.045,32,0.0,-0.015,0.9998,90.0,0.0,9,10,0.03827643394470215
QPSK,0.0314,0.1,0.045,32,0.0,-0.015,1.0002,90.0,0.0,9,10,0.048044443130493164
QPSK,0.0314,0.1,0.045,32,0.0,0.0,0.9998,90.0,0.0,9,10,0.05062389373779297
QPSK,0.0314,0.1,0.045,32,0.0,0.0,1.0002,90.0,0.0,9,10,0.04313254356384277
QPSK,0.0314,0.1,0.045,32,0.0,0.015,0.9998,90.0,0.0,9,10,0.04632425308227539
QPSK,0.0314,0.1,0.045,32,0.0,0.015,1.0002,90.0,0.0,9,10,0.044045209884643555
QPSK,0.0314,0.1,0.045,32,0.2,-0.015,0.9998,90.0,0.005000000000000001,9,10,0.0494539737701416
QPSK,0.0314,0.1,0.045,32,0.2,-0.015,1.0002,90.0,0.005000000000000001,9,10,0.05328941345214844
QPSK,0.0314,0.1,0.045,32,0.2,0.0,0.9998,90.0,0.005000000000000001,9,10,0.04328155517578125
QPSK,0.0314,0.1,0.045,32,0.2,0.0,1.0002,90.0,0.005000000000000001,9,10,0.1037757396697998
QPSK,0.0314,0.1,0.045,32,0.2,0.015,0.9998,90.0,0.005000000000000001,9,10,0.04213142395019531
QPSK,0.0314,0.1,0.045,32,0.2,0.015,1.0002,90.0,0.005000000000000001,9,10,0.041056156158447266
QPSK,0.0314,0.1,0.045,32,0.45,-0.015,0.9998,90.0,0.005000000000000001,9,10,0.046883344650268555
QPSK,0.0314,0.1,0.045,32,0.45,-0.015,1.0002,90.0,0.005000000000000001,9,10,0.05951881408691406
QPSK,0.0314,0.1,0.045,32,0.45,0.0,0.9998,90.0,0.005000000000000001,9,10,0.04996204376220703
QPSK,0.0314,0.1,0.045,32,0.45,0.0,1.0002,90.0,0.005000000000000001,9,10,0.047376394271850586
QPSK,0.0314,0.1,0.045,32,0.45,0.015,0.9998,80.0,0.010000000000000002,8,10,0.04489278793334961
QPSK,0.0314,0.1,0.045,32,0.45,0.015,1.0002,80.0,0.010000000000000002,8,10,0.041877031326293945
QPSK,0.0314,0.1,0.045,48,0.0,-0.015,0.9998,90.0,0.0,9,10,0.04099273681640625
QPSK,0.0314,0.1,0.045,48,0.0,-0.015,1.0002,90.0,0.0,9,10,0.044954776763916016
QPSK,0.0314,0.1,0.045,48,0.0,0.0,0.9998,90.0,0.0,9,10,0.040763139724731445
QPSK,0.0314,0.1,0.045,48,0.0,0.0,1.0002,90.0,0.0,9,10,0.04303240776062012
QPSK,0.0314,0.1,0.045,48,0.0,0.015,0.9998,90.0,0.0,9,10,0.04470515251159668
QPSK,0.0314,0.1,0.045,48,0.0,0.015,1.0002,90.0,0.0,9,10,0.04754471778869629
QPSK,0.0314,0.1,0.045,48,0.2,-0.015,0.9998,90.0,0.005000000000000001,9,10,0.043396949768066406
QPSK,0.0314,0.1,0.045,48,0.2,-0.015,1.0002,90.0,0.005000000000000001,9,10,0.050512075424194336
QPSK,0.0314,0.1,0.045,48,0.2,0.0,0.9998,90.0,0.005000000000000001,9,10,0.0435638427734375
QPSK,0.0314,0.1,0.045,48,0.2,0.0,1.0002,90.0,0.005000000000000001,9,10,0.04896831512451172
QPSK,0.0314,0.1,0.045,48,0.2,0.015,0.9998,90.0,0.005000000000000001,9,10,0.043473005294799805
QPSK,0.0314,0.1,0.045,48,0.2,0.015,1.0002,90.0,0.005000000000000001,9,10,0.0426640510559082
QPSK,0.0314,0.1,0.045,48,0.45,-0.015,0.9998,80.0,0.010000000000000002,8,10,0.04370522499084473
QPSK,0.0314,0.1,0.045,48,0.45,-0.015,1.0002,80.0,0.010000000000000002,8,10,0.03246569633483887
QPSK,0.0314,0.1,0.045,48,0.45,0.0,0.9998,90.0,0.005000000000000001,9,10,0.03844714164733887
QPSK,0.0314,0.1,0.045,48,0.45,0.0,1.0002,80.0,0.010000000000000002,8,10,0.04441714286804199
QPSK,0.0314,0.1,0.045,48,0.45,0.015,0.9998,90.0,0.005000000000000001,9,10,0.043321847915649414
QPSK,0.0314,0.1,0.045,48,0.45,0.015,1.0002,90.0,0.005000000000000001,9,10,0.04515480995178223
QPSK,0.0314,0.1,0.08,16,0.0,-0.015,0.9998,90.0,0.0,9,10,0.03364372253417969
QPSK,0.0314,0.1,0.08,16,0.0,-0.015,1.0002,90.0,0.0,9,10,0.04269266128540039
QPSK,0.0314,0.1,0.08,16,0.0,0.0,0.9998,90.0,0.0,9,10,0.039260149002075195
QPSK,0.0314,0.1,0.08,16,0.0,0.0,1.0002,90.0,0.0,9,10,0.039457082748413086
QPSK,0.0314,0.1,0.08,16,0.0,0.015,0.9998,90.0,0.0,9,10,0.03880119323730469
QPSK,0.0314,0.1,0.08,16,0.0,0.015,1.0002,90.0,0.0,9,10,0.03700113296508789
QPSK,0.0314,0.1,0.08,16,0.2,-0.015,0.9998,90.0,0.005000000000000001,9,10,0.06843352317810059
QPSK,0.0314,0.1,0.08,16,0.2,-0.015,1.0002,90.0,0.005000000000000001,9,10,0.04533529281616211
QPSK,0.0314,0.1,0.08,16,0.2,0.0,0.9998,90.0,0.005000000000000001,9,10,0.03829455375671387
QPSK,0.0314,0.1,0.08,16,0.2,0.0,1.0002,90.0,0.005000000000000001,9,10,0.03828859329223633
QPSK,0.0314,0.1,0.08,16,0.2,0.015,0.9998,90.0,0.005000000000000001,9,10,0.04000592231750488
QPSK,0.0314,0.1,0.08,16,0.2,0.015,1.0002,90.0,0.005000000000000001,9,10,0.04573464393615723
QPSK,0.0314,0.1,0.08,16,0.45,-0.015,0.9998,90.0,0.005000000000000001,9,10,0.044661760330200195
QPSK,0.0314,0.1,0.08,16,0.45,-0.015,1.0002,90.0,0.005000000000000001,9,10,0.04586935043334961
QPSK,0.0314,0.1,0.08,16,0.45,0.0,0.9998,90.0,0.005000000000000001,9,10,0.040316104888916016
QPSK,0.0314,0.1,0.08,16,0.45,0.0,1.0002,90.0,0.005000000000000001,9,10,0.03924417495727539
QPSK,0.0314,0.1,0.08,16,0.45,0.015,0.9998,90.0,0.005000000000000001,9,10,0.050885677337646484
QPSK,0.0314,0.1,0.08,16,0.45,0.015,1.0002,90.0,0.005000000000000001,9,10,0.06075572967529297
QPSK,0.0314,0.1,0.08,32,0.0,-0.015,0.9998,90.0,0.0,9,10,0.056427001953125
QPSK,0.0314,0.1,0.08,32,0.0,-0.015,1.0002,90.0,0.0,9,10,0.04522585868835449
QPSK,0.0314,0.1,0.08,32,0.0,0.0,0.9998,90.0,0.0,9,10,0.041442155838012695
QPSK,0.0314,0.1,0.08,32,0.0,0.0,1.0002,90.0,0.0,9,10,0.0472719669342041
QPSK,0.0314,0.1,0.08,32,0.0,0.015,0.9998,90.0,0.0,9,10,0.041144609451293945
QPSK,0.0314,0.1,0.08,32,0.0,0.015,1.0002,90.0,0.0,9,10,0.0468902587890625
QPSK,0.0314,0.1,0.08,32,0.2,-0.015,0.9998,90.0,0.005000000000000001,9,10,0.05038261413574219
QPSK,0.0314,0.1,0.08,32,0.2,-0.015,1.0002,90.0,0.005000000000000001,9,10,0.04909992218017578
QPSK,0.0314,0.1,0.08,32,0.2,0.0,0.9998,90.0,0.005000000000000001,9,10,0.051816463470458984
QPSK,0.0314,0.1,0.08,32,0.2,0.0,1.0002,90.0,0.005000000000000001,9,10,0.05475640296936035
QPSK,0.0314,0.1,0.08,32,0.2,0.015,0.9998,90.0,0.005000000000000001,9,10,0.04776763916015625
QPSK,0.0314,0.1,0.08,32,0.2,0.015,1.0002,90.0,0.005000000000000001,9,10,0.05236506462097168
QPSK,0.0314,0.1,0.08,32,0.45,-0.015,0.9998,90.0,0.005000000000000001,9,10,0.05158591270446777
QPSK,0.0314,0.1,0.08,32,0.45,-0.015,1.0002,90.0,0.005000000000000001,9,10,0.04429888725280762
QPSK,0.0314,0.1,0.08,32,0.45,0.0,0.9998,90.0,0.005000000000000001,9,10,0.09499359130859375
QPSK,0.0314,0.1,0.08,32,0.45,0.0,1.0002,90.0,0.005000000000000001,9,10,0.03686833381652832
QPSK,0.0314,0.1,0.08,32,0.45,0.015,0.9998,90.0,0.005000000000000001,9,10,0.04633641242980957
QPSK,0.0314,0.1,0.08,32,0.45,0.015,1.0002,90.0,0.005000000000000001,9,10,0.04496288299560547
QPSK,0.0314,0.1,0.08,48,0.0,-0.015,0.9998,90.0,0.0,9,10,0.04434323310852051
QPSK,0.0314,0.1,0.08,48,0.0,-0.015,1.0002,90.0,0.0,9,10,0.040445566177368164
QPSK,0.0314,0.1,0.08,48,0.0,0.0,0.9998,90.0,0.0,9,10,0.04992198944091797
QPSK,0.0314,0.1,0.08,48,0.0,0.0,1.0002,90.0,0.0,9,10,0.043872833251953125
QPSK,0.0314,0.1,0.08,48,0.0,0.015,0.9998,90.0,0.0,9,10,0.04258608818054199
QPSK,0.0314,0.1,0.08,48,0.0,0.015,1.0002,90.0,0.0,9,10,0.05029559135437012
QPSK,0.0314,0.1,0.08,48,0.2,-0.015,0.9998,90.0,0.005000000000000001,9,10,0.043946027755737305
QPSK,0.0314,0.1,0.08,48,0.2,-0.015,1.0002,90.0,0.005000000000000001,9,10,0.04454207420349121
QPSK,0.0314,0.1,0.08,48,0.2,0.0,0.9998,90.0,0.005000000000000001,9,10,0.05481767654418945
QPSK,0.0314,0.1,0.08,48,0.2,0.0,1.0002,90.0,0.005000000000000001,9,10,0.04810762405395508
QPSK,0.0314,0.1,0.08,48,0.2,0.015,0.9998,90.0,0.005000000000000001,9,10,0.05681133270263672
QPSK,0.0314,0.1,0.08,48,0.2,0.015,1.0002,90.0,0.005000000000000001,9,10,0.04577946662902832
QPSK,0.0314,0.1,0.08,48,0.45,-0.015,0.9998,80.0,0.010000000000000002,8,10,0.0402684211730957
QPSK,0.0314,0.1,0.08,48,0.45,-0.015,1.0002,90.0,0.005000000000000001,9,10,0.04677748680114746
QPSK,0.0314,0.1,0.08,48,0.45,0.0,0.9998,90.0,0.005000000000000001,9,10,0.04952502250671387
QPSK,0.0314,0.1,0.08,48,0.45,0.0,1.0002,80.0,0.010000000000000002,8,10,0.04658913612365723
QPSK,0.0314,0.1,0.08,48,0.45,0.015,0.9998,90.0,0.005000000000000001,9,10,0.051462650299072266
QPSK,0.0314,0.1,0.08,48,0.45,0.015,1.0002,90.0,0.005000000000000001,9,10,0.04619956016540527
QPSK,0.06,0.03,0.025,16,0.0,-0.015,0.9998,20.0,0.4,2,10,0.056513309478759766
QPSK,0.06,0.03,0.025,16,0.0,-0.015,1.0002,20.0,0.4,2,10,0.042284250259399414
QPSK,0.06,0.03,0.025,16,0.0,0.0,0.9998,20.0,0.4,2,10,0.04163312911987305
QPSK,0.06,0.03,0.025,16,0.0,0.0,1.0002,20.0,0.4,2,10,0.042830467224121094
QPSK,0.06,0.03,0.025,16,0.0,0.015,0.9998,20.0,0.4,2,10,0.04663848876953125
QPSK,0.06,0.03,0.025,16,0.0,0.015,1.0002,20.0,0.4,2,10,0.0408022403717041
QPSK,0.06,0.03,0.025,16,0.2,-0.015,0.9998,0.0,0.05,0,10,0.04832601547241211
QPSK,0.06,0.03,0.025,16,0.2,-0.015,1.0002,10.0,0.045000000000000005,1,10,0.03698992729187012
QPSK,0.06,0.03,0.025,16,0.2,0.0,0.9998,20.0,0.04000000000000001,2,10,0.04816293716430664
QPSK,0.06,0.03,0.025,16,0.2,0.0,1.0002,20.0,0.04000000000000001,2,10,0.06187009811401367
QPSK,0.06,0.03,0.025,16,0.2,0.015,0.9998,20.0,0.04000000000000001,2,10,0.07630085945129395
QPSK,0.06,0.03,0.025,16,0.2,0.015,1.0002,20.0,0.04000000000000001,2,10,0.08225154876708984
QPSK,0.06,0.03,0.025,16,0.45,-0.015,0.9998,0.0,0.05,0,10,0.055033206939697266
QPSK,0.06,0.03,0.025,16,0.45,-0.015,1.0002,0.0,0.05,0,10,0.04017496109008789
QPSK,0.06,0.03,0.025,16,0.45,0.0,0.9998,0.0,0.05,0,10,0.04780244827270508
QPSK,0.06,0.03,0.025,16,0.45,0.0,1.0002,0.0,0.05,0,10,0.035826683044433594
QPSK,0.06,0.03,0.025,16,0.45,0.015,0.9998,0.0,0.05,0,10,0.04462885856628418
QPSK,0.06,0.03,0.025,16,0.45,0.015,1.0002,0.0,0.05,0,10,0.038858890533447266
QPSK,0.06,0.03,0.025,32,0.0,-0.015,0.9998,20.0,0.4,2,10,0.04969453811645508
QPSK,0.06,0.03,0.025,32,0.0,-0.015,1.0002,20.0,0.4,2,10,0.04351687431335449
QPSK,0.06,0.03,0.025,32,0.0,0.0,0.9998,20.0,0.4,2,10,0.04048490524291992
QPSK,0.06,0.03,0.025,32,0.0,0.0,1.0002,20.0,0.4,2,10,0.040801048278808594
QPSK,0.06,0.03,0.025,32,0.0,0.015,0.9998,20.0,0.4,2,10,0.057518720626831055
QPSK,0.06,0.03,0.025,32,0.0,0.015,1.0002,20.0,0.4,2,10,0.04290413856506348
QPSK,0.06,0.03,0.025,32,0.2,-0.015,0.9998,20.0,0.04000000000000001,2,10,0.051151275634765625
QPSK,0.06,0.03,0.025,32,0.2,-0.015,1.0002,20.0,0.04000000000000001,2,10,0.04011368751525879
QPSK,0.06,0.03,0.025,32,0.2,0.0,0.9998,20.0,0.04000000000000001,2,10,0.04680228233337402
QPSK,0.06,0.03,0.025,32,0.2,0.0,1.0002,20.0,0.04000000000000001,2,10,0.04138445854187012
QPSK,0.06,0.03,0.025,32,0.2,0.015,0.9998,20.0,0.04000000000000001,2,10,0.04970860481262207
QPSK,0.06,0.03,0.025,32,0.2,0.015,1.0002,20.0,0.04000000000000001,2,10,0.041094303131103516
QPSK,0.06,0.03,0.025,32,0.45,-0.015,0.9998,0.0,0.05,0,10,0.04243731498718262
QPSK,0.06,0.03,0.025,32,0.45,-0.015,1.0002,0.0,0.05,0,10,0.038484811782836914
QPSK,0.06,0.03,0.025,32,0.45,0.0,0.9998,0.0,0.05,0,10,0.04347109794616699
QPSK,0.06,0.03,0.025,32,0.45,0.0,1.0002,0.0,0.05,0,10,0.03681540489196777
QPSK,0.06,0.03,0.025,32,0.45,0.015,0.9998,0.0,0.05,0,10,0.03944516181945801
QPSK,0.06,0.03,0.025,32,0.45,0.015,1.0002,0.0,0.05,0,10,0.03493237495422363
QPSK,0.06,0.03,0.025,48,0.0,-0.015,0.9998,20.0,0.4,2,10,0.042169809341430664
QPSK,0.06,0.03,0.025,48,0.0,-0.015,1.0002,20.0,0.4,2,10,0.03828263282775879
QPSK,0.06,0.03,0.025,48,0.0,0.0,0.9998,20.0,0.4,2,10,0.042133331298828125
QPSK,0.06,0.03,0.025,48,0.0,0.0,1.0002,20.0,0.4,2,10,0.042739152908325195
QPSK,0.06,0.03,0.025,48,0.0,0.015,0.9998,20.0,0.4,2,10,0.04346966743469238
QPSK,0.06,0.03,0.025,48,0.0,0.015,1.0002,20.0,0.4,2,10,0.04386329650878906
QPSK,0.06,0.03,0.025,48,0.2,-0.015,0.9998,10.0,0.045000000000000005,1,10,0.04270505905151367
QPSK,0.06,0.03,0.025,48,0.2,-0.015,1.0002,10.0,0.045000000000000005,1,10,0.04340219497680664
QPSK,0.06,0.03,0.025,48,0.2,0.0,0.9998,20.0,0.04000000000000001,2,10,0.056476593017578125
QPSK,0.06,0.03,0.025,48,0.2,0.0,1.0002,20.0,0.04000000000000001,2,10,0.03899693489074707
QPSK,0.06,0.03,0.025,48,0.2,0.015,0.9998,20.0,0.04000000000000001,2,10,0.04713106155395508
QPSK,0.06,0.03,0.025,48,0.2,0.015,1.0002,20.0,0.04000000000000001,2,10,0.047049760818481445
QPSK,0.06,0.03,0.025,48,0.45,-0.015,0.9998,0.0,0.05,0,10,0.04563570022583008
QPSK,0.06,0.03,0.025,48,0.45,-0.015,1.0002,0.0,0.05,0,10,0.04482865333557129
QPSK,0.06,0.03,0.025,48,0.45,0.0,0.9998,0.0,0.05,0,10,0.04143691062927246
QPSK,0.06,0.03,0.025,48,0.45,0.0,1.0002,0.0,0.05,0,10,0.033666133880615234
QPSK,0.06,0.03,0.025,48,0.45,0.015,0.9998,0.0,0.05,0,10,0.03467154502868652
QPSK,0.06,0.03,0.025,48,0.45,0.015,1.0002,0.0,0.05,0,10,0.024761199951171875
QPSK,0.06,0.03,0.045,16,0.0,-0.015,0.9998,20.0,0.4,2,10,0.08081245422363281
QPSK,0.06,0.03,0.045,16,0.0,-0.015,1.0002,20.0,0.4,2,10,0.06789612770080566
QPSK,0.06,0.03,0.045,16,0.0,0.0,0.9998,20.0,0.4,2,10,0.047194480895996094
QPSK,0.06,0.03,0.045,16,0.0,0.0,1.0002,20.0,0.4,2,10,0.039251089096069336
QPSK,0.06,0.03,0.045,16,0.0,0.015,0.9998,20.0,0.4,2,10,0.03857278823852539
QPSK,0.06,0.03,0.045,16,0.0,0.015,1.0002,20.0,0.4,2,10,0.04747319221496582
QPSK,0.06,0.03,0.045,16,0.2,-0.015,0.9998,0.0,0.05,0,10,0.03706765174865723
QPSK,0.06,0.03,0.045,16,0.2,-0.015,1.0002,10.0,0.045000000000000005,1,10,0.03997611999511719
QPSK,0.06,0.03,0.045,16,0.2,0.0,0.9998,20.0,0.04000000000000001,2,10,0.04562687873840332
QPSK,0.06,0.03,0.045,16,0.2,0.0,1.0002,20.0,0.04000000000000001,2,10,0.04127025604248047
QPSK,0.06,0.03,0.045,16,0.2,0.015,0.9998,10.0,0.045000000000000005,1,10,0.04320693016052246
QPSK,0.06,0.03,0.045,16,0.2,0.015,1.0002,20.0,0.04000000000000001,2,10,0.039917707443237305
QPSK,0.06,0.03,0.045,16,0.45,-0.015,0.9998,0.0,0.05,0,10,0.041538238525390625
QPSK,0.06,0.03,0.045,16,0.45,-0.015,1.0002,0.0,0.05,0,10,0.04438209533691406
QPSK,0.06,0.03,0.045,16,0.45,0.0,0.9998,0.0,0.05,0,10,0.044019222259521484
QPSK,0.06,0.03,0.045,16,0.45,0.0,1.0002,0.0,0.05,0,10,0.04337048530578613
QPSK,0.06,0.03,0.045,16,0.45,0.015,0.9998,0.0,0.05,0,10,0.08350181579589844
QPSK,0.06,0.03,0.045,16,0.45,0.015,1.0002,0.0,0.05,0,10,0.04397273063659668
QPSK,0.06,0.03,0.045,32,0.0,-0.015,0.9998,20.0,0.4,2,10,0.043476104736328125
QPSK,0.06,0.03,0.045,32,0.0,-0.015,1.0002,20.0,0.4,2,10,0.04752492904663086
QPSK,0.06,0.03,0.045,32,0.0,0.0,0.9998,20.0,0.4,2,10,0.04711508750915527
QPSK,0.06,0.03,0.045,32,0.0,0.0,1.0002,20.0,0.4,2,10,0.04376721382141113
QPSK,0.06,0.03,0.045,32,0.0,0.015,0.9998,20.0,0.4,2,10,0.04447579383850098
QPSK,0.06,0.03,0.045,32,0.0,0.015,1.0002,20.0,0.4,2,10,0.04666852951049805
QPSK,0.06,0.03,0.045,32,0.2,-0.015,0.9998,20.0,0.04000000000000001,2,10,0.050482749938964844
QPSK,0.06,0.03,0.045,32,0.2,-0.015,1.0002,20.0,0.04000000000000001,2,10,0.04556703567504883
QPSK,0.06,0.03,0.045,32,0.2,0.0,0.9998,20.0,0.04000000000000001,2,10,0.04601764678955078
QPSK,0.06,0.03,0.045,32,0.2,0.0,1.0002,20.0,0.04000000000000001,2,10,0.040207624435424805
QPSK,0.06,0.03,0.045,32,0.2,0.015,0.9998,20.0,0.04000000000000001,2,10,0.045722007751464844
QPSK,0.06,0.03,0.045,32,0.2,0.015,1.0002,20.0,0.04000000000000001,2,10,0.04520726203918457
QPSK,0.06,0.03,0.045,32,0.45,-0.015,0.9998,0.0,0.05,0,10,0.04504990577697754
QPSK,0.06,0.03,0.045,32,0.45,-0.015,1.0002,0.0,0.05,0,10,0.04822969436645508
QPSK,0.06,0.03,0.045,32,0.45,0.0,0.9998,0.0,0.05,0,10,0.0451357364654541
QPSK,0.06,0.03,0.045,32,0.45,0.0,1.0002,0.0,0.05,0,10,0.03693675994873047
QPSK,0.06,0.03,0.045,32,0.45,0.015,0.9998,0.0,0.05,0,10,0.04144430160522461
QPSK,0.06,0.03,0.045,32,0.45,0.015,1.0002,0.0,0.05,0,10,0.046393632888793945
QPSK,0.06,0.03,0.045,48,0.0,-0.015,0.9998,20.0,0.4,2,10,0.04832172393798828
QPSK,0.06,0.03,0.045,48,0.0,-0.015,1.0002,20.0,0.4,2,10,0.05326485633850098
QPSK,0.06,0.03,0.045,48,0.0,0.0,0.9998,20.0,0.4,2,10,0.04332232475280762
QPSK,0.06,0.03,0.045,48,0.0,0.0,1.0002,20.0,0.4,2,10,0.05327010154724121
QPSK,0.06,0.03,0.045,48,0.0,0.015,0.9998,20.0,0.4,2,10,0.047204017639160156
QPSK,0.06,0.03,0.045,48,0.0,0.015,1.0002,20.0,0.4,2,10,0.04687356948852539
QPSK,0.06,0.03,0.045,48,0.2,-0.015,0.9998,10.0,0.045000000000000005,1,10,0.04863286018371582
QPSK,0.06,0.03,0.045,48,0.2,-0.015,1.0002,0.0,0.05,0,10,0.04490971565246582
QPSK,0.06,0.03,0.045,48,0.2,0.0,0.9998,20.0,0.04000000000000001,2,10,0.03710150718688965
QPSK,0.06,0.03,0.045,48,0.2,0.0,1.0002,20.0,0.04000000000000001,2,10,0.04824256896972656
QPSK,0.06,0.03,0.045,48,0.2,0.015,0.9998,20.0,0.04000000000000001,2,10,0.039157867431640625
QPSK,0.06,0.03,0.045,48,0.2,0.015,1.0002,20.0,0.04000000000000001,2,10,0.045369863510131836
QPSK,0.06,0.03,0.045,48,0.45,-0.015,0.9998,0.0,0.05,0,10,0.0648338794708252
QPSK,0.06,0.03,0.045,48,0.45,-0.015,1.0002,0.0,0.05,0,10,0.11282038688659668
QPSK,0.06,0.03,0.045,48,0.45,0.0,0.9998,0.0,0.05,0,10,0.04612898826599121
QPSK,0.06,0.03,0.045,48,0.45,0.0,1.0002,10.0,0.045000000000000005,1,10,0.04339289665222168
QPSK,0.06,0.03,0.045,48,0.45,0.015,0.9998,0.0,0.05,0,10,0.040679216384887695
QPSK,0.06,0.03,0.045,48,0.45,0.015,1.0002,0.0,0.05,0,10,0.039726972579956055
QPSK,0.06,0.03,0.08,16,0.0,-0.015,0.9998,20.0,0.4,2,10,0.04005575180053711
QPSK,0.06,0.03,0.08,16,0.0,-0.015,1.0002,20.0,0.4,2,10,0.060262441635131836
QPSK,0.06,0.03,0.08,16,0.0,0.0,0.9998,20.0,0.4,2,10,0.043381452560424805
QPSK,0.06,0.03,0.08,16,0.0,0.0,1.0002,20.0,0.4,2,10,0.04080605506896973
QPSK,0.06,0.03,0.08,16,0.0,0.015,0.9998,20.0,0.4,2,10,0.04174613952636719
QPSK,0.06,0.03,0.08,16,0.0,0.015,1.0002,20.0,0.4,2,10,0.044629573822021484
QPSK,0.06,0.03,0.08,16,0.2,-0.015,0.9998,0.0,0.05,0,10,0.03421187400817871
QPSK,0.06,0.03,0.08,16,0.2,-0.015,1.0002,10.0,0.045000000000000005,1,10,0.04157853126525879
QPSK,0.06,0.03,0.08,16,0.2,0.0,0.9998,20.0,0.04000000000000001,2,10,0.040477752685546875
QPSK,0.06,0.03,0.08,16,0.2,0.0,1.0002,20.0,0.04000000000000001,2,10,0.05166268348693848
QPSK,0.06,0.03,0.08,16,0.2,0.015,0.9998,20.0,0.04000000000000001,2,10,0.0429692268371582
QPSK,0.06,0.03,0.08,16,0.2,0.015,1.0002,20.0,0.04000000000000001,2,10,0.043916940689086914
QPSK,0.06,0.03,0.08,16,0.45,-0.015,0.9998,0.0,0.05,0,10,0.04791259765625
QPSK,0.06,0.03,0.08,16,0.45,-0.015,1.0002,0.0,0.05,0,10,0.043791770935058594
QPSK,0.06,0.03,0.08,16,0.45,0.0,0.9998,0.0,0.05,0,10,0.0476224422454834
QPSK,0.06,0.03,0.08,16,0.45,0.0,1.0002,0.0,0.05,0,10,0.04252481460571289
QPSK,0.06,0.03,0.08,16,0.45,0.015,0.9998,0.0,0.05,0,10,0.03819704055786133
QPSK,0.06,0.03,0.08,16,0.45,0.015,1.0002,0.0,0.05,0,10,0.04929184913635254
QPSK,0.06,0.03,0.08,32,0.0,-0.015,0.9998,20.0,0.4,2,10,0.045916080474853516
QPSK,0.06,0.03,0.08,32,0.0,-0.015,1.0002,20.0,0.4,2,10,0.047232627868652344
QPSK,0.06,0.03,0.08,32,0.0,0.0,0.9998,20.0,0.4,2,10,0.04763484001159668
QPSK,0.06,0.03,0.08,32,0.0,0.0,1.0002,20.0,0.4,2,10,0.043916940689086914
QPSK,0.06,0.03,0.08,32,0.0,0.015,0.9998,20.0,0.4,2,10,0.04237651824951172
QPSK,0.06,0.03,0.08,32,0.0,0.015,1.0002,20.0,0.4,2,10,0.04032564163208008
QPSK,0.06,0.03,0.08,32,0.2,-0.015,0.9998,20.0,0.04000000000000001,2,10,0.0471949577331543
QPSK,0.06,0.03,0.08,32,0.2,-0.015,1.0002,20.0,0.04000000000000001,2,10,0.037160396575927734
QPSK,0.06,0.03,0.08,32,0.2,0.0,0.9998,20.0,0.04000000000000001,2,10,0.04068446159362793
QPSK,0.06,0.03,0.08,32,0.2,0.0,1.0002,20.0,0.04000000000000001,2,10,0.03653526306152344
QPSK,0.06,0.03,0.08,32,0.2,0.015,0.9998,20.0,0.04000000000000001,2,10,0.08039546012878418
QPSK,0.06,0.03,0.08,32,0.2,0.015,1.0002,20.0,0.04000000000000001,2,10,0.039277076721191406
QPSK,0.06,0.03,0.08,32,0.45,-0.015,0.9998,0.0,0.05,0,10,0.03341937065124512
QPSK,0.06,0.03,0.08,32,0.45,-0.015,1.0002,0.0,0.05,0,10,0.037427425384521484
QPSK,0.06,0.03,0.08,32,0.45,0.0,0.9998,0.0,0.05,0,10,0.04261302947998047
QPSK,0.06,0.03,0.08,32,0.45,0.0,1.0002,0.0,0.05,0,10,0.036679744720458984
QPSK,0.06,0.03,0.08,32,0.45,0.015,0.9998,0.0,0.05,0,10,0.03928542137145996
QPSK,0.06,0.03,0.08,32,0.45,0.015,1.0002,0.0,0.05,0,10,0.04173159599304199
QPSK,0.06,0.03,0.08,48,0.0,-0.015,0.9998,20.0,0.4,2,10,0.0360722541809082
QPSK,0.06,0.03,0.08,48,0.0,-0.015,1.0002,20.0,0.4,2,10,0.03466224670410156
QPSK,0.06,0.03,0.08,48,0.0,0.0,0.9998,20.0,0.4,2,10,0.049677133560180664
QPSK,0.06,0.03,0.08,48,0.0,0.0,1.0002,20.0,0.4,2,10,0.04728364944458008
QPSK,0.06,0.03,0.08,48,0.0,0.015,0.9998,20.0,0.4,2,10,0.056999921798706055
QPSK,0.06,0.03,0.08,48,0.0,0.015,1.0002,20.0,0.4,2,10,0.04717063903808594
QPSK,0.06,0.03,0.08,48,0.2,-0.015,0.9998,10.0,0.045000000000000005,1,10,0.04516887664794922
QPSK,0.06,0.03,0.08,48,0.2,-0.015,1.0002,0.0,0.05,0,10,0.04553627967834473
QPSK,0.06,0.03,0.08,48,0.2,0.0,0.9998,20.0,0.04000000000000001,2,10,0.047670841217041016
QPSK,0.06,0.03,0.08,48,0.2,0.0,1.0002,20.0,0.04000000000000001,2,10,0.0419621467590332
QPSK,0.06,0.03,0.08,48,0.2,0.015,0.9998,20.0,0.04000000000000001,2,10,0.05297136306762695
QPSK,0.06,0.03,0.08,48,0.2,0.015,1.0002,20.0,0.04000000000000001,2,10,0.0463254451751709
QPSK,0.06,0.03,0.08,48,0.45,-0.015,0.9998,0.0,0.05,0,10,0.04629325866699219
QPSK,0.06,0.03,0.08,48,0.45,-0.015,1.0002,0.0,0.05,0,10,0.04681706428527832
QPSK,0.06,0.03,0.08,48,0.45,0.0,0.9998,0.0,0.05,0,10,0.051721811294555664
QPSK,0.06,0.03,0.08,48,0.45,0.0,1.0002,0.0,0.05,0,10,0.05519223213195801
QPSK,0.06,0.03,0.08,48,0.45,0.015,0.9998,0.0,0.05,0,10,0.04959559440612793
QPSK,0.06,0.03,0.08,48,0.45,0.015,1.0002,0.0,0.05,0,10,0.04425477981567383
QPSK,0.06,0.0628,0.025,16,0.0,-0.015,0.9998,90.0,0.0,9,10,0.09073805809020996
QPSK,0.06,0.0628,0.025,16,0.0,-0.015,1.0002,90.0,0.0,9,10,0.04804706573486328
QPSK,0.06,0.0628,0.025,16,0.0,0.0,0.9998,90.0,0.0,9,10,0.04160332679748535
QPSK,0.06,0.0628,0.025,16,0.0,0.0,1.0002,90.0,0.0,9,10,0.0462644100189209
QPSK,0.06,0.0628,0.025,16,0.0,0.015,0.9998,90.0,0.0,9,10,0.04592752456665039
QPSK,0.06,0.0628,0.025,16,0.0,0.015,1.0002,90.0,0.0,9,10,0.0401453971862793
QPSK,0.06,0.0628,0.025,16,0.2,-0.015,0.9998,90.0,0.005000000000000001,9,10,0.04470062255859375
QPSK,0.06,0.0628,0.025,16,0.2,-0.015,1.0002,90.0,0.005000000000000001,9,10,0.039037466049194336
QPSK,0.06,0.0628,0.025,16,0.2,0.0,0.9998,90.0,0.005000000000000001,9,10,0.0396730899810791
QPSK,0.06,0.0628,0.025,16,0.2,0.0,1.0002,90.0,0.005000000000000001,9,10,0.04274773597717285
QPSK,0.06,0.0628,0.025,16,0.2,0.015,0.9998,90.0,0.005000000000000001,9,10,0.04936575889587402
QPSK,0.06,0.0628,0.025,16,0.2,0.015,1.0002,90.0,0.005000000000000001,9,10,0.0345151424407959
QPSK,0.06,0.0628,0.025,16,0.45,-0.015,0.9998,0.0,0.05,0,10,0.0386044979095459
QPSK,0.06,0.0628,0.025,16,0.45,-0.015,1.0002,40.0,0.03,4,10,0.04109525680541992
QPSK,0.06,0.0628,0.025,16,0.45,0.0,0.9998,40.0,0.03,4,10,0.04431629180908203
QPSK,0.06,0.0628,0.025,16,0.45,0.0,1.0002,30.0,0.034999999999999996,3,10,0.036763668060302734
QPSK,0.06,0.0628,0.025,16,0.45,0.015,0.9998,50.0,0.025,5,10,0.04519367218017578
QPSK,0.06,0.0628,0.025,16,0.45,0.015,1.0002,0.0,0.05,0,10,0.05046796798706055
QPSK,0.06,0.0628,0.025,32,0.0,-0.015,0.9998,90.0,0.0,9,10,0.04961681365966797
QPSK,0.06,0.0628,0.025,32,0.0,-0.015,1.0002,90.0,0.0,9,10,0.05068206787109375
QPSK,0.06,0.0628,0.025,32,0.0,0.0,0.9998,90.0,0.0,9,10,0.054593563079833984
QPSK,0.06,0.0628,0.025,32,0.0,0.0,1.0002,90.0,0.0,9,10,0.040856122970581055
QPSK,0.06,0.0628,0.025,32,0.0,0.015,0.9998,90.0,0.0,9,10,0.038800954818725586
QPSK,0.06,0.0628,0.025,32,0.0,0.015,1.0002,90.0,0.0,9,10,0.04505276679992676
QPSK,0.06,0.0628,0.025,32,0.2,-0.015,0.9998,90.0,0.005000000000000001,9,10,0.050384521484375
QPSK,0.06,0.0628,0.025,32,0.2,-0.015,1.0002,90.0,0.005000000000000001,9,10,0.047086477279663086
QPSK,0.06,0.0628,0.025,32,0.2,0.0,0.9998,90.0,0.005000000000000001,9,10,0.039060354232788086
QPSK,0.06,0.0628,0.025,32,0.2,0.0,1.0002,90.0,0.005000000000000001,9,10,0.042886972427368164
QPSK,0.06,0.0628,0.025,32,0.2,0.015,0.9998,90.0,0.005000000000000001,9,10,0.03620505332946777
QPSK,0.06,0.0628,0.025,32,0.2,0.015,1.0002,90.0,0.005000000000000001,9,10,0.06993842124938965
QPSK,0.06,0.0628,0.025,32,0.45,-0.015,0.9998,50.0,0.025,5,10,0.07112836837768555
QPSK,0.06,0.0628,0.025,32,0.45,-0.015,1.0002,20.0,0.04000000000000001,2,10,0.047334909439086914
QPSK,0.06,0.0628,0.025,32,0.45,0.0,0.9998,30.0,0.034999999999999996,3,10,0.047605276107788086
QPSK,0.06,0.0628,0.025,32,0.45,0.0,1.0002,40.0,0.03,4,10,0.07094240188598633
QPSK,0.06,0.0628,0.025,32,0.45,0.015,0.9998,20.0,0.04000000000000001,2,10,0.04534149169921875
QPSK,0.06,0.0628,0.025,32,0.45,0.015,1.0002,40.0,0.03,4,10,0.04558372497558594
QPSK,0.06,0.0628,0.025,48,0.0,-0.015,0.9998,90.0,0.0,9,10,0.0590207576751709
QPSK,0.06,0.0628,0.025,48,0.0,-0.015,1.0002,90.0,0.0,9,10,0.041800498962402344
QPSK,0.06,0.0628,0.025,48,0.0,0.0,0.9998,90.0,0.0,9,10,0.04758405685424805
QPSK,0.06,0.0628,0.025,48,0.0,0.0,1.0002,90.0,0.0,9,10,0.0455927848815918
QPSK,0.06,0.0628,0.025,48,0.0,0.015,0.9998,90.0,0.0,9,10,0.04636120796203613
QPSK,0.06,0.0628,0.025,48,0.0,0.015,1.0002,90.0,0.0,9,10,0.04231119155883789
QPSK,0.06,0.0628,0.025,48,0.2,-0.015,0.9998,90.0,0.005000000000000001,9,10,0.03870654106140137
QPSK,0.06,0.0628,0.025,48,0.2,-0.015,1.0002,90.0,0.005000000000000001,9,10,0.04687237739562988
QPSK,0.06,0.0628,0.025,48,0.2,0.0,0.9998,90.0,0.005000000000000001,9,10,0.042937517166137695
QPSK,0.06,0.0628,0.025,48,0.2,0.0,1.0002,90.0,0.005000000000000001,9,10,0.049312591552734375
QPSK,0.06,0.0628,0.025,48,0.2,0.015,0.9998,90.0,0.005000000000000001,9,10,0.049451351165771484
QPSK,0.06,0.0628,0.025,48,0.2,0.015,1.0002,90.0,0.005000000000000001,9,10,0.03656291961669922
QPSK,0.06,0.0628,0.025,48,0.45,-0.015,0.9998,30.0,0.034999999999999996,3,10,0.039116859436035156
QPSK,0.06,0.0628,0.025,48,0.45,-0.015,1.0002,20.0,0.04000000000000001,2,10,0.04783892631530762
QPSK,0.06,0.0628,0.025,48,0.45,0.0,0.9998,30.0,0.034999999999999996,3,10,0.04072833061218262
QPSK,0.06,0.0628,0.025,48,0.45,0.0,1.0002,40.0,0.03,4,10,0.04527640342712402
QPSK,0.06,0.0628,0.025,48,0.45,0.015,0.9998,60.0,0.020000000000000004,6,10,0.0365757942199707
QPSK,0.06,0.0628,0.025,48,0.45,0.015,1.0002,20.0,0.04000000000000001,2,10,0.039266347885131836
QPSK,0.06,0.0628,0.045,16,0.0,-0.015,0.9998,90.0,0.0,9,10,0.04852771759033203
QPSK,0.06,0.0628,0.045,16,0.0,-0.015,1.0002,90.0,0.0,9,10,0.04903721809387207
QPSK,0.06,0.0628,0.045,16,0.0,0.0,0.9998,90.0,0.0,9,10,0.043541908264160156
QPSK,0.06,0.0628,0.045,16,0.0,0.0,1.0002,90.0,0.0,9,10,0.048316240310668945
QPSK,0.06,0.0628,0.045,16,0.0,0.015,0.9998,90.0,0.0,9,10,0.03596067428588867
QPSK,0.06,0.0628,0.045,16,0.0,0.015,1.0002,90.0,0.0,9,10,0.0448765754699707
QPSK,0.06,0.0628,0.045,16,0.2,-0.015,0.9998,90.0,0.005000000000000001,9,10,0.0443575382232666
QPSK,0.06,0.0628,0.045,16,0.2,-0.015,1.0002,90.0,0.005000000000000001,9,10,0.03506827354431152
QPSK,0.06,0.0628,0.045,16,0.2,0.0,0.9998,90.0,0.005000000000000001,9,10,0.04236721992492676
QPSK,0.06,0.0628,0.045,16,0.2,0.0,1.0002,90.0,0.005000000000000001,9,10,0.045400142669677734
QPSK,0.06,0.0628,0.045,16,0.2,0.015,0.9998,90.0,0.005000000000000001,9,10,0.04359555244445801
QPSK,0.06,0.0628,0.045,16,0.2,0.015,1.0002,90.0,0.005000000000000001,9,10,0.04423332214355469
QPSK,0.06,0.0628,0.045,16,0.45,-0.015,0.9998,10.0,0.045000000000000005,1,10,0.06547880172729492
QPSK,0.06,0.0628,0.045,16,0.45,-0.015,1.0002,50.0,0.025,5,10,0.03407001495361328
QPSK,0.06,0.0628,0.045,16,0.45,0.0,0.9998,40.0,0.03,4,10,0.038332462310791016
QPSK,0.06,0.0628,0.045,16,0.45,0.0,1.0002,40.0,0.03,4,10,0.041681528091430664
QPSK,0.06,0.0628,0.045,16,0.45,0.015,0.9998,40.0,0.03,4,10,0.03706645965576172
QPSK,0.06,0.0628,0.045,16,0.45,0.015,1.0002,0.0,0.05,0,10,0.035239219665527344
QPSK,0.06,0.0628,0.045,32,0.0,-0.015,0.9998,90.0,0.0,9,10,0.0345911979675293
QPSK,0.06,0.0628,0.045,32,0.0,-0.015,1.0002,90.0,0.0,9,10,0.024472951889038086
QPSK,0.06,0.0628,0.045,32,0.0,0.0,0.9998,90.0,0.0,9,10,0.02085709571838379
QPSK,0.06,0.0628,0.045,32,0.0,0.0,1.0002,90.0,0.0,9,10,0.020623207092285156
QPSK,0.06,0.0628,0.045,32,0.0,0.015,0.9998,90.0,0.0,9,10,0.04066777229309082
QPSK,0.06,0.0628,0.045,32,0.0,0.015,1.0002,90.0,0.0,9,10,0.04113149642944336
QPSK,0.06,0.0628,0.045,32,0.2,-0.015,0.9998,90.0,0.005000000000000001,9,10,0.043567657470703125
QPSK,0.06,0.0628,0.045,32,0.2,-0.015,1.0002,90.0,0.005000000000000001,9,10,0.05026865005493164
QPSK,0.06,0.0628,0.045,32,0.2,0.0,0.9998,90.0,0.005000000000000001,9,10,0.04906725883483887
QPSK,0.06,0.0628,0.045,32,0.2,0.0,1.0002,90.0,0.005000000000000001,9,10,0.04460859298706055
QPSK,0.06,0.0628,0.045,32,0.2,0.015,0.9998,90.0,0.005000000000000001,9,10,0.04482102394104004
QPSK,0.06,0.0628,0.045,32,0.2,0.015,1.0002,90.0,0.005000000000000001,9,10,0.04860568046569824
QPSK,0.06,0.0628,0.045,32,0.45,-0.015,0.9998,60.0,0.020000000000000004,6,10,0.05255627632141113
QPSK,0.06,0.0628,0.045,32,0.45,-0.015,1.0002,20.0,0.04000000000000001,2,10,0.052805185317993164
QPSK,0.06,0.0628,0.045,32,0.45,0.0,0.9998,30.0,0.034999999999999996,3,10,0.0482478141784668
QPSK,0.06,0.0628,0.045,32,0.45,0.0,1.0002,40.0,0.03,4,10,0.043059349060058594
QPSK,0.06,0.0628,0.045,32,0.45,0.015,0.9998,20.0,0.04000000000000001,2,10,0.044123172760009766
QPSK,0.06,0.0628,0.045,32,0.45,0.015,1.0002,20.0,0.04000000000000001,2,10,0.04387784004211426
QPSK,0.06,0.0628,0.045,48,0.0,-0.015,0.9998,90.0,0.0,9,10,0.04210519790649414
QPSK,0.06,0.0628,0.045,48,0.0,-0.015,1.0002,90.0,0.0,9,10,0.05310940742492676
QPSK,0.06,0.0628,0.045,48,0.0,0.0,0.9998,90.0,0.0,9,10,0.10724449157714844
QPSK,0.06,0.0628,0.045,48,0.0,0.0,1.0002,90.0,0.0,9,10,0.044675350189208984
QPSK,0.06,0.0628,0.045,48,0.0,0.015,0.9998,90.0,0.0,9,10,0.03745770454406738
QPSK,0.06,0.0628,0.045,48,0.0,0.015,1.0002,90.0,0.0,9,10,0.0463411808013916
QPSK,0.06,0.0628,0.045,48,0.2,-0.015,0.9998,90.0,0.005000000000000001,9,10,0.03657197952270508
QPSK,0.06,0.0628,0.045,48,0.2,-0.015,1.0002,90.0,0.005000000000000001,9,10,0.049124956130981445
QPSK,0.06,0.0628,0.045,48,0.2,0.0,0.9998,90.0,0.005000000000000001,9,10,0.05040121078491211
QPSK,0.06,0.0628,0.045,48,0.2,0.0,1.0002,90.0,0.005000000000000001,9,10,0.049593448638916016
QPSK,0.06,0.0628,0.045,48,0.2,0.015,0.9998,90.0,0.005000000000000001,9,10,0.04325675964355469
QPSK,0.06,0.0628,0.045,48,0.2,0.015,1.0002,90.0,0.005000000000000001,9,10,0.0436253547668457
QPSK,0.06,0.0628,0.045,48,0.45,-0.015,0.9998,30.0,0.034999999999999996,3,10,0.04857182502746582
QPSK,0.06,0.0628,0.045,48,0.45,-0.015,1.0002,20.0,0.04000000000000001,2,10,0.04248690605163574
QPSK,0.06,0.0628,0.045,48,0.45,0.0,0.9998,30.0,0.034999999999999996,3,10,0.05620741844177246
QPSK,0.06,0.0628,0.045,48,0.45,0.0,1.0002,40.0,0.03,4,10,0.04669189453125
QPSK,0.06,0.0628,0.045,48,0.45,0.015,0.9998,50.0,0.025,5,10,0.04697990417480469
QPSK,0.06,0.0628,0.045,48,0.45,0.015,1.0002,20.0,0.04000000000000001,2,10,0.04095339775085449
QPSK,0.06,0.0628,0.08,16,0.0,-0.015,0.9998,90.0,0.0,9,10,0.05085039138793945
QPSK,0.06,0.0628,0.08,16,0.0,-0.015,1.0002,90.0,0.0,9,10,0.044869422912597656
QPSK,0.06,0.0628,0.08,16,0.0,0.0,0.9998,90.0,0.0,9,10,0.04314589500427246
QPSK,0.06,0.0628,0.08,16,0.0,0.0,1.0002,90.0,0.0,9,10,0.041368961334228516
QPSK,0.06,0.0628,0.08,16,0.0,0.015,0.9998,90.0,0.0,9,10,0.04839062690734863
QPSK,0.06,0.0628,0.08,16,0.0,0.015,1.0002,90.0,0.0,9,10,0.0441439151763916
QPSK,0.06,0.0628,0.08,16,0.2,-0.015,0.9998,90.0,0.005000000000000001,9,10,0.04593491554260254
QPSK,0.06,0.0628,0.08,16,0.2,-0.015,1.0002,90.0,0.005000000000000001,9,10,0.03874373435974121
QPSK,0.06,0.0628,0.08,16,0.2,0.0,0.9998,90.0,0.005000000000000001,9,10,0.04643845558166504
QPSK,0.06,0.0628,0.08,16,0.2,0.0,1.0002,90.0,0.005000000000000001,9,10,0.05365443229675293
QPSK,0.06,0.0628,0.08,16,0.2,0.015,0.9998,90.0,0.005000000000000001,9,10,0.04887509346008301
QPSK,0.06,0.0628,0.08,16,0.2,0.015,1.0002,90.0,0.005000000000000001,9,10,0.044242143630981445
QPSK,0.06,0.0628,0.08,16,0.45,-0.015,0.9998,10.0,0.045000000000000005,1,10,0.05421614646911621
QPSK,0.06,0.0628,0.08,16,0.45,-0.015,1.0002,40.0,0.03,4,10,0.06613850593566895
QPSK,0.06,0.0628,0.08,16,0.45,0.0,0.9998,40.0,0.03,4,10,0.05633687973022461
QPSK,0.06,0.0628,0.08,16,0.45,0.0,1.0002,30.0,0.034999999999999996,3,10,0.04881000518798828
QPSK,0.06,0.0628,0.08,16,0.45,0.015,0.9998,50.0,0.025,5,10,0.049978017807006836
QPSK,0.06,0.0628,0.08,16,0.45,0.015,1.0002,0.0,0.05,0,10,0.07427501678466797
QPSK,0.06,0.0628,0.08,32,0.0,-0.015,0.9998,90.0,0.0,9,10,0.036980628967285156
QPSK,0.06,0.0628,0.08,32,0.0,-0.015,1.0002,90.0,0.0,9,10,0.03784441947937012
QPSK,0.06,0.0628,0.08,32,0.0,0.0,0.9998,90.0,0.0,9,10,0.04790806770324707
QPSK,0.06,0.0628,0.08,32,0.0,0.0,1.0002,90.0,0.0,9,10,0.04407858848571777
QPSK,0.06,0.0628,0.08,32,0.0,0.015,0.9998,90.0,0.0,9,10,0.04806971549987793
QPSK,0.06,0.0628,0.08,32,0.0,0.015,1.0002,90.0,0.0,9,10,0.0466160774230957
QPSK,0.06,0.0628,0.08,32,0.2,-0.015,0.9998,90.0,0.005000000000000001,9,10,0.037723541259765625
QPSK,0.06,0.0628,0.08,32,0.2,-0.015,1.0002,90.0,0.005000000000000001,9,10,0.04459190368652344
QPSK,0.06,0.0628,0.08,32,0.2,0.0,0.9998,90.0,0.005000000000000001,9,10,0.046608686447143555
QPSK,0.06,0.0628,0.08,32,0.2,0.0,1.0002,90.0,0.005000000000000001,9,10,0.04178476333618164
QPSK,0.06,0.0628,0.08,32,0.2,0.015,0.9998,90.0,0.005000000000000001,9,10,0.04951357841491699
QPSK,0.06,0.0628,0.08,32,0.2,0.015,1.0002,90.0,0.005000000000000001,9,10,0.04447317123413086
QPSK,0.06,0.0628,0.08,32,0.45,-0.015,0.9998,50.0,0.025,5,10,0.04237866401672363
QPSK,0.06,0.0628,0.08,32,0.45,-0.015,1.0002,10.0,0.045000000000000005,1,10,0.05006766319274902
QPSK,0.06,0.0628,0.08,32,0.45,0.0,0.9998,30.0,0.034999999999999996,3,10,0.03699374198913574
QPSK,0.06,0.0628,0.08,32,0.45,0.0,1.0002,40.0,0.03,4,10,0.041301727294921875
QPSK,0.06,0.0628,0.08,32,0.45,0.015,0.9998,20.0,0.04000000000000001,2,10,0.03987288475036621
QPSK,0.06,0.0628,0.08,32,0.45,0.015,1.0002,30.0,0.034999999999999996,3,10,0.03702974319458008
QPSK,0.06,0.0628,0.08,48,0.0,-0.015,0.9998,90.0,0.0,9,10,0.041045427322387695
QPSK,0.06,0.0628,0.08,48,0.0,-0.015,1.0002,90.0,0.0,9,10,0.03957390785217285
QPSK,0.06,0.0628,0.08,48,0.0,0.0,0.9998,90.0,0.0,9,10,0.03495359420776367
QPSK,0.06,0.0628,0.08,48,0.0,0.0,1.0002,90.0,0.0,9,10,0.04305696487426758
QPSK,0.06,0.0628,0.08,48,0.0,0.015,0.9998,90.0,0.0,9,10,0.04073762893676758
QPSK,0.06,0.0628,0.08,48,0.0,0.015,1.0002,90.0,0.0,9,10,0.04324674606323242
QPSK,0.06,0.0628,0.08,48,0.2,-0.015,0.9998,90.0,0.005000000000000001,9,10,0.041013479232788086
QPSK,0.06,0.0628,0.08,48,0.2,-0.015,1.0002,90.0,0.005000000000000001,9,10,0.03817105293273926
QPSK,0.06,0.0628,0.08,48,0.2,0.0,0.9998,90.0,0.005000000000000001,9,10,0.04264330863952637
QPSK,0.06,0.0628,0.08,48,0.2,0.0,1.0002,90.0,0.005000000000000001,9,10,0.044023990631103516
QPSK,0.06,0.0628,0.08,48,0.2,0.015,0.9998,90.0,0.005000000000000001,9,10,0.046330928802490234
QPSK,0.06,0.0628,0.08,48,0.2,0.015,1.0002,90.0,0.005000000000000001,9,10,0.04079604148864746
QPSK,0.06,0.0628,0.08,48,0.45,-0.015,0.9998,30.0,0.034999999999999996,3,10,0.04154086112976074
QPSK,0.06,0.0628,0.08,48,0.45,-0.015,1.0002,40.0,0.03,4,10,0.0417628288269043
QPSK,0.06,0.0628,0.08,48,0.45,0.0,0.9998,30.0,0.034999999999999996,3,10,0.07119560241699219
QPSK,0.06,0.0628,0.08,48,0.45,0.0,1.0002,40.0,0.03,4,10,0.042173147201538086
QPSK,0.06,0.0628,0.08,48,0.45,0.015,0.9998,50.0,0.025,5,10,0.041170597076416016
QPSK,0.06,0.0628,0.08,48,0.45,0.015,1.0002,10.0,0.045000000000000005,1,10,0.04282832145690918
QPSK,0.06,0.1,0.025,16,0.0,-0.015,0.9998,90.0,0.0,9,10,0.037386178970336914
QPSK,0.06,0.1,0.025,16,0.0,-0.015,1.0002,90.0,0.0,9,10,0.029693603515625
QPSK,0.06,0.1,0.025,16,0.0,0.0,0.9998,90.0,0.0,9,10,0.032309770584106445
QPSK,0.06,0.1,0.025,16,0.0,0.0,1.0002,90.0,0.0,9,10,0.024813413619995117
QPSK,0.06,0.1,0.025,16,0.0,0.015,0.9998,90.0,0.0,9,10,0.021250009536743164
QPSK,0.06,0.1,0.025,16,0.0,0.015,1.0002,90.0,0.0,9,10,0.020467758178710938
QPSK,0.06,0.1,0.025,16,0.2,-0.015,0.9998,90.0,0.005000000000000001,9,10,0.04011368751525879
QPSK,0.06,0.1,0.025,16,0.2,-0.015,1.0002,90.0,0.005000000000000001,9,10,0.04510831832885742
QPSK,0.06,0.1,0.025,16,0.2,0.0,0.9998,90.0,0.005000000000000001,9,10,0.05375075340270996
QPSK,0.06,0.1,0.025,16,0.2,0.0,1.0002,90.0,0.005000000000000001,9,10,0.05611705780029297
QPSK,0.06,0.1,0.025,16,0.2,0.015,0.9998,90.0,0.005000000000000001,9,10,0.04048013687133789
QPSK,0.06,0.1,0.025,16,0.2,0.015,1.0002,90.0,0.005000000000000001,9,10,0.054818153381347656
QPSK,0.06,0.1,0.025,16,0.45,-0.015,0.9998,80.0,0.010000000000000002,8,10,0.041893720626831055
QPSK,0.06,0.1,0.025,16,0.45,-0.015,1.0002,70.0,0.015,7,10,0.04320693016052246
QPSK,0.06,0.1,0.025,16,0.45,0.0,0.9998,90.0,0.005000000000000001,9,10,0.04332876205444336
QPSK,0.06,0.1,0.025,16,0.45,0.0,1.0002,90.0,0.005000000000000001,9,10,0.04805326461791992
QPSK,0.06,0.1,0.025,16,0.45,0.015,0.9998,80.0,0.010000000000000002,8,10,0.04264950752258301
QPSK,0.06,0.1,0.025,16,0.45,0.015,1.0002,70.0,0.015,7,10,0.04008650779724121
QPSK,0.06,0.1,0.025,32,0.0,-0.015,0.9998,90.0,0.0,9,10,0.05294990539550781
QPSK,0.06,0.1,0.025,32,0.0,-0.015,1.0002,90.0,0.0,9,10,0.05544853210449219
QPSK,0.06,0.1,0.025,32,0.0,0.0,0.9998,90.0,0.0,9,10,0.042929649353027344
QPSK,0.06,0.1,0.025,32,0.0,0.0,1.0002,90.0,0.0,9,10,0.04196906089782715
QPSK,0.06,0.1,0.025,32,0.0,0.015,0.9998,90.0,0.0,9,10,0.1037895679473877
QPSK,0.06,0.1,0.025,32,0.0,0.015,1.0002,90.0,0.0,9,10,0.05024003982543945
QPSK,0.06,0.1,0.025,32,0.2,-0.015,0.9998,90.0,0.005000000000000001,9,10,0.045771121978759766
QPSK,0.06,0.1,0.025,32,0.2,-0.015,1.0002,90.0,0.005000000000000001,9,10,0.038799285888671875
QPSK,0.06,0.1,0.025,32,0.2,0.0,0.9998,90.0,0.005000000000000001,9,10,0.04441261291503906
QPSK,0.06,0.1,0.025,32,0.2,0.0,1.0002,90.0,0.005000000000000001,9,10,0.03723573684692383
QPSK,0.06,0.1,0.025,32,0.2,0.015,0.9998,90.0,0.005000000000000001,9,10,0.051233768463134766
QPSK,0.06,0.1,0.025,32,0.2,0.015,1.0002,90.0,0.005000000000000001,9,10,0.04540586471557617
QPSK,0.06,0.1,0.025,32,0.45,-0.015,0.9998,80.0,0.010000000000000002,8,10,0.04628443717956543
QPSK,0.06,0.1,0.025,32,0.45,-0.015,1.0002,60.0,0.020000000000000004,6,10,0.047309160232543945
QPSK,0.06,0.1,0.025,32,0.45,0.0,0.9998,60.0,0.020000000000000004,6,10,0.04269528388977051
QPSK,0.06,0.1,0.025,32,0.45,0.0,1.0002,90.0,0.005000000000000001,9,10,0.045354366302490234
QPSK,0.06,0.1,0.025,32,0.45,0.015,0.9998,40.0,0.03,4,10,0.043923377990722656
QPSK,0.06,0.1,0.025,32,0.45,0.015,1.0002,60.0,0.020000000000000004,6,10,0.04403853416442871
QPSK,0.06,0.1,0.025,48,0.0,-0.015,0.9998,90.0,0.0,9,10,0.04228830337524414
QPSK,0.06,0.1,0.025,48,0.0,-0.015,1.0002,90.0,0.0,9,10,0.042775869369506836
QPSK,0.06,0.1,0.025,48,0.0,0.0,0.9998,90.0,0.0,9,10,0.03696870803833008
QPSK,0.06,0.1,0.025,48,0.0,0.0,1.0002,90.0,0.0,9,10,0.043984174728393555
QPSK,0.06,0.1,0.025,48,0.0,0.015,0.9998,90.0,0.0,9,10,0.04068589210510254
QPSK,0.06,0.1,0.025,48,0.0,0.015,1.0002,90.0,0.0,9,10,0.044992685317993164
QPSK,0.06,0.1,0.025,48,0.2,-0.015,0.9998,90.0,0.005000000000000001,9,10,0.04905223846435547
QPSK,0.06,0.1,0.025,48,0.2,-0.015,1.0002,90.0,0.005000000000000001,9,10,0.047196149826049805
QPSK,0.06,0.1,0.025,48,0.2,0.0,0.9998,90.0,0.005000000000000001,9,10,0.05148816108703613
QPSK,0.06,0.1,0.025,48,0.2,0.0,1.0002,90.0,0.005000000000000001,9,10,0.04930233955383301
QPSK,0.06,0.1,0.025,48,0.2,0.015,0.9998,90.0,0.005000000000000001,9,10,0.051563262939453125
QPSK,0.06,0.1,0.025,48,0.2,0.015,1.0002,90.0,0.005000000000000001,9,10,0.05220222473144531
QPSK,0.06,0.1,0.025,48,0.45,-0.015,0.9998,60.0,0.020000000000000004,6,10,0.05308675765991211
QPSK,0.06,0.1,0.025,48,0.45,-0.015,1.0002,60.0,0.020000000000000004,6,10,0.048159122467041016
QPSK,0.06,0.1,0.025,48,0.45,0.0,0.9998,80.0,0.010000000000000002,8,10,0.04549407958984375
QPSK,0.06,0.1,0.025,48,0.45,0.0,1.0002,70.0,0.015,7,10,0.07334661483764648
QPSK,0.06,0.1,0.025,48,0.45,0.015,0.9998,80.0,0.010000000000000002,8,10,0.05326247215270996
QPSK,0.06,0.1,0.025,48,0.45,0.015,1.0002,70.0,0.015,7,10,0.051108360290527344
QPSK,0.06,0.1,0.045,16,0.0,-0.015,0.9998,90.0,0.0,9,10,0.04966855049133301
QPSK,0.06,0.1,0.045,16,0.0,-0.015,1.0002,90.0,0.0,9,10,0.07366943359375
QPSK,0.06,0.1,0.045,16,0.0,0.0,0.9998,90.0,0.0,9,10,0.04302215576171875
QPSK,0.06,0.1,0.045,16,0.0,0.0,1.0002,90.0,0.0,9,10,0.03922128677368164
QPSK,0.06,0.1,0.045,16,0.0,0.015,0.9998,90.0,0.0,9,10,0.0431828498840332
QPSK,0.06,0.1,0.045,16,0.0,0.015,1.0002,90.0,0.0,9,10,0.043053627014160156
QPSK,0.06,0.1,0.045,16,0.2,-0.015,0.9998,90.0,0.005000000000000001,9,10,0.054067134857177734
QPSK,0.06,0.1,0.045,16,0.2,-0.015,1.0002,90.0,0.005000000000000001,9,10,0.044268131256103516
QPSK,0.06,0.1,0.045,16,0.2,0.0,0.9998,90.0,0.005000000000000001,9,10,0.04297661781311035
QPSK,0.06,0.1,0.045,16,0.2,0.0,1.0002,90.0,0.005000000000000001,9,10,0.04436230659484863
QPSK,0.06,0.1,0.045,16,0.2,0.015,0.9998,90.0,0.005000000000000001,9,10,0.03857612609863281
QPSK,0.06,0.1,0.045,16,0.2,0.015,1.0002,90.0,0.005000000000000001,9,10,0.04219865798950195
QPSK,0.06,0.1,0.045,16,0.45,-0.015,0.9998,90.0,0.005000000000000001,9,10,0.05055546760559082
QPSK,0.06,0.1,0.045,16,0.45,-0.015,1.0002,70.0,0.015,7,10,0.04832792282104492
QPSK,0.06,0.1,0.045,16,0.45,0.0,0.9998,90.0,0.005000000000000001,9,10,0.03874993324279785
QPSK,0.06,0.1,0.045,16,0.45,0.0,1.0002,90.0,0.005000000000000001,9,10,0.04651021957397461
QPSK,0.06,0.1,0.045,16,0.45,0.015,0.9998,70.0,0.015,7,10,0.041365861892700195
QPSK,0.06,0.1,0.045,16,0.45,0.015,1.0002,60.0,0.020000000000000004,6,10,0.042115211486816406
QPSK,0.06,0.1,0.045,32,0.0,-0.015,0.9998,90.0,0.0,9,10,0.042705535888671875
QPSK,0.06,0.1,0.045,32,0.0,-0.015,1.0002,90.0,0.0,9,10,0.03960442543029785
QPSK,0.06,0.1,0.045,32,0.0,0.0,0.9998,90.0,0.0,9,10,0.034803152084350586
QPSK,0.06,0.1,0.045,32,0.0,0.0,1.0002,90.0,0.0,9,10,0.04176616668701172
QPSK,0.06,0.1,0.045,32,0.0,0.015,0.9998,90.0,0.0,9,10,0.037566184997558594
QPSK,0.06,0.1,0.045,32,0.0,0.015,1.0002,90.0,0.0,9,10,0.03894376754760742
QPSK,0.06,0.1,0.045,32,0.2,-0.015,0.9998,90.0,0.005000000000000001,9,10,0.038900136947631836
QPSK,0.06,0.1,0.045,32,0.2,-0.015,1.0002,90.0,0.005000000000000001,9,10,0.042670249938964844
QPSK,0.06,0.1,0.045,32,0.2,0.0,0.9998,90.0,0.005000000000000001,9,10,0.040213823318481445
QPSK,0.06,0.1,0.045,32,0.2,0.0,1.0002,90.0,0.005000000000000001,9,10,0.04310178756713867
QPSK,0.06,0.1,0.045,32,0.2,0.015,0.9998,90.0,0.005000000000000001,9,10,0.0364534854888916
QPSK,0.06,0.1,0.045,32,0.2,0.015,1.0002,90.0,0.005000000000000001,9,10,0.04234123229980469
QPSK,0.06,0.1,0.045,32,0.45,-0.015,0.9998,90.0,0.005000000000000001,9,10,0.04809403419494629
QPSK,0.06,0.1,0.045,32,0.45,-0.015,1.0002,70.0,0.015,7,10,0.05029439926147461
QPSK,0.06,0.1,0.045,32,0.45,0.0,0.9998,60.0,0.020000000000000004,6,10,0.04023480415344238
QPSK,0.06,0.1,0.045,32,0.45,0.0,1.0002,90.0,0.005000000000000001,9,10,0.04967856407165527
QPSK,0.06,0.1,0.045,32,0.45,0.015,0.9998,40.0,0.03,4,10,0.07100129127502441
QPSK,0.06,0.1,0.045,32,0.45,0.015,1.0002,60.0,0.020000000000000004,6,10,0.03632545471191406
QPSK,0.06,0.1,0.045,48,0.0,-0.015,0.9998,90.0,0.0,9,10,0.03955674171447754
QPSK,0.06,0.1,0.045,48,0.0,-0.015,1.0002,90.0,0.0,9,10,0.04092597961425781
QPSK,0.06,0.1,0.045,48,0.0,0.0,0.9998,90.0,0.0,9,10,0.03309035301208496
QPSK,0.06,0.1,0.045,48,0.0,0.0,1.0002,90.0,0.0,9,10,0.031818389892578125
QPSK,0.06,0.1,0.045,48,0.0,0.015,0.9998,90.0,0.0,9,10,0.027755022048950195
QPSK,0.06,0.1,0.045,48,0.0,0.015,1.0002,90.0,0.0,9,10,0.02428460121154785
QPSK,0.06,0.1,0.045,48,0.2,-0.015,0.9998,90.0,0.005000000000000001,9,10,0.021954774856567383
QPSK,0.06,0.1,0.045,48,0.2,-0.015,1.0002,90.0,0.005000000000000001,9,10,0.02150106430053711
QPSK,0.06,0.1,0.045,48,0.2,0.0,0.9998,90.0,0.005000000000000001,9,10,0.048949241638183594
QPSK,0.06,0.1,0.045,48,0.2,0.0,1.0002,90.0,0.005000000000000001,9,10,0.05139899253845215
QPSK,0.06,0.1,0.045,48,0.2,0.015,0.9998,90.0,0.005000000000000001,9,10,0.044332027435302734
QPSK,0.06,0.1,0.045,48,0.2,0.015,1.0002,90.0,0.005000000000000001,9,10,0.03747892379760742
QPSK,0.06,0.1,0.045,48,0.45,-0.015,0.9998,70.0,0.015,7,10,0.04551863670349121
QPSK,0.06,0.1,0.045,48,0.45,-0.015,1.0002,60.0,0.020000000000000004,6,10,0.05393624305725098
QPSK,0.06,0.1,0.045,48,0.45,0.0,0.9998,80.0,0.010000000000000002,8,10,0.04478025436401367
QPSK,0.06,0.1,0.045,48,0.45,0.0,1.0002,70.0,0.015,7,10,0.04995846748352051
QPSK,0.06,0.1,0.045,48,0.45,0.015,0.9998,90.0,0.005000000000000001,9,10,0.04152870178222656
QPSK,0.06,0.1,0.045,48,0.45,0.015,1.0002,80.0,0.010000000000000002,8,10,0.04256749153137207
QPSK,0.06,0.1,0.08,16,0.0,-0.015,0.9998,90.0,0.0,9,10,0.040756940841674805
QPSK,0.06,0.1,0.08,16,0.0,-0.015,1.0002,90.0,0.0,9,10,0.045892953872680664
QPSK,0.06,0.1,0.08,16,0.0,0.0,0.9998,90.0,0.0,9,10,0.04483461380004883
QPSK,0.06,0.1,0.08,16,0.0,0.0,1.0002,90.0,0.0,9,10,0.04294562339782715
QPSK,0.06,0.1,0.08,16,0.0,0.015,0.9998,90.0,0.0,9,10,0.04865527153015137
QPSK,0.06,0.1,0.08,16,0.0,0.015,1.0002,90.0,0.0,9,10,0.04774594306945801
QPSK,0.06,0.1,0.08,16,0.2,-0.015,0.9998,90.0,0.005000000000000001,9,10,0.10686993598937988
QPSK,0.06,0.1,0.08,16,0.2,-0.015,1.0002,90.0,0.005000000000000001,9,10,0.043707847595214844
QPSK,0.06,0.1,0.08,16,0.2,0.0,0.9998,90.0,0.005000000000000001,9,10,0.03897452354431152
QPSK,0.06,0.1,0.08,16,0.2,0.0,1.0002,90.0,0.005000000000000001,9,10,0.04725790023803711
QPSK,0.06,0.1,0.08,16,0.2,0.015,0.9998,90.0,0.005000000000000001,9,10,0.04821133613586426
QPSK,0.06,0.1,0.08,16,0.2,0.015,1.0002,90.0,0.005000000000000001,9,10,0.04243206977844238
QPSK,0.06,0.1,0.08,16,0.45,-0.015,0.9998,90.0,0.005000000000000001,9,10,0.03409123420715332
QPSK,0.06,0.1,0.08,16,0.45,-0.015,1.0002,80.0,0.010000000000000002,8,10,0.03661990165710449
QPSK,0.06,0.1,0.08,16,0.45,0.0,0.9998,90.0,0.005000000000000001,9,10,0.04771900177001953
QPSK,0.06,0.1,0.08,16,0.45,0.0,1.0002,90.0,0.005000000000000001,9,10,0.03763175010681152
QPSK,0.06,0.1,0.08,16,0.45,0.015,0.9998,80.0,0.010000000000000002,8,10,0.042716264724731445
QPSK,0.06,0.1,0.08,16,0.45,0.015,1.0002,60.0,0.020000000000000004,6,10,0.04549121856689453
QPSK,0.06,0.1,0.08,32,0.0,-0.015,0.9998,90.0,0.0,9,10,0.04291987419128418
QPSK,0.06,0.1,0.08,32,0.0,-0.015,1.0002,90.0,0.0,9,10,0.0438230037689209
QPSK,0.06,0.1,0.08,32,0.0,0.0,0.9998,90.0,0.0,9,10,0.050299882888793945
QPSK,0.06,0.1,0.08,32,0.0,0.0,1.0002,90.0,0.0,9,10,0.04648184776306152
QPSK,0.06,0.1,0.08,32,0.0,0.015,0.9998,90.0,0.0,9,10,0.042708635330200195
QPSK,0.06,0.1,0.08,32,0.0,0.015,1.0002,90.0,0.0,9,10,0.03976941108703613
QPSK,0.06,0.1,0.08,32,0.2,-0.015,0.9998,90.0,0.005000000000000001,9,10,0.05126214027404785
QPSK,0.06,0.1,0.08,32,0.2,-0.015,1.0002,90.0,0.005000000000000001,9,10,0.04646706581115723
QPSK,0.06,0.1,0.08,32,0.2,0.0,0.9998,90.0,0.005000000000000001,9,10,0.039379119873046875
QPSK,0.06,0.1,0.08,32,0.2,0.0,1.0002,90.0,0.005000000000000001,9,10,0.052958011627197266
QPSK,0.06,0.1,0.08,32,0.2,0.015,0.9998,90.0,0.005000000000000001,9,10,0.0502934455871582
QPSK,0.06,0.1,0.08,32,0.2,0.015,1.0002,90.0,0.005000000000000001,9,10,0.051696062088012695
QPSK,0.06,0.1,0.08,32,0.45,-0.015,0.9998,90.0,0.005000000000000001,9,10,0.04579567909240723
QPSK,0.06,0.1,0.08,32,0.45,-0.015,1.0002,80.0,0.010000000000000002,8,10,0.04512834548950195
QPSK,0.06,0.1,0.08,32,0.45,0.0,0.9998,60.0,0.020000000000000004,6,10,0.046311378479003906
QPSK,0.06,0.1,0.08,32,0.45,0.0,1.0002,80.0,0.010000000000000002,8,10,0.049501657485961914
QPSK,0.06,0.1,0.08,32,0.45,0.015,0.9998,40.0,0.03,4,10,0.05671381950378418
QPSK,0.06,0.1,0.08,32,0.45,0.015,1.0002,50.0,0.025,5,10,0.0529325008392334
QPSK,0.06,0.1,0.08,48,0.0,-0.015,0.9998,90.0,0.0,9,10,0.07027339935302734
QPSK,0.06,0.1,0.08,48,0.0,-0.015,1.0002,90.0,0.0,9,10,0.05082130432128906
QPSK,0.06,0.1,0.08,48,0.0,0.0,0.9998,90.0,0.0,9,10,0.04730701446533203
QPSK,0.06,0.1,0.08,48,0.0,0.0,1.0002,90.0,0.0,9,10,0.07984042167663574
QPSK,0.06,0.1,0.08,48,0.0,0.015,0.9998,90.0,0.0,9,10,0.042466163635253906
QPSK,0.06,0.1,0.08,48,0.0,0.015,1.0002,90.0,0.0,9,10,0.04609966278076172
QPSK,0.06,0.1,0.08,48,0.2,-0.015,0.9998,90.0,0.005000000000000001,9,10,0.04864764213562012
QPSK,0.06,0.1,0.08,48,0.2,-0.015,1.0002,90.0,0.005000000000000001,9,10,0.0439755916595459
QPSK,0.06,0.1,0.08,48,0.2,0.0,0.9998,90.0,0.005000000000000001,9,10,0.04589509963989258
QPSK,0.06,0.1,0.08,48,0.2,0.0,1.0002,90.0,0.005000000000000001,9,10,0.04464387893676758
QPSK,0.06,0.1,0.08,48,0.2,0.015,0.9998,90.0,0.005000000000000001,9,10,0.055387020111083984
QPSK,0.06,0.1,0.08,48,0.2,0.015,1.0002,90.0,0.005000000000000001,9,10,0.04354071617126465
QPSK,0.06,0.1,0.08,48,0.45,-0.015,0.9998,70.0,0.015,7,10,0.049065589904785156
QPSK,0.06,0.1,0.08,48,0.45,-0.015,1.0002,70.0,0.015,7,10,0.04393887519836426
QPSK,0.06,0.1,0.08,48,0.45,0.0,0.9998,80.0,0.010000000000000002,8,10,0.044971466064453125
QPSK,0.06,0.1,0.08,48,0.45,0.0,1.0002,60.0,0.020000000000000004,6,10,0.04723000526428223
QPSK,0.06,0.1,0.08,48,0.45,0.015,0.9998,80.0,0.010000000000000002,8,10,0.05642509460449219
QPSK,0.06,0.1,0.08,48,0.45,0.015,1.0002,70.0,0.015,7,10,0.048422813415527344
